metric,n,f,k_star,best,cost_S1,cost_S3,cost_S2
cpu,10,0.02,1,S3,1924708.0,277204.0,21150000.000000004
cpu,10,0.04,1,S3,1924708.0,277204.0,21150000.000000004
cpu,10,0.06,1,S3,1924708.0,277204.0,21150000.000000004
cpu,10,0.08,1,S3,1924708.0,277204.0,21150000.000000004
cpu,10,0.1,2,S3,1924708.0,554408.0,21150000.000000004
cpu,10,0.12,2,S3,1924708.0,554408.0,21150000.000000004
cpu,10,0.14,2,S3,1924708.0,554408.0,21150000.000000004
cpu,10,0.16,2,S3,1924708.0,554408.0,21150000.000000004
cpu,10,0.18,2,S3,1924708.0,554408.0,21150000.000000004
cpu,10,0.2,3,S3,1924708.0,831612.0,21150000.000000004
cpu,10,0.22,3,S3,1924708.0,831612.0,21150000.000000004
cpu,10,0.24,3,S3,1924708.0,831612.0,21150000.000000004
cpu,10,0.26,3,S3,1924708.0,831612.0,21150000.000000004
cpu,10,0.28,3,S3,1924708.0,831612.0,21150000.000000004
cpu,10,0.3,4,S3,1924708.0,1108816.0,21150000.000000004
cpu,10,0.32,4,S3,1924708.0,1108816.0,21150000.000000004
cpu,10,0.34,4,S3,1924708.0,1108816.0,21150000.000000004
cpu,10,0.36,4,S3,1924708.0,1108816.0,21150000.000000004
cpu,10,0.38,4,S3,1924708.0,1108816.0,21150000.000000004
cpu,10,0.4,5,S3,1924708.0,1386020.0,21150000.000000004
cpu,10,0.42,5,S3,1924708.0,1386020.0,21150000.000000004
cpu,10,0.44,5,S3,1924708.0,1386020.0,21150000.000000004
cpu,10,0.46,5,S3,1924708.0,1386020.0,21150000.000000004
cpu,10,0.48,5,S3,1924708.0,1386020.0,21150000.000000004
cpu,10,0.5,6,S3,1924708.0,1663224.0,21150000.000000004
cpu,10,0.52,6,S3,1924708.0,1663224.0,21150000.000000004
cpu,10,0.54,6,S3,1924708.0,1663224.0,21150000.000000004
cpu,10,0.56,6,S3,1924708.0,1663224.0,21150000.000000004
cpu,10,0.58,6,S3,1924708.0,1663224.0,21150000.000000004
cpu,10,0.6,7,S1,1924708.0,1940428.0,21150000.000000004
cpu,10,0.62,7,S1,1924708.0,1940428.0,21150000.000000004
cpu,10,0.64,7,S1,1924708.0,1940428.0,21150000.000000004
cpu,10,0.66,7,S1,1924708.0,1940428.0,21150000.000000004
cpu,13,0.02,1,S3,2474766.0,277204.0,21150000.000000004
cpu,13,0.04,1,S3,2474766.0,277204.0,21150000.000000004
cpu,13,0.06,1,S3,2474766.0,277204.0,21150000.000000004
cpu,13,0.08,2,S3,2474766.0,554408.0,21150000.000000004
cpu,13,0.1,2,S3,2474766.0,554408.0,21150000.000000004
cpu,13,0.12,2,S3,2474766.0,554408.0,21150000.000000004
cpu,13,0.14,2,S3,2474766.0,554408.0,21150000.000000004
cpu,13,0.16,3,S3,2474766.0,831612.0,21150000.000000004
cpu,13,0.18,3,S3,2474766.0,831612.0,21150000.000000004
cpu,13,0.2,3,S3,2474766.0,831612.0,21150000.000000004
cpu,13,0.22,3,S3,2474766.0,831612.0,21150000.000000004
cpu,13,0.24,4,S3,2474766.0,1108816.0,21150000.000000004
cpu,13,0.26,4,S3,2474766.0,1108816.0,21150000.000000004
cpu,13,0.28,4,S3,2474766.0,1108816.0,21150000.000000004
cpu,13,0.3,4,S3,2474766.0,1108816.0,21150000.000000004
cpu,13,0.32,5,S3,2474766.0,1386020.0,21150000.000000004
cpu,13,0.34,5,S3,2474766.0,1386020.0,21150000.000000004
cpu,13,0.36,5,S3,2474766.0,1386020.0,21150000.000000004
cpu,13,0.38,5,S3,2474766.0,1386020.0,21150000.000000004
cpu,13,0.4,6,S3,2474766.0,1663224.0,21150000.000000004
cpu,13,0.42,6,S3,2474766.0,1663224.0,21150000.000000004
cpu,13,0.44,6,S3,2474766.0,1663224.0,21150000.000000004
cpu,13,0.46,6,S3,2474766.0,1663224.0,21150000.000000004
cpu,13,0.48,7,S3,2474766.0,1940428.0,21150000.000000004
cpu,13,0.5,7,S3,2474766.0,1940428.0,21150000.000000004
cpu,13,0.52,7,S3,2474766.0,1940428.0,21150000.000000004
cpu,13,0.54,8,S3,2474766.0,2217632.0,21150000.000000004
cpu,13,0.56,8,S3,2474766.0,2217632.0,21150000.000000004
cpu,13,0.58,8,S3,2474766.0,2217632.0,21150000.000000004
cpu,13,0.6,8,S3,2474766.0,2217632.0,21150000.000000004
cpu,13,0.62,9,S1,2474766.0,2494836.0,21150000.000000004
cpu,13,0.64,9,S1,2474766.0,2494836.0,21150000.000000004
cpu,13,0.66,9,S1,2474766.0,2494836.0,21150000.000000004
cpu,16,0.02,1,S3,3024824.0,277204.0,21150000.000000004
cpu,16,0.04,1,S3,3024824.0,277204.0,21150000.000000004
cpu,16,0.06,1,S3,3024824.0,277204.0,21150000.000000004
cpu,16,0.08,2,S3,3024824.0,554408.0,21150000.000000004
cpu,16,0.1,2,S3,3024824.0,554408.0,21150000.000000004
cpu,16,0.12,2,S3,3024824.0,554408.0,21150000.000000004
cpu,16,0.14,3,S3,3024824.0,831612.0,21150000.000000004
cpu,16,0.16,3,S3,3024824.0,831612.0,21150000.000000004
cpu,16,0.18,3,S3,3024824.0,831612.0,21150000.000000004
cpu,16,0.2,4,S3,3024824.0,1108816.0,21150000.000000004
cpu,16,0.22,4,S3,3024824.0,1108816.0,21150000.000000004
cpu,16,0.24,4,S3,3024824.0,1108816.0,21150000.000000004
cpu,16,0.26,5,S3,3024824.0,1386020.0,21150000.000000004
cpu,16,0.28,5,S3,3024824.0,1386020.0,21150000.000000004
cpu,16,0.3,5,S3,3024824.0,1386020.0,21150000.000000004
cpu,16,0.32,6,S3,3024824.0,1663224.0,21150000.000000004
cpu,16,0.34,6,S3,3024824.0,1663224.0,21150000.000000004
cpu,16,0.36,6,S3,3024824.0,1663224.0,21150000.000000004
cpu,16,0.38,7,S3,3024824.0,1940428.0,21150000.000000004
cpu,16,0.4,7,S3,3024824.0,1940428.0,21150000.000000004
cpu,16,0.42,7,S3,3024824.0,1940428.0,21150000.000000004
cpu,16,0.44,8,S3,3024824.0,2217632.0,21150000.000000004
cpu,16,0.46,8,S3,3024824.0,2217632.0,21150000.000000004
cpu,16,0.48,8,S3,3024824.0,2217632.0,21150000.000000004
cpu,16,0.5,9,S3,3024824.0,2494836.0,21150000.000000004
cpu,16,0.52,9,S3,3024824.0,2494836.0,21150000.000000004
cpu,16,0.54,9,S3,3024824.0,2494836.0,21150000.000000004
cpu,16,0.56,9,S3,3024824.0,2494836.0,21150000.000000004
cpu,16,0.58,10,S3,3024824.0,2772040.0,21150000.000000004
cpu,16,0.6,10,S3,3024824.0,2772040.0,21150000.000000004
cpu,16,0.62,10,S3,3024824.0,2772040.0,21150000.000000004
cpu,16,0.64,11,S1,3024824.0,3049244.0,21150000.000000004
cpu,16,0.66,11,S1,3024824.0,3049244.0,21150000.000000004
cpu,20,0.02,1,S3,3849356.0,278164.0,21150000.000000004
cpu,20,0.04,1,S3,3849356.0,278164.0,21150000.000000004
cpu,20,0.06,2,S3,3849356.0,556328.0,21150000.000000004
cpu,20,0.08,2,S3,3849356.0,556328.0,21150000.000000004
cpu,20,0.1,3,S3,3849356.0,834492.0,21150000.000000004
cpu,20,0.12,3,S3,3849356.0,834492.0,21150000.000000004
cpu,20,0.14,3,S3,3849356.0,834492.0,21150000.000000004
cpu,20,0.16,4,S3,3849356.0,1112656.0,21150000.000000004
cpu,20,0.18,4,S3,3849356.0,1112656.0,21150000.000000004
cpu,20,0.2,5,S3,3849356.0,1390820.0,21150000.000000004
cpu,20,0.22,5,S3,3849356.0,1390820.0,21150000.000000004
cpu,20,0.24,5,S3,3849356.0,1390820.0,21150000.000000004
cpu,20,0.26,6,S3,3849356.0,1668984.0,21150000.000000004
cpu,20,0.28,6,S3,3849356.0,1668984.0,21150000.000000004
cpu,20,0.3,7,S3,3849356.0,1947148.0,21150000.000000004
cpu,20,0.32,7,S3,3849356.0,1947148.0,21150000.000000004
cpu,20,0.34,7,S3,3849356.0,1947148.0,21150000.000000004
cpu,20,0.36,8,S3,3849356.0,2225312.0,21150000.000000004
cpu,20,0.38,8,S3,3849356.0,2225312.0,21150000.000000004
cpu,20,0.4,9,S3,3849356.0,2503476.0,21150000.000000004
cpu,20,0.42,9,S3,3849356.0,2503476.0,21150000.000000004
cpu,20,0.44,9,S3,3849356.0,2503476.0,21150000.000000004
cpu,20,0.46,10,S3,3849356.0,2781640.0,21150000.000000004
cpu,20,0.48,10,S3,3849356.0,2781640.0,21150000.000000004
cpu,20,0.5,11,S3,3849356.0,3059804.0,21150000.000000004
cpu,20,0.52,11,S3,3849356.0,3059804.0,21150000.000000004
cpu,20,0.54,11,S3,3849356.0,3059804.0,21150000.000000004
cpu,20,0.56,12,S3,3849356.0,3337968.0,21150000.000000004
cpu,20,0.58,12,S3,3849356.0,3337968.0,21150000.000000004
cpu,20,0.6,13,S3,3849356.0,3616132.0,21150000.000000004
cpu,20,0.62,13,S3,3849356.0,3616132.0,21150000.000000004
cpu,20,0.64,13,S3,3849356.0,3616132.0,21150000.000000004
cpu,20,0.66,14,S1,3849356.0,3894296.0,21150000.000000004
cpu,25,0.02,1,S3,4674998.0,278164.0,21150000.000000004
cpu,25,0.04,2,S3,4674998.0,556328.0,21150000.000000004
cpu,25,0.06,2,S3,4674998.0,556328.0,21150000.000000004
cpu,25,0.08,3,S3,4674998.0,834492.0,21150000.000000004
cpu,25,0.1,3,S3,4674998.0,834492.0,21150000.000000004
cpu,25,0.12,4,S3,4674998.0,1112656.0,21150000.000000004
cpu,25,0.14,4,S3,4674998.0,1112656.0,21150000.000000004
cpu,25,0.16,5,S3,4674998.0,1390820.0,21150000.000000004
cpu,25,0.18,5,S3,4674998.0,1390820.0,21150000.000000004
cpu,25,0.2,6,S3,4674998.0,1668984.0,21150000.000000004
cpu,25,0.22,6,S3,4674998.0,1668984.0,21150000.000000004
cpu,25,0.24,7,S3,4674998.0,1947148.0,21150000.000000004
cpu,25,0.26,7,S3,4674998.0,1947148.0,21150000.000000004
cpu,25,0.28,8,S3,4674998.0,2225312.0,21150000.000000004
cpu,25,0.3,8,S3,4674998.0,2225312.0,21150000.000000004
cpu,25,0.32,9,S3,4674998.0,2503476.0,21150000.000000004
cpu,25,0.34,9,S3,4674998.0,2503476.0,21150000.000000004
cpu,25,0.36,10,S3,4674998.0,2781640.0,21150000.000000004
cpu,25,0.38,10,S3,4674998.0,2781640.0,21150000.000000004
cpu,25,0.4,11,S3,4674998.0,3059804.0,21150000.000000004
cpu,25,0.42,11,S3,4674998.0,3059804.0,21150000.000000004
cpu,25,0.44,12,S3,4674998.0,3337968.0,21150000.000000004
cpu,25,0.46,12,S3,4674998.0,3337968.0,21150000.000000004
cpu,25,0.48,13,S3,4674998.0,3616132.0,21150000.000000004
cpu,25,0.5,13,S3,4674998.0,3616132.0,21150000.000000004
cpu,25,0.52,14,S3,4674998.0,3894296.0,21150000.000000004
cpu,25,0.54,14,S3,4674998.0,3894296.0,21150000.000000004
cpu,25,0.56,15,S3,4674998.0,4172460.0,21150000.000000004
cpu,25,0.58,15,S3,4674998.0,4172460.0,21150000.000000004
cpu,25,0.6,16,S3,4674998.0,4450624.0,21150000.000000004
cpu,25,0.62,16,S3,4674998.0,4450624.0,21150000.000000004
cpu,25,0.64,17,S1,4674998.0,4728788.0,21150000.000000004
cpu,25,0.66,17,S1,4674998.0,4728788.0,21150000.000000004
cpu,32,0.02,1,S3,6049588.0,278164.0,21150000.000000004
cpu,32,0.04,2,S3,6049588.0,556328.0,21150000.000000004
cpu,32,0.06,2,S3,6049588.0,556328.0,21150000.000000004
cpu,32,0.08,3,S3,6049588.0,834492.0,21150000.000000004
cpu,32,0.1,4,S3,6049588.0,1112656.0,21150000.000000004
cpu,32,0.12,4,S3,6049588.0,1112656.0,21150000.000000004
cpu,32,0.14,5,S3,6049588.0,1390820.0,21150000.000000004
cpu,32,0.16,6,S3,6049588.0,1668984.0,21150000.000000004
cpu,32,0.18,6,S3,6049588.0,1668984.0,21150000.000000004
cpu,32,0.2,7,S3,6049588.0,1947148.0,21150000.000000004
cpu,32,0.22,8,S3,6049588.0,2225312.0,21150000.000000004
cpu,32,0.24,8,S3,6049588.0,2225312.0,21150000.000000004
cpu,32,0.26,9,S3,6049588.0,2503476.0,21150000.000000004
cpu,32,0.28,9,S3,6049588.0,2503476.0,21150000.000000004
cpu,32,0.3,10,S3,6049588.0,2781640.0,21150000.000000004
cpu,32,0.32,11,S3,6049588.0,3059804.0,21150000.000000004
cpu,32,0.34,11,S3,6049588.0,3059804.0,21150000.000000004
cpu,32,0.36,12,S3,6049588.0,3337968.0,21150000.000000004
cpu,32,0.38,13,S3,6049588.0,3616132.0,21150000.000000004
cpu,32,0.4,13,S3,6049588.0,3616132.0,21150000.000000004
cpu,32,0.42,14,S3,6049588.0,3894296.0,21150000.000000004
cpu,32,0.44,15,S3,6049588.0,4172460.0,21150000.000000004
cpu,32,0.46,15,S3,6049588.0,4172460.0,21150000.000000004
cpu,32,0.48,16,S3,6049588.0,4450624.0,21150000.000000004
cpu,32,0.5,17,S3,6049588.0,4728788.0,21150000.000000004
cpu,32,0.52,17,S3,6049588.0,4728788.0,21150000.000000004
cpu,32,0.54,18,S3,6049588.0,5006952.0,21150000.000000004
cpu,32,0.56,18,S3,6049588.0,5006952.0,21150000.000000004
cpu,32,0.58,19,S3,6049588.0,5285116.0,21150000.000000004
cpu,32,0.6,20,S3,6049588.0,5563280.0,21150000.000000004
cpu,32,0.62,20,S3,6049588.0,5563280.0,21150000.000000004
cpu,32,0.64,21,S3,6049588.0,5841444.0,21150000.000000004
cpu,32,0.66,22,S1,6049588.0,6119608.0,21150000.000000004
cpu,40,0.02,1,S3,7425288.0,279124.0,21150000.000000004
cpu,40,0.04,2,S3,7425288.0,558248.0,21150000.000000004
cpu,40,0.06,3,S3,7425288.0,837372.0,21150000.000000004
cpu,40,0.08,4,S3,7425288.0,1116496.0,21150000.000000004
cpu,40,0.1,5,S3,7425288.0,1395620.0,21150000.000000004
cpu,40,0.12,5,S3,7425288.0,1395620.0,21150000.000000004
cpu,40,0.14,6,S3,7425288.0,1674744.0,21150000.000000004
cpu,40,0.16,7,S3,7425288.0,1953868.0,21150000.000000004
cpu,40,0.18,8,S3,7425288.0,2232992.0,21150000.000000004
cpu,40,0.2,9,S3,7425288.0,2512116.0,21150000.000000004
cpu,40,0.22,9,S3,7425288.0,2512116.0,21150000.000000004
cpu,40,0.24,10,S3,7425288.0,2791240.0,21150000.000000004
cpu,40,0.26,11,S3,7425288.0,3070364.0,21150000.000000004
cpu,40,0.28,12,S3,7425288.0,3349488.0,21150000.000000004
cpu,40,0.3,13,S3,7425288.0,3628612.0,21150000.000000004
cpu,40,0.32,13,S3,7425288.0,3628612.0,21150000.000000004
cpu,40,0.34,14,S3,7425288.0,3907736.0,21150000.000000004
cpu,40,0.36,15,S3,7425288.0,4186860.0,21150000.000000004
cpu,40,0.38,16,S3,7425288.0,4465984.0,21150000.000000004
cpu,40,0.4,17,S3,7425288.0,4745108.0,21150000.000000004
cpu,40,0.42,17,S3,7425288.0,4745108.0,21150000.000000004
cpu,40,0.44,18,S3,7425288.0,5024232.0,21150000.000000004
cpu,40,0.46,19,S3,7425288.0,5303356.0,21150000.000000004
cpu,40,0.48,20,S3,7425288.0,5582480.0,21150000.000000004
cpu,40,0.5,21,S3,7425288.0,5861604.0,21150000.000000004
cpu,40,0.52,21,S3,7425288.0,5861604.0,21150000.000000004
cpu,40,0.54,22,S3,7425288.0,6140728.0,21150000.000000004
cpu,40,0.56,23,S3,7425288.0,6419852.0,21150000.000000004
cpu,40,0.58,24,S3,7425288.0,6698976.0,21150000.000000004
cpu,40,0.6,25,S3,7425288.0,6978100.0,21150000.000000004
cpu,40,0.62,25,S3,7425288.0,6978100.0,21150000.000000004
cpu,40,0.64,26,S3,7425288.0,7257224.0,21150000.000000004
cpu,40,0.66,27,S1,7425288.0,7536348.0,21150000.000000004
cpu,50,0.02,2,S3,9349936.0,558248.0,21150000.000000004
cpu,50,0.04,3,S3,9349936.0,837372.0,21150000.000000004
cpu,50,0.06,4,S3,9349936.0,1116496.0,21150000.000000004
cpu,50,0.08,5,S3,9349936.0,1395620.0,21150000.000000004
cpu,50,0.1,6,S3,9349936.0,1674744.0,21150000.000000004
cpu,50,0.12,7,S3,9349936.0,1953868.0,21150000.000000004
cpu,50,0.14,8,S3,9349936.0,2232992.0,21150000.000000004
cpu,50,0.16,9,S3,9349936.0,2512116.0,21150000.000000004
cpu,50,0.18,10,S3,9349936.0,2791240.0,21150000.000000004
cpu,50,0.2,11,S3,9349936.0,3070364.0,21150000.000000004
cpu,50,0.22,12,S3,9349936.0,3349488.0,21150000.000000004
cpu,50,0.24,13,S3,9349936.0,3628612.0,21150000.000000004
cpu,50,0.26,14,S3,9349936.0,3907736.0,21150000.000000004
cpu,50,0.28,15,S3,9349936.0,4186860.0,21150000.000000004
cpu,50,0.3,16,S3,9349936.0,4465984.0,21150000.000000004
cpu,50,0.32,17,S3,9349936.0,4745108.0,21150000.000000004
cpu,50,0.34,18,S3,9349936.0,5024232.0,21150000.000000004
cpu,50,0.36,19,S3,9349936.0,5303356.0,21150000.000000004
cpu,50,0.38,20,S3,9349936.0,5582480.0,21150000.000000004
cpu,50,0.4,21,S3,9349936.0,5861604.0,21150000.000000004
cpu,50,0.42,22,S3,9349936.0,6140728.0,21150000.000000004
cpu,50,0.44,23,S3,9349936.0,6419852.0,21150000.000000004
cpu,50,0.46,24,S3,9349936.0,6698976.0,21150000.000000004
cpu,50,0.48,25,S3,9349936.0,6978100.0,21150000.000000004
cpu,50,0.5,26,S3,9349936.0,7257224.0,21150000.000000004
cpu,50,0.52,27,S3,9349936.0,7536348.0,21150000.000000004
cpu,50,0.54,28,S3,9349936.0,7815472.0,21150000.000000004
cpu,50,0.56,29,S3,9349936.0,8094596.0,21150000.000000004
cpu,50,0.58,30,S3,9349936.0,8373720.0,21150000.000000004
cpu,50,0.6,31,S3,9349936.0,8652844.0,21150000.000000004
cpu,50,0.62,32,S3,9349936.0,8931968.0,21150000.000000004
cpu,50,0.64,33,S3,9349936.0,9211092.0,21150000.000000004
cpu,50,0.66,34,S1,9349936.0,9490216.0,21150000.000000004
cpu,63,0.02,2,S3,11824642.0,558248.0,21150000.000000004
cpu,63,0.04,3,S3,11824642.0,837372.0,21150000.000000004
cpu,63,0.06,4,S3,11824642.0,1116496.0,21150000.000000004
cpu,63,0.08,6,S3,11824642.0,1674744.0,21150000.000000004
cpu,63,0.1,7,S3,11824642.0,1953868.0,21150000.000000004
cpu,63,0.12,8,S3,11824642.0,2232992.0,21150000.000000004
cpu,63,0.14,9,S3,11824642.0,2512116.0,21150000.000000004
cpu,63,0.16,11,S3,11824642.0,3070364.0,21150000.000000004
cpu,63,0.18,12,S3,11824642.0,3349488.0,21150000.000000004
cpu,63,0.2,13,S3,11824642.0,3628612.0,21150000.000000004
cpu,63,0.22,14,S3,11824642.0,3907736.0,21150000.000000004
cpu,63,0.24,16,S3,11824642.0,4465984.0,21150000.000000004
cpu,63,0.26,17,S3,11824642.0,4745108.0,21150000.000000004
cpu,63,0.28,18,S3,11824642.0,5024232.0,21150000.000000004
cpu,63,0.3,19,S3,11824642.0,5303356.0,21150000.000000004
cpu,63,0.32,21,S3,11824642.0,5861604.0,21150000.000000004
cpu,63,0.34,22,S3,11824642.0,6140728.0,21150000.000000004
cpu,63,0.36,23,S3,11824642.0,6419852.0,21150000.000000004
cpu,63,0.38,24,S3,11824642.0,6698976.0,21150000.000000004
cpu,63,0.4,26,S3,11824642.0,7257224.0,21150000.000000004
cpu,63,0.42,27,S3,11824642.0,7536348.0,21150000.000000004
cpu,63,0.44,28,S3,11824642.0,7815472.0,21150000.000000004
cpu,63,0.46,29,S3,11824642.0,8094596.0,21150000.000000004
cpu,63,0.48,31,S3,11824642.0,8652844.0,21150000.000000004
cpu,63,0.5,32,S3,11824642.0,8931968.0,21150000.000000004
cpu,63,0.52,33,S3,11824642.0,9211092.0,21150000.000000004
cpu,63,0.54,35,S3,11824642.0,9769340.0,21150000.000000004
cpu,63,0.56,36,S3,11824642.0,10048464.0,21150000.000000004
cpu,63,0.58,37,S3,11824642.0,10327588.0,21150000.000000004
cpu,63,0.6,38,S3,11824642.0,10606712.0,21150000.000000004
cpu,63,0.62,40,S3,11824642.0,11164960.0,21150000.000000004
cpu,63,0.64,41,S3,11824642.0,11444084.0,21150000.000000004
cpu,63,0.66,42,S3,11824642.0,11723208.0,21150000.000000004
cpu,79,0.02,2,S3,14576042.0,560168.0,21150000.000000004
cpu,79,0.04,4,S3,14576042.0,1120336.0,21150000.000000004
cpu,79,0.06,5,S3,14576042.0,1400420.0,21150000.000000004
cpu,79,0.08,7,S3,14576042.0,1960588.0,21150000.000000004
cpu,79,0.1,8,S3,14576042.0,2240672.0,21150000.000000004
cpu,79,0.12,10,S3,14576042.0,2800840.0,21150000.000000004
cpu,79,0.14,12,S3,14576042.0,3361008.0,21150000.000000004
cpu,79,0.16,13,S3,14576042.0,3641092.0,21150000.000000004
cpu,79,0.18,15,S3,14576042.0,4201260.0,21150000.000000004
cpu,79,0.2,16,S3,14576042.0,4481344.0,21150000.000000004
cpu,79,0.22,18,S3,14576042.0,5041512.0,21150000.000000004
cpu,79,0.24,19,S3,14576042.0,5321596.0,21150000.000000004
cpu,79,0.26,21,S3,14576042.0,5881764.0,21150000.000000004
cpu,79,0.28,23,S3,14576042.0,6441932.0,21150000.000000004
cpu,79,0.3,24,S3,14576042.0,6722016.0,21150000.000000004
cpu,79,0.32,26,S3,14576042.0,7282184.0,21150000.000000004
cpu,79,0.34,27,S3,14576042.0,7562268.0,21150000.000000004
cpu,79,0.36,29,S3,14576042.0,8122436.0,21150000.000000004
cpu,79,0.38,31,S3,14576042.0,8682604.0,21150000.000000004
cpu,79,0.4,32,S3,14576042.0,8962688.0,21150000.000000004
cpu,79,0.42,34,S3,14576042.0,9522856.0,21150000.000000004
cpu,79,0.44,35,S3,14576042.0,9802940.0,21150000.000000004
cpu,79,0.46,37,S3,14576042.0,10363108.0,21150000.000000004
cpu,79,0.48,38,S3,14576042.0,10643192.0,21150000.000000004
cpu,79,0.5,40,S3,14576042.0,11203360.0,21150000.000000004
cpu,79,0.52,42,S3,14576042.0,11763528.0,21150000.000000004
cpu,79,0.54,43,S3,14576042.0,12043612.0,21150000.000000004
cpu,79,0.56,45,S3,14576042.0,12603780.0,21150000.000000004
cpu,79,0.58,46,S3,14576042.0,12883864.0,21150000.000000004
cpu,79,0.6,48,S3,14576042.0,13444032.0,21150000.000000004
cpu,79,0.62,49,S3,14576042.0,13724116.0,21150000.000000004
cpu,79,0.64,51,S3,14576042.0,14284284.0,21150000.000000004
cpu,79,0.66,53,S1,14576042.0,14844452.0,21150000.000000004
cpu,100,0.02,3,S3,18426448.0,840252.0,21150000.000000004
cpu,100,0.04,5,S3,18426448.0,1400420.0,21150000.000000004
cpu,100,0.06,7,S3,18426448.0,1960588.0,21150000.000000004
cpu,100,0.08,9,S3,18426448.0,2520756.0,21150000.000000004
cpu,100,0.1,11,S3,18426448.0,3080924.0,21150000.000000004
cpu,100,0.12,13,S3,18426448.0,3641092.0,21150000.000000004
cpu,100,0.14,15,S3,18426448.0,4201260.0,21150000.000000004
cpu,100,0.16,17,S3,18426448.0,4761428.0,21150000.000000004
cpu,100,0.18,19,S3,18426448.0,5321596.0,21150000.000000004
cpu,100,0.2,21,S3,18426448.0,5881764.0,21150000.000000004
cpu,100,0.22,23,S3,18426448.0,6441932.0,21150000.000000004
cpu,100,0.24,25,S3,18426448.0,7002100.0,21150000.000000004
cpu,100,0.26,27,S3,18426448.0,7562268.0,21150000.000000004
cpu,100,0.28,29,S3,18426448.0,8122436.0,21150000.000000004
cpu,100,0.3,31,S3,18426448.0,8682604.0,21150000.000000004
cpu,100,0.32,33,S3,18426448.0,9242772.0,21150000.000000004
cpu,100,0.34,35,S3,18426448.0,9802940.0,21150000.000000004
cpu,100,0.36,37,S3,18426448.0,10363108.0,21150000.000000004
cpu,100,0.38,39,S3,18426448.0,10923276.0,21150000.000000004
cpu,100,0.4,41,S3,18426448.0,11483444.0,21150000.000000004
cpu,100,0.42,43,S3,18426448.0,12043612.0,21150000.000000004
cpu,100,0.44,45,S3,18426448.0,12603780.0,21150000.000000004
cpu,100,0.46,47,S3,18426448.0,13163948.0,21150000.000000004
cpu,100,0.48,49,S3,18426448.0,13724116.0,21150000.000000004
cpu,100,0.5,51,S3,18426448.0,14284284.0,21150000.000000004
cpu,100,0.52,53,S3,18426448.0,14844452.0,21150000.000000004
cpu,100,0.54,55,S3,18426448.0,15404620.0,21150000.000000004
cpu,100,0.56,57,S3,18426448.0,15964788.0,21150000.000000004
cpu,100,0.58,59,S3,18426448.0,16524956.0,21150000.000000004
cpu,100,0.6,61,S3,18426448.0,17085124.0,21150000.000000004
cpu,100,0.62,63,S3,18426448.0,17645292.0,21150000.000000004
cpu,100,0.64,65,S3,18426448.0,18205460.0,21150000.000000004
cpu,100,0.66,67,S1,18426448.0,18765628.0,21150000.000000004
cpu,126,0.02,3,S3,23375860.0,840252.0,21150000.000000004
cpu,126,0.04,6,S3,23375860.0,1680504.0,21150000.000000004
cpu,126,0.06,8,S3,23375860.0,2240672.0,21150000.000000004
cpu,126,0.08,11,S3,23375860.0,3080924.0,21150000.000000004
cpu,126,0.1,13,S3,23375860.0,3641092.0,21150000.000000004
cpu,126,0.12,16,S3,23375860.0,4481344.0,21150000.000000004
cpu,126,0.14,18,S3,23375860.0,5041512.0,21150000.000000004
cpu,126,0.16,21,S3,23375860.0,5881764.0,21150000.000000004
cpu,126,0.18,23,S3,23375860.0,6441932.0,21150000.000000004
cpu,126,0.2,26,S3,23375860.0,7282184.0,21150000.000000004
cpu,126,0.22,28,S3,23375860.0,7842352.0,21150000.000000004
cpu,126,0.24,31,S3,23375860.0,8682604.0,21150000.000000004
cpu,126,0.26,33,S3,23375860.0,9242772.0,21150000.000000004
cpu,126,0.28,36,S3,23375860.0,10083024.0,21150000.000000004
cpu,126,0.3,37,S3,23375860.0,10363108.0,21150000.000000004
cpu,126,0.32,40,S3,23375860.0,11203360.0,21150000.000000004
cpu,126,0.34,42,S3,23375860.0,11763528.0,21150000.000000004
cpu,126,0.36,45,S3,23375860.0,12603780.0,21150000.000000004
cpu,126,0.38,47,S3,23375860.0,13163948.0,21150000.000000004
cpu,126,0.4,51,S3,23375860.0,14284284.0,21150000.000000004
cpu,126,0.42,53,S3,23375860.0,14844452.0,21150000.000000004
cpu,126,0.44,56,S3,23375860.0,15684704.0,21150000.000000004
cpu,126,0.46,58,S3,23375860.0,16244872.0,21150000.000000004
cpu,126,0.48,61,S3,23375860.0,17085124.0,21150000.000000004
cpu,126,0.5,64,S3,23375860.0,17925376.0,21150000.000000004
cpu,126,0.52,66,S3,23375860.0,18485544.0,21150000.000000004
cpu,126,0.54,69,S3,23375860.0,19325796.0,21150000.000000004
cpu,126,0.56,71,S3,23375860.0,19885964.0,21150000.000000004
cpu,126,0.58,74,S3,23375860.0,20726216.0,21150000.000000004
cpu,126,0.6,76,S2,23375860.0,21286384.0,21150000.000000004
cpu,126,0.62,79,S2,23375860.0,22126636.0,21150000.000000004
cpu,126,0.64,81,S2,23375860.0,22686804.0,21150000.000000004
cpu,126,0.66,84,S2,23375860.0,23527056.0,21150000.000000004
cpu,158,0.02,4,S3,29152024.0,1124176.0,21150000.000000004
cpu,158,0.04,7,S3,29152024.0,1967308.0,21150000.000000004
cpu,158,0.06,10,S3,29152024.0,2810440.0,21150000.000000004
cpu,158,0.08,13,S3,29152024.0,3653572.0,21150000.000000004
cpu,158,0.1,16,S3,29152024.0,4496704.0,21150000.000000004
cpu,158,0.12,19,S3,29152024.0,5339836.0,21150000.000000004
cpu,158,0.14,23,S3,29152024.0,6464012.0,21150000.000000004
cpu,158,0.16,25,S3,29152024.0,7026100.0,21150000.000000004
cpu,158,0.18,28,S3,29152024.0,7869232.0,21150000.000000004
cpu,158,0.2,30,S3,29152024.0,8431320.0,21150000.000000004
cpu,158,0.22,32,S3,29152024.0,8993408.0,21150000.000000004
cpu,158,0.24,35,S3,29152024.0,9836540.0,21150000.000000004
cpu,158,0.26,38,S3,29152024.0,10679672.0,21150000.000000004
cpu,158,0.28,40,S3,29152024.0,11241760.0,21150000.000000004
cpu,158,0.3,43,S3,29152024.0,12084892.0,21150000.000000004
cpu,158,0.32,46,S3,29152024.0,12928024.0,21150000.000000004
cpu,158,0.34,48,S3,29152024.0,13490112.0,21150000.000000004
cpu,158,0.36,51,S3,29152024.0,14333244.0,21150000.000000004
cpu,158,0.38,56,S3,29152024.0,15738464.0,21150000.000000004
cpu,158,0.4,59,S3,29152024.0,16581596.0,21150000.000000004
cpu,158,0.42,62,S3,29152024.0,17424728.0,21150000.000000004
cpu,158,0.44,66,S3,29152024.0,18548904.0,21150000.000000004
cpu,158,0.46,70,S3,29152024.0,19673080.0,21150000.000000004
cpu,158,0.48,74,S3,29152024.0,20797256.0,21150000.000000004
cpu,158,0.5,79,S2,29152024.0,22202476.0,21150000.000000004
cpu,158,0.52,83,S2,29152024.0,23326652.0,21150000.000000004
cpu,158,0.54,86,S2,29152024.0,24169784.0,21150000.000000004
cpu,158,0.56,89,S2,29152024.0,25012916.0,21150000.000000004
cpu,158,0.58,92,S2,29152024.0,25856048.0,21150000.000000004
cpu,158,0.6,95,S2,29152024.0,26699180.0,21150000.000000004
cpu,158,0.62,98,S2,29152024.0,27542312.0,21150000.000000004
cpu,158,0.64,102,S2,29152024.0,28666488.0,21150000.000000004
cpu,158,0.66,105,S2,29152024.0,29509620.0,21150000.000000004
cpu,200,0.02,5,S3,36852836.0,1405220.0,21150000.000000004
cpu,200,0.04,9,S3,36852836.0,2529396.0,21150000.000000004
cpu,200,0.06,13,S3,36852836.0,3653572.0,21150000.000000004
cpu,200,0.08,17,S3,36852836.0,4777748.0,21150000.000000004
cpu,200,0.1,21,S3,36852836.0,5901924.0,21150000.000000004
cpu,200,0.12,23,S3,36852836.0,6464012.0,21150000.000000004
cpu,200,0.14,26,S3,36852836.0,7307144.0,21150000.000000004
cpu,200,0.16,28,S3,36852836.0,7869232.0,21150000.000000004
cpu,200,0.18,31,S3,36852836.0,8712364.0,21150000.000000004
cpu,200,0.2,33,S3,36852836.0,9274452.0,21150000.000000004
cpu,200,0.22,36,S3,36852836.0,10117584.0,21150000.000000004
cpu,200,0.24,39,S3,36852836.0,10960716.0,21150000.000000004
cpu,200,0.26,42,S3,36852836.0,11803848.0,21150000.000000004
cpu,200,0.28,45,S3,36852836.0,12646980.0,21150000.000000004
cpu,200,0.3,48,S3,36852836.0,13490112.0,21150000.000000004
cpu,200,0.32,51,S3,36852836.0,14333244.0,21150000.000000004
cpu,200,0.34,55,S3,36852836.0,15457420.0,21150000.000000004
cpu,200,0.36,58,S3,36852836.0,16300552.0,21150000.000000004
cpu,200,0.38,62,S3,36852836.0,17424728.0,21150000.000000004
cpu,200,0.4,67,S3,36852836.0,18829948.0,21150000.000000004
cpu,200,0.42,71,S3,36852836.0,19954124.0,21150000.000000004
cpu,200,0.44,76,S2,36852836.0,21359344.0,21150000.000000004
cpu,200,0.46,81,S2,36852836.0,22764564.0,21150000.000000004
cpu,200,0.48,87,S2,36852836.0,24450828.0,21150000.000000004
cpu,200,0.5,93,S2,36852836.0,26137092.0,21150000.000000004
cpu,200,0.52,99,S2,36852836.0,27823356.0,21150000.000000004
cpu,200,0.54,106,S2,36852836.0,29790664.0,21150000.000000004
cpu,200,0.56,112,S2,36852836.0,31476928.0,21150000.000000004
cpu,200,0.58,117,S2,36852836.0,32882148.0,21150000.000000004
cpu,200,0.6,121,S2,36852836.0,34006324.0,21150000.000000004
cpu,200,0.62,125,S2,36852836.0,35130500.0,21150000.000000004
cpu,200,0.64,129,S2,36852836.0,36254676.0,21150000.000000004
cpu,200,0.66,133,S2,36852836.0,37378852.0,21150000.000000004
cpu,251,0.02,6,S3,46203822.0,1686264.0,21150000.000000004
cpu,251,0.04,11,S3,46203822.0,3091484.0,21150000.000000004
cpu,251,0.06,16,S3,46203822.0,4496704.0,21150000.000000004
cpu,251,0.08,20,S3,46203822.0,5620880.0,21150000.000000004
cpu,251,0.1,23,S3,46203822.0,6464012.0,21150000.000000004
cpu,251,0.12,25,S3,46203822.0,7026100.0,21150000.000000004
cpu,251,0.14,28,S3,46203822.0,7869232.0,21150000.000000004
cpu,251,0.16,30,S3,46203822.0,8431320.0,21150000.000000004
cpu,251,0.18,33,S3,46203822.0,9274452.0,21150000.000000004
cpu,251,0.2,36,S3,46203822.0,10117584.0,21150000.000000004
cpu,251,0.22,39,S3,46203822.0,10960716.0,21150000.000000004
cpu,251,0.24,41,S3,46203822.0,11522804.0,21150000.000000004
cpu,251,0.26,45,S3,46203822.0,12646980.0,21150000.000000004
cpu,251,0.28,48,S3,46203822.0,13490112.0,21150000.000000004
cpu,251,0.3,51,S3,46203822.0,14333244.0,21150000.000000004
cpu,251,0.32,55,S3,46203822.0,15457420.0,21150000.000000004
cpu,251,0.34,59,S3,46203822.0,16581596.0,21150000.000000004
cpu,251,0.36,63,S3,46203822.0,17705772.0,21150000.000000004
cpu,251,0.38,68,S3,46203822.0,19110992.0,21150000.000000004
cpu,251,0.4,73,S3,46203822.0,20516212.0,21150000.000000004
cpu,251,0.42,78,S2,46203822.0,21921432.0,21150000.000000004
cpu,251,0.44,84,S2,46203822.0,23607696.0,21150000.000000004
cpu,251,0.46,91,S2,46203822.0,25575004.0,21150000.000000004
cpu,251,0.48,98,S2,46203822.0,27542312.0,21150000.000000004
cpu,251,0.5,105,S2,46203822.0,29509620.0,21150000.000000004
cpu,251,0.52,114,S2,46203822.0,32039016.0,21150000.000000004
cpu,251,0.54,123,S2,46203822.0,34568412.0,21150000.000000004
cpu,251,0.56,132,S2,46203822.0,37097808.0,21150000.000000004
cpu,251,0.58,142,S2,46203822.0,39908248.0,21150000.000000004
cpu,251,0.6,151,S2,46203822.0,42437644.0,21150000.000000004
cpu,251,0.62,156,S2,46203822.0,43842864.0,21150000.000000004
cpu,251,0.64,161,S2,46203822.0,45248084.0,21150000.000000004
cpu,251,0.66,166,S2,46203822.0,46653304.0,21150000.000000004
cpu,316,0.02,7,S3,58030624.0,1974028.0,21150000.000000004
cpu,316,0.04,13,S3,58030624.0,3666052.0,21150000.000000004
cpu,316,0.06,18,S3,58030624.0,5076072.0,21150000.000000004
cpu,316,0.08,21,S3,58030624.0,5922084.0,21150000.000000004
cpu,316,0.1,24,S3,58030624.0,6768096.0,21150000.000000004
cpu,316,0.12,26,S3,58030624.0,7332104.0,21150000.000000004
cpu,316,0.14,29,S3,58030624.0,8178116.0,21150000.000000004
cpu,316,0.16,32,S3,58030624.0,9024128.0,21150000.000000004
cpu,316,0.18,35,S3,58030624.0,9870140.0,21150000.000000004
cpu,316,0.2,38,S3,58030624.0,10716152.0,21150000.000000004
cpu,316,0.22,41,S3,58030624.0,11562164.0,21150000.000000004
cpu,316,0.24,44,S3,58030624.0,12408176.0,21150000.000000004
cpu,316,0.26,47,S3,58030624.0,13254188.0,21150000.000000004
cpu,316,0.28,51,S3,58030624.0,14382204.0,21150000.000000004
cpu,316,0.3,54,S3,58030624.0,15228216.0,21150000.000000004
cpu,316,0.32,59,S3,58030624.0,16638236.0,21150000.000000004
cpu,316,0.34,63,S3,58030624.0,17766252.0,21150000.000000004
cpu,316,0.36,68,S3,58030624.0,19176272.0,21150000.000000004
cpu,316,0.38,73,S3,58030624.0,20586292.0,21150000.000000004
cpu,316,0.4,79,S2,58030624.0,22278316.0,21150000.000000004
cpu,316,0.42,85,S2,58030624.0,23970340.0,21150000.000000004
cpu,316,0.44,93,S2,58030624.0,26226372.0,21150000.000000004
cpu,316,0.46,100,S2,58030624.0,28200400.0,21150000.000000004
cpu,316,0.48,108,S2,58030624.0,30456432.0,21150000.000000004
cpu,316,0.5,119,S2,58030624.0,33558476.0,21150000.000000004
cpu,316,0.52,129,S2,58030624.0,36378516.0,21150000.000000004
cpu,316,0.54,141,S2,58030624.0,39762564.0,21150000.000000004
cpu,316,0.56,153,S2,58030624.0,43146612.0,21150000.000000004
cpu,316,0.58,170,S2,58030624.0,47940680.0,21150000.000000004
cpu,316,0.6,184,S2,58030624.0,51888736.0,21150000.000000004
cpu,316,0.62,196,S2,58030624.0,55272784.0,21150000.000000004
cpu,316,0.64,203,S2,58030624.0,57246812.0,21150000.000000004
cpu,316,0.66,209,S2,58030624.0,58938836.0,21150000.000000004
cpu,398,0.02,8,S3,73156664.0,2256032.0,21150000.000000004
cpu,398,0.04,16,S3,73156664.0,4512064.0,21150000.000000004
cpu,398,0.06,19,S3,73156664.0,5358076.0,21150000.000000004
cpu,398,0.08,22,S3,73156664.0,6204088.0,21150000.000000004
cpu,398,0.1,25,S3,73156664.0,7050100.0,21150000.000000004
cpu,398,0.12,28,S3,73156664.0,7896112.0,21150000.000000004
cpu,398,0.14,30,S3,73156664.0,8460120.0,21150000.000000004
cpu,398,0.16,33,S3,73156664.0,9306132.0,21150000.000000004
cpu,398,0.18,36,S3,73156664.0,10152144.0,21150000.000000004
cpu,398,0.2,39,S3,73156664.0,10998156.0,21150000.000000004
cpu,398,0.22,42,S3,73156664.0,11844168.0,21150000.000000004
cpu,398,0.24,46,S3,73156664.0,12972184.0,21150000.000000004
cpu,398,0.26,49,S3,73156664.0,13818196.0,21150000.000000004
cpu,398,0.28,53,S3,73156664.0,14946212.0,21150000.000000004
cpu,398,0.3,57,S3,73156664.0,16074228.0,21150000.000000004
cpu,398,0.32,62,S3,73156664.0,17484248.0,21150000.000000004
cpu,398,0.34,67,S3,73156664.0,18894268.0,21150000.000000004
cpu,398,0.36,72,S3,73156664.0,20304288.0,21150000.000000004
cpu,398,0.38,78,S2,73156664.0,21996312.0,21150000.000000004
cpu,398,0.4,84,S2,73156664.0,23688336.0,21150000.000000004
cpu,398,0.42,91,S2,73156664.0,25662364.0,21150000.000000004
cpu,398,0.44,99,S2,73156664.0,27918396.0,21150000.000000004
cpu,398,0.46,108,S2,73156664.0,30456432.0,21150000.000000004
cpu,398,0.48,118,S2,73156664.0,33276472.0,21150000.000000004
cpu,398,0.5,130,S2,73156664.0,36660520.0,21150000.000000004
cpu,398,0.52,142,S2,73156664.0,40044568.0,21150000.000000004
cpu,398,0.54,157,S2,73156664.0,44274628.0,21150000.000000004
cpu,398,0.56,175,S2,73156664.0,49350700.0,21150000.000000004
cpu,398,0.58,195,S2,73156664.0,54990780.0,21150000.000000004
cpu,398,0.6,217,S2,73156664.0,61194868.0,21150000.000000004
cpu,398,0.62,240,S2,73156664.0,67680960.0,21150000.000000004
cpu,398,0.64,255,S2,73156664.0,71911020.0,21150000.000000004
cpu,398,0.66,263,S2,73156664.0,74167052.0,21150000.000000004
cpu,501,0.02,11,S3,92133110.0,3102044.0,21150000.000000004
cpu,501,0.04,17,S3,92133110.0,4794068.0,21150000.000000004
cpu,501,0.06,20,S3,92133110.0,5640080.0,21150000.000000004
cpu,501,0.08,23,S3,92133110.0,6486092.0,21150000.000000004
cpu,501,0.1,26,S3,92133110.0,7332104.0,21150000.000000004
cpu,501,0.12,29,S3,92133110.0,8178116.0,21150000.000000004
cpu,501,0.14,32,S3,92133110.0,9024128.0,21150000.000000004
cpu,501,0.16,35,S3,92133110.0,9870140.0,21150000.000000004
cpu,501,0.18,38,S3,92133110.0,10716152.0,21150000.000000004
cpu,501,0.2,41,S3,92133110.0,11562164.0,21150000.000000004
cpu,501,0.22,44,S3,92133110.0,12408176.0,21150000.000000004
cpu,501,0.24,48,S3,92133110.0,13536192.0,21150000.000000004
cpu,501,0.26,51,S3,92133110.0,14382204.0,21150000.000000004
cpu,501,0.28,55,S3,92133110.0,15510220.0,21150000.000000004
cpu,501,0.3,60,S3,92133110.0,16920240.0,21150000.000000004
cpu,501,0.32,64,S3,92133110.0,18048256.0,21150000.000000004
cpu,501,0.34,70,S3,92133110.0,19740280.0,21150000.000000004
cpu,501,0.36,75,S2,92133110.0,21150300.0,21150000.000000004
cpu,501,0.38,81,S2,92133110.0,22842324.0,21150000.000000004
cpu,501,0.4,88,S2,92133110.0,24816352.0,21150000.000000004
cpu,501,0.42,96,S2,92133110.0,27072384.0,21150000.000000004
cpu,501,0.44,105,S2,92133110.0,29610420.0,21150000.000000004
cpu,501,0.46,115,S2,92133110.0,32430460.0,21150000.000000004
cpu,501,0.48,126,S2,92133110.0,35532504.0,21150000.000000004
cpu,501,0.5,139,S2,92133110.0,39198556.0,21150000.000000004
cpu,501,0.52,155,S2,92133110.0,43710620.0,21150000.000000004
cpu,501,0.54,173,S2,92133110.0,48786692.0,21150000.000000004
cpu,501,0.56,195,S2,92133110.0,54990780.0,21150000.000000004
cpu,501,0.58,221,S2,92133110.0,62322884.0,21150000.000000004
cpu,501,0.6,253,S2,92133110.0,71347012.0,21150000.000000004
cpu,501,0.62,288,S2,92133110.0,81217152.0,21150000.000000004
cpu,501,0.64,319,S2,92133110.0,89959276.0,21150000.000000004
cpu,501,0.66,331,S2,92133110.0,93343324.0,21150000.000000004
cpu,631,0.02,13,S3,115786714.0,3678532.0,21150000.000000004
cpu,631,0.04,18,S3,115786714.0,5093352.0,21150000.000000004
cpu,631,0.06,21,S3,115786714.0,5942244.0,21150000.000000004
cpu,631,0.08,24,S3,115786714.0,6791136.0,21150000.000000004
cpu,631,0.1,27,S3,115786714.0,7640028.0,21150000.000000004
cpu,631,0.12,30,S3,115786714.0,8488920.0,21150000.000000004
cpu,631,0.14,33,S3,115786714.0,9337812.0,21150000.000000004
cpu,631,0.16,35,S3,115786714.0,9903740.0,21150000.000000004
cpu,631,0.18,39,S3,115786714.0,11035596.0,21150000.000000004
cpu,631,0.2,42,S3,115786714.0,11884488.0,21150000.000000004
cpu,631,0.22,45,S3,115786714.0,12733380.0,21150000.000000004
cpu,631,0.24,49,S3,115786714.0,13865236.0,21150000.000000004
cpu,631,0.26,53,S3,115786714.0,14997092.0,21150000.000000004
cpu,631,0.28,57,S3,115786714.0,16128948.0,21150000.000000004
cpu,631,0.3,62,S3,115786714.0,17543768.0,21150000.000000004
cpu,631,0.32,66,S3,115786714.0,18675624.0,21150000.000000004
cpu,631,0.34,72,S3,115786714.0,20373408.0,21150000.000000004
cpu,631,0.36,78,S2,115786714.0,22071192.0,21150000.000000004
cpu,631,0.38,85,S2,115786714.0,24051940.0,21150000.000000004
cpu,631,0.4,92,S2,115786714.0,26032688.0,21150000.000000004
cpu,631,0.42,101,S2,115786714.0,28579364.0,21150000.000000004
cpu,631,0.44,110,S2,115786714.0,31126040.0,21150000.000000004
cpu,631,0.46,122,S2,115786714.0,34521608.0,21150000.000000004
cpu,631,0.48,134,S2,115786714.0,37917176.0,21150000.000000004
cpu,631,0.5,149,S2,115786714.0,42161636.0,21150000.000000004
cpu,631,0.52,168,S2,115786714.0,47537952.0,21150000.000000004
cpu,631,0.54,188,S2,115786714.0,53197232.0,21150000.000000004
cpu,631,0.56,216,S2,115786714.0,61120224.0,21150000.000000004
cpu,631,0.58,247,S2,115786714.0,69892108.0,21150000.000000004
cpu,631,0.6,290,S2,115786714.0,82059560.0,21150000.000000004
cpu,631,0.62,342,S2,115786714.0,96773688.0,21150000.000000004
cpu,631,0.64,393,S2,115786714.0,111204852.0,21150000.000000004
cpu,631,0.66,417,S2,115786714.0,117995988.0,21150000.000000004
cpu,794,0.02,14,S3,145764320.0,3961496.0,21150000.000000004
cpu,794,0.04,18,S3,145764320.0,5093352.0,21150000.000000004
cpu,794,0.06,21,S3,145764320.0,5942244.0,21150000.000000004
cpu,794,0.08,24,S3,145764320.0,6791136.0,21150000.000000004
cpu,794,0.1,27,S3,145764320.0,7640028.0,21150000.000000004
cpu,794,0.12,30,S3,145764320.0,8488920.0,21150000.000000004
cpu,794,0.14,33,S3,145764320.0,9337812.0,21150000.000000004
cpu,794,0.16,36,S3,145764320.0,10186704.0,21150000.000000004
cpu,794,0.18,39,S3,145764320.0,11035596.0,21150000.000000004
cpu,794,0.2,43,S3,145764320.0,12167452.0,21150000.000000004
cpu,794,0.22,46,S3,145764320.0,13016344.0,21150000.000000004
cpu,794,0.24,50,S3,145764320.0,14148200.0,21150000.000000004
cpu,794,0.26,54,S3,145764320.0,15280056.0,21150000.000000004
cpu,794,0.28,59,S3,145764320.0,16694876.0,21150000.000000004
cpu,794,0.3,63,S3,145764320.0,17826732.0,21150000.000000004
cpu,794,0.32,69,S3,145764320.0,19524516.0,21150000.000000004
cpu,794,0.34,74,S3,145764320.0,20939336.0,21150000.000000004
cpu,794,0.36,80,S2,145764320.0,22637120.0,21150000.000000004
cpu,794,0.38,87,S2,145764320.0,24617868.0,21150000.000000004
cpu,794,0.4,95,S2,145764320.0,26881580.0,21150000.000000004
cpu,794,0.42,104,S2,145764320.0,29428256.0,21150000.000000004
cpu,794,0.44,115,S2,145764320.0,32540860.0,21150000.000000004
cpu,794,0.46,127,S2,145764320.0,35936428.0,21150000.000000004
cpu,794,0.48,141,S2,145764320.0,39897924.0,21150000.000000004
cpu,794,0.5,157,S2,145764320.0,44425348.0,21150000.000000004
cpu,794,0.52,176,S2,145764320.0,49801664.0,21150000.000000004
cpu,794,0.54,201,S2,145764320.0,56875764.0,21150000.000000004
cpu,794,0.56,231,S2,145764320.0,65364684.0,21150000.000000004
cpu,794,0.58,271,S2,145764320.0,76683244.0,21150000.000000004
cpu,794,0.6,323,S2,145764320.0,91397372.0,21150000.000000004
cpu,794,0.62,393,S2,145764320.0,111204852.0,21150000.000000004
cpu,794,0.64,478,S2,145764320.0,135256792.0,21150000.000000004
cpu,794,0.66,525,S2,145764320.0,148556100.0,21150000.000000004
cpu,1000,0.02,15,S3,183443848.0,4244460.0,21150000.000000004
cpu,1000,0.04,19,S3,183443848.0,5376316.0,21150000.000000004
cpu,1000,0.06,22,S3,183443848.0,6225208.0,21150000.000000004
cpu,1000,0.08,25,S3,183443848.0,7074100.0,21150000.000000004
cpu,1000,0.1,28,S3,183443848.0,7922992.0,21150000.000000004
cpu,1000,0.12,31,S3,183443848.0,8771884.0,21150000.000000004
cpu,1000,0.14,34,S3,183443848.0,9620776.0,21150000.000000004
cpu,1000,0.16,37,S3,183443848.0,10469668.0,21150000.000000004
cpu,1000,0.18,40,S3,183443848.0,11318560.0,21150000.000000004
cpu,1000,0.2,44,S3,183443848.0,12450416.0,21150000.000000004
cpu,1000,0.22,47,S3,183443848.0,13299308.0,21150000.000000004
cpu,1000,0.24,51,S3,183443848.0,14431164.0,21150000.000000004
cpu,1000,0.26,55,S3,183443848.0,15563020.0,21150000.000000004
cpu,1000,0.28,60,S3,183443848.0,16977840.0,21150000.000000004
cpu,1000,0.3,65,S3,183443848.0,18392660.0,21150000.000000004
cpu,1000,0.32,70,S3,183443848.0,19807480.0,21150000.000000004
cpu,1000,0.34,76,S2,183443848.0,21505264.0,21150000.000000004
cpu,1000,0.36,83,S2,183443848.0,23486012.0,21150000.000000004
cpu,1000,0.38,90,S2,183443848.0,25466760.0,21150000.000000004
cpu,1000,0.4,98,S2,183443848.0,27730472.0,21150000.000000004
cpu,1000,0.42,108,S2,183443848.0,30560112.0,21150000.000000004
cpu,1000,0.44,119,S2,183443848.0,33672716.0,21150000.000000004
cpu,1000,0.46,131,S2,183443848.0,37068284.0,21150000.000000004
cpu,1000,0.48,146,S2,183443848.0,41312744.0,21150000.000000004
cpu,1000,0.5,164,S2,183443848.0,46406096.0,21150000.000000004
cpu,1000,0.52,186,S2,183443848.0,52631304.0,21150000.000000004
cpu,1000,0.54,213,S2,183443848.0,60271332.0,21150000.000000004
cpu,1000,0.56,248,S2,183443848.0,70175072.0,21150000.000000004
cpu,1000,0.58,294,S2,183443848.0,83191416.0,21150000.000000004
cpu,1000,0.6,357,S2,183443848.0,101018148.0,21150000.000000004
cpu,1000,0.62,446,S2,183443848.0,126201944.0,21150000.000000004
cpu,1000,0.64,570,S2,183443848.0,161289480.0,21150000.000000004
cpu,1000,0.66,661,S2,183443848.0,187039204.0,21150000.000000004
cpu,1259,0.02,15,S3,231023310.0,4258860.0,21150000.000000004
cpu,1259,0.04,19,S3,231023310.0,5394556.0,21150000.000000004
cpu,1259,0.06,22,S3,231023310.0,6246328.0,21150000.000000004
cpu,1259,0.08,25,S3,231023310.0,7098100.0,21150000.000000004
cpu,1259,0.1,28,S3,231023310.0,7949872.0,21150000.000000004
cpu,1259,0.12,31,S3,231023310.0,8801644.0,21150000.000000004
cpu,1259,0.14,34,S3,231023310.0,9653416.0,21150000.000000004
cpu,1259,0.16,37,S3,231023310.0,10505188.0,21150000.000000004
cpu,1259,0.18,41,S3,231023310.0,11640884.0,21150000.000000004
cpu,1259,0.2,44,S3,231023310.0,12492656.0,21150000.000000004
cpu,1259,0.22,48,S3,231023310.0,13628352.0,21150000.000000004
cpu,1259,0.24,52,S3,231023310.0,14764048.0,21150000.000000004
cpu,1259,0.26,56,S3,231023310.0,15899744.0,21150000.000000004
cpu,1259,0.28,61,S3,231023310.0,17319364.0,21150000.000000004
cpu,1259,0.3,66,S3,231023310.0,18738984.0,21150000.000000004
cpu,1259,0.32,71,S3,231023310.0,20158604.0,21150000.000000004
cpu,1259,0.34,77,S2,231023310.0,21862148.0,21150000.000000004
cpu,1259,0.36,84,S2,231023310.0,23849616.0,21150000.000000004
cpu,1259,0.38,92,S2,231023310.0,26121008.0,21150000.000000004
cpu,1259,0.4,100,S2,231023310.0,28392400.0,21150000.000000004
cpu,1259,0.42,110,S2,231023310.0,31231640.0,21150000.000000004
cpu,1259,0.44,121,S2,231023310.0,34354804.0,21150000.000000004
cpu,1259,0.46,135,S2,231023310.0,38329740.0,21150000.000000004
cpu,1259,0.48,150,S2,231023310.0,42588600.0,21150000.000000004
cpu,1259,0.5,169,S2,231023310.0,47983156.0,21150000.000000004
cpu,1259,0.52,192,S2,231023310.0,54513408.0,21150000.000000004
cpu,1259,0.54,221,S2,231023310.0,62747204.0,21150000.000000004
cpu,1259,0.56,260,S2,231023310.0,73820240.0,21150000.000000004
cpu,1259,0.58,311,S2,231023310.0,88300364.0,21150000.000000004
cpu,1259,0.6,382,S2,231023310.0,108458968.0,21150000.000000004
cpu,1259,0.62,489,S2,231023310.0,138838836.0,21150000.000000004
cpu,1259,0.64,654,S2,231023310.0,185686296.0,21150000.000000004
cpu,1259,0.66,831,S2,231023310.0,235940844.0,21150000.000000004
cpu,1585,0.02,15,S3,290705158.0,4258860.0,21150000.000000004
cpu,1585,0.04,19,S3,290705158.0,5394556.0,21150000.000000004
cpu,1585,0.06,23,S3,290705158.0,6530252.0,21150000.000000004
cpu,1585,0.08,26,S3,290705158.0,7382024.0,21150000.000000004
cpu,1585,0.1,29,S3,290705158.0,8233796.0,21150000.000000004
cpu,1585,0.12,32,S3,290705158.0,9085568.0,21150000.000000004
cpu,1585,0.14,35,S3,290705158.0,9937340.0,21150000.000000004
cpu,1585,0.16,38,S3,290705158.0,10789112.0,21150000.000000004
cpu,1585,0.18,41,S3,290705158.0,11640884.0,21150000.000000004
cpu,1585,0.2,45,S3,290705158.0,12776580.0,21150000.000000004
cpu,1585,0.22,48,S3,290705158.0,13628352.0,21150000.000000004
cpu,1585,0.24,52,S3,290705158.0,14764048.0,21150000.000000004
cpu,1585,0.26,57,S3,290705158.0,16183668.0,21150000.000000004
cpu,1585,0.28,61,S3,290705158.0,17319364.0,21150000.000000004
cpu,1585,0.3,66,S3,290705158.0,18738984.0,21150000.000000004
cpu,1585,0.32,72,S3,290705158.0,20442528.0,21150000.000000004
cpu,1585,0.34,78,S2,290705158.0,22146072.0,21150000.000000004
cpu,1585,0.36,85,S2,290705158.0,24133540.0,21150000.000000004
cpu,1585,0.38,93,S2,290705158.0,26404932.0,21150000.000000004
cpu,1585,0.4,102,S2,290705158.0,28960248.0,21150000.000000004
cpu,1585,0.42,112,S2,290705158.0,31799488.0,21150000.000000004
cpu,1585,0.44,124,S2,290705158.0,35206576.0,21150000.000000004
cpu,1585,0.46,138,S2,290705158.0,39181512.0,21150000.000000004
cpu,1585,0.48,154,S2,290705158.0,43724296.0,21150000.000000004
cpu,1585,0.5,174,S2,290705158.0,49402776.0,21150000.000000004
cpu,1585,0.52,199,S2,290705158.0,56500876.0,21150000.000000004
cpu,1585,0.54,229,S2,290705158.0,65018596.0,21150000.000000004
cpu,1585,0.56,270,S2,290705158.0,76659480.0,21150000.000000004
cpu,1585,0.58,327,S2,290705158.0,92843148.0,21150000.000000004
cpu,1585,0.6,409,S2,290705158.0,116124916.0,21150000.000000004
cpu,1585,0.62,533,S2,290705158.0,151331492.0,21150000.000000004
cpu,1585,0.64,751,S2,290705158.0,213226924.0,21150000.000000004
cpu,1585,0.66,1045,S2,290705158.0,296700580.0,21150000.000000004
cpu,1995,0.02,15,S3,366061994.0,4258860.0,21150000.000000004
cpu,1995,0.04,19,S3,366061994.0,5394556.0,21150000.000000004
cpu,1995,0.06,23,S3,366061994.0,6530252.0,21150000.000000004
cpu,1995,0.08,26,S3,366061994.0,7382024.0,21150000.000000004
cpu,1995,0.1,29,S3,366061994.0,8233796.0,21150000.000000004
cpu,1995,0.12,32,S3,366061994.0,9085568.0,21150000.000000004
cpu,1995,0.14,35,S3,366061994.0,9937340.0,21150000.000000004
cpu,1995,0.16,38,S3,366061994.0,10789112.0,21150000.000000004
cpu,1995,0.18,41,S3,366061994.0,11640884.0,21150000.000000004
cpu,1995,0.2,45,S3,366061994.0,12776580.0,21150000.000000004
cpu,1995,0.22,49,S3,366061994.0,13912276.0,21150000.000000004
cpu,1995,0.24,53,S3,366061994.0,15047972.0,21150000.000000004
cpu,1995,0.26,57,S3,366061994.0,16183668.0,21150000.000000004
cpu,1995,0.28,62,S3,366061994.0,17603288.0,21150000.000000004
cpu,1995,0.3,67,S3,366061994.0,19022908.0,21150000.000000004
cpu,1995,0.32,73,S3,366061994.0,20726452.0,21150000.000000004
cpu,1995,0.34,79,S2,366061994.0,22429996.0,21150000.000000004
cpu,1995,0.36,86,S2,366061994.0,24417464.0,21150000.000000004
cpu,1995,0.38,94,S2,366061994.0,26688856.0,21150000.000000004
cpu,1995,0.4,103,S2,366061994.0,29244172.0,21150000.000000004
cpu,1995,0.42,114,S2,366061994.0,32367336.0,21150000.000000004
cpu,1995,0.44,126,S2,366061994.0,35774424.0,21150000.000000004
cpu,1995,0.46,140,S2,366061994.0,39749360.0,21150000.000000004
cpu,1995,0.48,157,S2,366061994.0,44576068.0,21150000.000000004
cpu,1995,0.5,177,S2,366061994.0,50254548.0,21150000.000000004
cpu,1995,0.52,203,S2,366061994.0,57636572.0,21150000.000000004
cpu,1995,0.54,236,S2,366061994.0,67006064.0,21150000.000000004
cpu,1995,0.56,279,S2,366061994.0,79214796.0,21150000.000000004
cpu,1995,0.58,339,S2,366061994.0,96250236.0,21150000.000000004
cpu,1995,0.6,429,S2,366061994.0,121803396.0,21150000.000000004
cpu,1995,0.62,568,S2,366061994.0,161268832.0,21150000.000000004
cpu,1995,0.64,828,S2,366061994.0,235089072.0,21150000.000000004
cpu,1995,0.66,1291,S2,366061994.0,366545884.0,21150000.000000004
cpu,2512,0.02,16,S3,460673080.0,4558144.0,21150000.000000004
cpu,2512,0.04,20,S3,460673080.0,5697680.0,21150000.000000004
cpu,2512,0.06,23,S3,460673080.0,6552332.0,21150000.000000004
cpu,2512,0.08,26,S3,460673080.0,7406984.0,21150000.000000004
cpu,2512,0.1,29,S3,460673080.0,8261636.0,21150000.000000004
cpu,2512,0.12,32,S3,460673080.0,9116288.0,21150000.000000004
cpu,2512,0.14,35,S3,460673080.0,9970940.0,21150000.000000004
cpu,2512,0.16,38,S3,460673080.0,10825592.0,21150000.000000004
cpu,2512,0.18,42,S3,460673080.0,11965128.0,21150000.000000004
cpu,2512,0.2,45,S3,460673080.0,12819780.0,21150000.000000004
cpu,2512,0.22,49,S3,460673080.0,13959316.0,21150000.000000004
cpu,2512,0.24,53,S3,460673080.0,15098852.0,21150000.000000004
cpu,2512,0.26,58,S3,460673080.0,16523272.0,21150000.000000004
cpu,2512,0.28,62,S3,460673080.0,17662808.0,21150000.000000004
cpu,2512,0.3,68,S3,460673080.0,19372112.0,21150000.000000004
cpu,2512,0.32,73,S3,460673080.0,20796532.0,21150000.000000004
cpu,2512,0.34,80,S2,460673080.0,22790720.0,21150000.000000004
cpu,2512,0.36,87,S2,460673080.0,24784908.0,21150000.000000004
cpu,2512,0.38,95,S2,460673080.0,27063980.0,21150000.000000004
cpu,2512,0.4,104,S2,460673080.0,29627936.0,21150000.000000004
cpu,2512,0.42,115,S2,460673080.0,32761660.0,21150000.000000004
cpu,2512,0.44,127,S2,460673080.0,36180268.0,21150000.000000004
cpu,2512,0.46,142,S2,460673080.0,40453528.0,21150000.000000004
cpu,2512,0.48,159,S2,460673080.0,45296556.0,21150000.000000004
cpu,2512,0.5,181,S2,460673080.0,51564004.0,21150000.000000004
cpu,2512,0.52,207,S2,460673080.0,58970988.0,21150000.000000004
cpu,2512,0.54,241,S2,460673080.0,68657044.0,21150000.000000004
cpu,2512,0.56,287,S2,460673080.0,81761708.0,21150000.000000004
cpu,2512,0.58,350,S2,460673080.0,99709400.0,21150000.000000004
cpu,2512,0.6,447,S2,460673080.0,127343148.0,21150000.000000004
cpu,2512,0.62,606,S2,460673080.0,172639704.0,21150000.000000004
cpu,2512,0.64,916,S2,460673080.0,260953744.0,21150000.000000004
cpu,2512,0.66,1590,S2,460673080.0,452965560.0,21150000.000000004
cpu,3162,0.02,16,S3,580034556.0,4558144.0,21150000.000000004
cpu,3162,0.04,20,S3,580034556.0,5697680.0,21150000.000000004
cpu,3162,0.06,23,S3,580034556.0,6552332.0,21150000.000000004
cpu,3162,0.08,26,S3,580034556.0,7406984.0,21150000.000000004
cpu,3162,0.1,29,S3,580034556.0,8261636.0,21150000.000000004
cpu,3162,0.12,32,S3,580034556.0,9116288.0,21150000.000000004
cpu,3162,0.14,35,S3,580034556.0,9970940.0,21150000.000000004
cpu,3162,0.16,39,S3,580034556.0,11110476.0,21150000.000000004
cpu,3162,0.18,42,S3,580034556.0,11965128.0,21150000.000000004
cpu,3162,0.2,46,S3,580034556.0,13104664.0,21150000.000000004
cpu,3162,0.22,49,S3,580034556.0,13959316.0,21150000.000000004
cpu,3162,0.24,54,S3,580034556.0,15383736.0,21150000.000000004
cpu,3162,0.26,58,S3,580034556.0,16523272.0,21150000.000000004
cpu,3162,0.28,63,S3,580034556.0,17947692.0,21150000.000000004
cpu,3162,0.3,68,S3,580034556.0,19372112.0,21150000.000000004
cpu,3162,0.32,74,S3,580034556.0,21081416.0,21150000.000000004
cpu,3162,0.34,81,S2,580034556.0,23075604.0,21150000.000000004
cpu,3162,0.36,88,S2,580034556.0,25069792.0,21150000.000000004
cpu,3162,0.38,96,S2,580034556.0,27348864.0,21150000.000000004
cpu,3162,0.4,105,S2,580034556.0,29912820.0,21150000.000000004
cpu,3162,0.42,116,S2,580034556.0,33046544.0,21150000.000000004
cpu,3162,0.44,129,S2,580034556.0,36750036.0,21150000.000000004
cpu,3162,0.46,143,S2,580034556.0,40738412.0,21150000.000000004
cpu,3162,0.48,161,S2,580034556.0,45866324.0,21150000.000000004
cpu,3162,0.5,183,S2,580034556.0,52133772.0,21150000.000000004
cpu,3162,0.52,210,S2,580034556.0,59825640.0,21150000.000000004
cpu,3162,0.54,245,S2,580034556.0,69796580.0,21150000.000000004
cpu,3162,0.56,292,S2,580034556.0,83186128.0,21150000.000000004
cpu,3162,0.58,359,S2,580034556.0,102273356.0,21150000.000000004
cpu,3162,0.6,461,S2,580034556.0,131331524.0,21150000.000000004
cpu,3162,0.62,633,S2,580034556.0,180331572.0,21150000.000000004
cpu,3162,0.64,982,S2,580034556.0,279756088.0,21150000.000000004
cpu,3162,0.66,1910,S2,580034556.0,544128440.0,21150000.000000004
cpu,3981,0.02,16,S3,730200390.0,4558144.0,21150000.000000004
cpu,3981,0.04,20,S3,730200390.0,5697680.0,21150000.000000004
cpu,3981,0.06,23,S3,730200390.0,6552332.0,21150000.000000004
cpu,3981,0.08,26,S3,730200390.0,7406984.0,21150000.000000004
cpu,3981,0.1,29,S3,730200390.0,8261636.0,21150000.000000004
cpu,3981,0.12,32,S3,730200390.0,9116288.0,21150000.000000004
cpu,3981,0.14,35,S3,730200390.0,9970940.0,21150000.000000004
cpu,3981,0.16,39,S3,730200390.0,11110476.0,21150000.000000004
cpu,3981,0.18,42,S3,730200390.0,11965128.0,21150000.000000004
cpu,3981,0.2,46,S3,730200390.0,13104664.0,21150000.000000004
cpu,3981,0.22,50,S3,730200390.0,14244200.0,21150000.000000004
cpu,3981,0.24,54,S3,730200390.0,15383736.0,21150000.000000004
cpu,3981,0.26,58,S3,730200390.0,16523272.0,21150000.000000004
cpu,3981,0.28,63,S3,730200390.0,17947692.0,21150000.000000004
cpu,3981,0.3,69,S3,730200390.0,19656996.0,21150000.000000004
cpu,3981,0.32,74,S3,730200390.0,21081416.0,21150000.000000004
cpu,3981,0.34,81,S2,730200390.0,23075604.0,21150000.000000004
cpu,3981,0.36,88,S2,730200390.0,25069792.0,21150000.000000004
cpu,3981,0.38,97,S2,730200390.0,27633748.0,21150000.000000004
cpu,3981,0.4,106,S2,730200390.0,30197704.0,21150000.000000004
cpu,3981,0.42,117,S2,730200390.0,33331428.0,21150000.000000004
cpu,3981,0.44,130,S2,730200390.0,37034920.0,21150000.000000004
cpu,3981,0.46,145,S2,730200390.0,41308180.0,21150000.000000004
cpu,3981,0.48,163,S2,730200390.0,46436092.0,21150000.000000004
cpu,3981,0.5,185,S2,730200390.0,52703540.0,21150000.000000004
cpu,3981,0.52,213,S2,730200390.0,60680292.0,21150000.000000004
cpu,3981,0.54,249,S2,730200390.0,70936116.0,21150000.000000004
cpu,3981,0.56,298,S2,730200390.0,84895432.0,21150000.000000004
cpu,3981,0.58,366,S2,730200390.0,104267544.0,21150000.000000004
cpu,3981,0.6,473,S2,730200390.0,134750132.0,21150000.000000004
cpu,3981,0.62,658,S2,730200390.0,187453672.0,21150000.000000004
cpu,3981,0.64,1045,S2,730200390.0,297703780.0,21150000.000000004
cpu,3981,0.66,2277,S2,730200390.0,648680868.0,21150000.000000004
cpu,5012,0.02,16,S3,919145868.0,4573504.0,21150000.000000004
cpu,5012,0.04,20,S3,919145868.0,5716880.0,21150000.000000004
cpu,5012,0.06,23,S3,919145868.0,6574412.0,21150000.000000004
cpu,5012,0.08,26,S3,919145868.0,7431944.0,21150000.000000004
cpu,5012,0.1,29,S3,919145868.0,8289476.0,21150000.000000004
cpu,5012,0.12,32,S3,919145868.0,9147008.0,21150000.000000004
cpu,5012,0.14,36,S3,919145868.0,10290384.0,21150000.000000004
cpu,5012,0.16,39,S3,919145868.0,11147916.0,21150000.000000004
cpu,5012,0.18,42,S3,919145868.0,12005448.0,21150000.000000004
cpu,5012,0.2,46,S3,919145868.0,13148824.0,21150000.000000004
cpu,5012,0.22,50,S3,919145868.0,14292200.0,21150000.000000004
cpu,5012,0.24,54,S3,919145868.0,15435576.0,21150000.000000004
cpu,5012,0.26,59,S3,919145868.0,16864796.0,21150000.000000004
cpu,5012,0.28,63,S3,919145868.0,18008172.0,21150000.000000004
cpu,5012,0.3,69,S3,919145868.0,19723236.0,21150000.000000004
cpu,5012,0.32,75,S2,919145868.0,21438300.0,21150000.000000004
cpu,5012,0.34,81,S2,919145868.0,23153364.0,21150000.000000004
cpu,5012,0.36,89,S2,919145868.0,25440116.0,21150000.000000004
cpu,5012,0.38,97,S2,919145868.0,27726868.0,21150000.000000004
cpu,5012,0.4,107,S2,919145868.0,30585308.0,21150000.000000004
cpu,5012,0.42,118,S2,919145868.0,33729592.0,21150000.000000004
cpu,5012,0.44,131,S2,919145868.0,37445564.0,21150000.000000004
cpu,5012,0.46,146,S2,919145868.0,41733224.0,21150000.000000004
cpu,5012,0.48,164,S2,919145868.0,46878416.0,21150000.000000004
cpu,5012,0.5,187,S2,919145868.0,53452828.0,21150000.000000004
cpu,5012,0.52,215,S2,919145868.0,61456460.0,21150000.000000004
cpu,5012,0.54,252,S2,919145868.0,72032688.0,21150000.000000004
cpu,5012,0.56,302,S2,919145868.0,86324888.0,21150000.000000004
cpu,5012,0.58,373,S2,919145868.0,106619812.0,21150000.000000004
cpu,5012,0.6,484,S2,919145868.0,138348496.0,21150000.000000004
cpu,5012,0.62,678,S2,919145868.0,193802232.0,21150000.000000004
cpu,5012,0.64,1103,S2,919145868.0,315285932.0,21150000.000000004
cpu,5012,0.66,2644,S2,919145868.0,755771536.0,21150000.000000004
cpu,6310,0.02,16,S3,1157046508.0,4573504.0,21150000.000000004
cpu,6310,0.04,20,S3,1157046508.0,5716880.0,21150000.000000004
cpu,6310,0.06,23,S3,1157046508.0,6574412.0,21150000.000000004
cpu,6310,0.08,26,S3,1157046508.0,7431944.0,21150000.000000004
cpu,6310,0.1,29,S3,1157046508.0,8289476.0,21150000.000000004
cpu,6310,0.12,33,S3,1157046508.0,9432852.0,21150000.000000004
cpu,6310,0.14,36,S3,1157046508.0,10290384.0,21150000.000000004
cpu,6310,0.16,39,S3,1157046508.0,11147916.0,21150000.000000004
cpu,6310,0.18,42,S3,1157046508.0,12005448.0,21150000.000000004
cpu,6310,0.2,46,S3,1157046508.0,13148824.0,21150000.000000004
cpu,6310,0.22,50,S3,1157046508.0,14292200.0,21150000.000000004
cpu,6310,0.24,54,S3,1157046508.0,15435576.0,21150000.000000004
cpu,6310,0.26,59,S3,1157046508.0,16864796.0,21150000.000000004
cpu,6310,0.28,64,S3,1157046508.0,18294016.0,21150000.000000004
cpu,6310,0.3,69,S3,1157046508.0,19723236.0,21150000.000000004
cpu,6310,0.32,75,S2,1157046508.0,21438300.0,21150000.000000004
cpu,6310,0.34,82,S2,1157046508.0,23439208.0,21150000.000000004
cpu,6310,0.36,89,S2,1157046508.0,25440116.0,21150000.000000004
cpu,6310,0.38,98,S2,1157046508.0,28012712.0,21150000.000000004
cpu,6310,0.4,107,S2,1157046508.0,30585308.0,21150000.000000004
cpu,6310,0.42,118,S2,1157046508.0,33729592.0,21150000.000000004
cpu,6310,0.44,131,S2,1157046508.0,37445564.0,21150000.000000004
cpu,6310,0.46,147,S2,1157046508.0,42019068.0,21150000.000000004
cpu,6310,0.48,165,S2,1157046508.0,47164260.0,21150000.000000004
cpu,6310,0.5,188,S2,1157046508.0,53738672.0,21150000.000000004
cpu,6310,0.52,217,S2,1157046508.0,62028148.0,21150000.000000004
cpu,6310,0.54,255,S2,1157046508.0,72890220.0,21150000.000000004
cpu,6310,0.56,305,S2,1157046508.0,87182420.0,21150000.000000004
cpu,6310,0.58,378,S2,1157046508.0,108049032.0,21150000.000000004
cpu,6310,0.6,493,S2,1157046508.0,140921092.0,21150000.000000004
cpu,6310,0.62,696,S2,1157046508.0,198947424.0,21150000.000000004
cpu,6310,0.64,1154,S2,1157046508.0,329863976.0,21150000.000000004
cpu,6310,0.66,3034,S2,1157046508.0,867250696.0,21150000.000000004
cpu,7943,0.02,16,S3,1456552534.0,4573504.0,21150000.000000004
cpu,7943,0.04,20,S3,1456552534.0,5716880.0,21150000.000000004
cpu,7943,0.06,23,S3,1456552534.0,6574412.0,21150000.000000004
cpu,7943,0.08,26,S3,1456552534.0,7431944.0,21150000.000000004
cpu,7943,0.1,29,S3,1456552534.0,8289476.0,21150000.000000004
cpu,7943,0.12,33,S3,1456552534.0,9432852.0,21150000.000000004
cpu,7943,0.14,36,S3,1456552534.0,10290384.0,21150000.000000004
cpu,7943,0.16,39,S3,1456552534.0,11147916.0,21150000.000000004
cpu,7943,0.18,42,S3,1456552534.0,12005448.0,21150000.000000004
cpu,7943,0.2,46,S3,1456552534.0,13148824.0,21150000.000000004
cpu,7943,0.22,50,S3,1456552534.0,14292200.0,21150000.000000004
cpu,7943,0.24,54,S3,1456552534.0,15435576.0,21150000.000000004
cpu,7943,0.26,59,S3,1456552534.0,16864796.0,21150000.000000004
cpu,7943,0.28,64,S3,1456552534.0,18294016.0,21150000.000000004
cpu,7943,0.3,69,S3,1456552534.0,19723236.0,21150000.000000004
cpu,7943,0.32,75,S2,1456552534.0,21438300.0,21150000.000000004
cpu,7943,0.34,82,S2,1456552534.0,23439208.0,21150000.000000004
cpu,7943,0.36,89,S2,1456552534.0,25440116.0,21150000.000000004
cpu,7943,0.38,98,S2,1456552534.0,28012712.0,21150000.000000004
cpu,7943,0.4,108,S2,1456552534.0,30871152.0,21150000.000000004
cpu,7943,0.42,119,S2,1456552534.0,34015436.0,21150000.000000004
cpu,7943,0.44,132,S2,1456552534.0,37731408.0,21150000.000000004
cpu,7943,0.46,147,S2,1456552534.0,42019068.0,21150000.000000004
cpu,7943,0.48,166,S2,1456552534.0,47450104.0,21150000.000000004
cpu,7943,0.5,189,S2,1456552534.0,54024516.0,21150000.000000004
cpu,7943,0.52,218,S2,1456552534.0,62313992.0,21150000.000000004
cpu,7943,0.54,256,S2,1456552534.0,73176064.0,21150000.000000004
cpu,7943,0.56,308,S2,1456552534.0,88039952.0,21150000.000000004
cpu,7943,0.58,382,S2,1456552534.0,109192408.0,21150000.000000004
cpu,7943,0.6,499,S2,1456552534.0,142636156.0,21150000.000000004
cpu,7943,0.62,708,S2,1456552534.0,202377552.0,21150000.000000004
cpu,7943,0.64,1190,S2,1456552534.0,340154360.0,21150000.000000004
cpu,7943,0.66,3383,S2,1456552534.0,967010252.0,21150000.000000004
cpu,10000,0.02,16,S3,1833617848.0,4588864.0,21150000.000000004
cpu,10000,0.04,20,S3,1833617848.0,5736080.0,21150000.000000004
cpu,10000,0.06,23,S3,1833617848.0,6596492.0,21150000.000000004
cpu,10000,0.08,26,S3,1833617848.0,7456904.0,21150000.000000004
cpu,10000,0.1,30,S3,1833617848.0,8604120.0,21150000.000000004
cpu,10000,0.12,33,S3,1833617848.0,9464532.0,21150000.000000004
cpu,10000,0.14,36,S3,1833617848.0,10324944.0,21150000.000000004
cpu,10000,0.16,39,S3,1833617848.0,11185356.0,21150000.000000004
cpu,10000,0.18,43,S3,1833617848.0,12332572.0,21150000.000000004
cpu,10000,0.2,46,S3,1833617848.0,13192984.0,21150000.000000004
cpu,10000,0.22,50,S3,1833617848.0,14340200.0,21150000.000000004
cpu,10000,0.24,54,S3,1833617848.0,15487416.0,21150000.000000004
cpu,10000,0.26,59,S3,1833617848.0,16921436.0,21150000.000000004
cpu,10000,0.28,64,S3,1833617848.0,18355456.0,21150000.000000004
cpu,10000,0.3,69,S3,1833617848.0,19789476.0,21150000.000000004
cpu,10000,0.32,75,S2,1833617848.0,21510300.0,21150000.000000004
cpu,10000,0.34,82,S2,1833617848.0,23517928.0,21150000.000000004
cpu,10000,0.36,90,S2,1833617848.0,25812360.0,21150000.000000004
cpu,10000,0.38,98,S2,1833617848.0,28106792.0,21150000.000000004
cpu,10000,0.4,108,S2,1833617848.0,30974832.0,21150000.000000004
cpu,10000,0.42,119,S2,1833617848.0,34129676.0,21150000.000000004
cpu,10000,0.44,132,S2,1833617848.0,37858128.0,21150000.000000004
cpu,10000,0.46,148,S2,1833617848.0,42446992.0,21150000.000000004
cpu,10000,0.48,167,S2,1833617848.0,47896268.0,21150000.000000004
cpu,10000,0.5,190,S2,1833617848.0,54492760.0,21150000.000000004
cpu,10000,0.52,219,S2,1833617848.0,62810076.0,21150000.000000004
cpu,10000,0.54,258,S2,1833617848.0,73995432.0,21150000.000000004
cpu,10000,0.56,310,S2,1833617848.0,88909240.0,21150000.000000004
cpu,10000,0.58,386,S2,1833617848.0,110706344.0,21150000.000000004
cpu,10000,0.6,505,S2,1833617848.0,144836020.0,21150000.000000004
cpu,10000,0.62,721,S2,1833617848.0,206785684.0,21150000.000000004
cpu,10000,0.64,1226,S2,1833617848.0,351621704.0,21150000.000000004
cpu,10000,0.66,3735,S2,1833617848.0,1071212940.0,21150000.000000004
cpu,12589,0.02,16,S3,2308317902.0,4588864.0,21150000.000000004
cpu,12589,0.04,20,S3,2308317902.0,5736080.0,21150000.000000004
cpu,12589,0.06,23,S3,2308317902.0,6596492.0,21150000.000000004
cpu,12589,0.08,27,S3,2308317902.0,7743708.0,21150000.000000004
cpu,12589,0.1,30,S3,2308317902.0,8604120.0,21150000.000000004
cpu,12589,0.12,33,S3,2308317902.0,9464532.0,21150000.000000004
cpu,12589,0.14,36,S3,2308317902.0,10324944.0,21150000.000000004
cpu,12589,0.16,39,S3,2308317902.0,11185356.0,21150000.000000004
cpu,12589,0.18,43,S3,2308317902.0,12332572.0,21150000.000000004
cpu,12589,0.2,46,S3,2308317902.0,13192984.0,21150000.000000004
cpu,12589,0.22,50,S3,2308317902.0,14340200.0,21150000.000000004
cpu,12589,0.24,54,S3,2308317902.0,15487416.0,21150000.000000004
cpu,12589,0.26,59,S3,2308317902.0,16921436.0,21150000.000000004
cpu,12589,0.28,64,S3,2308317902.0,18355456.0,21150000.000000004
cpu,12589,0.3,69,S3,2308317902.0,19789476.0,21150000.000000004
cpu,12589,0.32,76,S2,2308317902.0,21797104.0,21150000.000000004
cpu,12589,0.34,82,S2,2308317902.0,23517928.0,21150000.000000004
cpu,12589,0.36,90,S2,2308317902.0,25812360.0,21150000.000000004
cpu,12589,0.38,98,S2,2308317902.0,28106792.0,21150000.000000004
cpu,12589,0.4,108,S2,2308317902.0,30974832.0,21150000.000000004
cpu,12589,0.42,119,S2,2308317902.0,34129676.0,21150000.000000004
cpu,12589,0.44,133,S2,2308317902.0,38144932.0,21150000.000000004
cpu,12589,0.46,148,S2,2308317902.0,42446992.0,21150000.000000004
cpu,12589,0.48,167,S2,2308317902.0,47896268.0,21150000.000000004
cpu,12589,0.5,191,S2,2308317902.0,54779564.0,21150000.000000004
cpu,12589,0.52,220,S2,2308317902.0,63096880.0,21150000.000000004
cpu,12589,0.54,259,S2,2308317902.0,74282236.0,21150000.000000004
cpu,12589,0.56,312,S2,2308317902.0,89482848.0,21150000.000000004
cpu,12589,0.58,388,S2,2308317902.0,111279952.0,21150000.000000004
cpu,12589,0.6,509,S2,2308317902.0,145983236.0,21150000.000000004
cpu,12589,0.62,729,S2,2308317902.0,209080116.0,21150000.000000004
cpu,12589,0.64,1248,S2,2308317902.0,357931392.0,21150000.000000004
cpu,12589,0.66,4002,S2,2308317902.0,1147789608.0,21150000.000000004
cpu,15849,0.02,16,S3,2906229838.0,4588864.0,21150000.000000004
cpu,15849,0.04,20,S3,2906229838.0,5736080.0,21150000.000000004
cpu,15849,0.06,23,S3,2906229838.0,6596492.0,21150000.000000004
cpu,15849,0.08,27,S3,2906229838.0,7743708.0,21150000.000000004
cpu,15849,0.1,30,S3,2906229838.0,8604120.0,21150000.000000004
cpu,15849,0.12,33,S3,2906229838.0,9464532.0,21150000.000000004
cpu,15849,0.14,36,S3,2906229838.0,10324944.0,21150000.000000004
cpu,15849,0.16,39,S3,2906229838.0,11185356.0,21150000.000000004
cpu,15849,0.18,43,S3,2906229838.0,12332572.0,21150000.000000004
cpu,15849,0.2,46,S3,2906229838.0,13192984.0,21150000.000000004
cpu,15849,0.22,50,S3,2906229838.0,14340200.0,21150000.000000004
cpu,15849,0.24,55,S3,2906229838.0,15774220.0,21150000.000000004
cpu,15849,0.26,59,S3,2906229838.0,16921436.0,21150000.000000004
cpu,15849,0.28,64,S3,2906229838.0,18355456.0,21150000.000000004
cpu,15849,0.3,70,S3,2906229838.0,20076280.0,21150000.000000004
cpu,15849,0.32,76,S2,2906229838.0,21797104.0,21150000.000000004
cpu,15849,0.34,82,S2,2906229838.0,23517928.0,21150000.000000004
cpu,15849,0.36,90,S2,2906229838.0,25812360.0,21150000.000000004
cpu,15849,0.38,99,S2,2906229838.0,28393596.0,21150000.000000004
cpu,15849,0.4,108,S2,2906229838.0,30974832.0,21150000.000000004
cpu,15849,0.42,120,S2,2906229838.0,34416480.0,21150000.000000004
cpu,15849,0.44,133,S2,2906229838.0,38144932.0,21150000.000000004
cpu,15849,0.46,149,S2,2906229838.0,42733796.0,21150000.000000004
cpu,15849,0.48,168,S2,2906229838.0,48183072.0,21150000.000000004
cpu,15849,0.5,191,S2,2906229838.0,54779564.0,21150000.000000004
cpu,15849,0.52,221,S2,2906229838.0,63383684.0,21150000.000000004
cpu,15849,0.54,260,S2,2906229838.0,74569040.0,21150000.000000004
cpu,15849,0.56,313,S2,2906229838.0,89769652.0,21150000.000000004
cpu,15849,0.58,390,S2,2906229838.0,111853560.0,21150000.000000004
cpu,15849,0.6,513,S2,2906229838.0,147130452.0,21150000.000000004
cpu,15849,0.62,735,S2,2906229838.0,210800940.0,21150000.000000004
cpu,15849,0.64,1270,S2,2906229838.0,364241080.0,21150000.000000004
cpu,15849,0.66,4253,S2,2906229838.0,1219777412.0,21150000.000000004
cpu,19953,0.02,16,S3,3658709182.0,4604224.0,21150000.000000004
cpu,19953,0.04,20,S3,3658709182.0,5755280.0,21150000.000000004
cpu,19953,0.06,23,S3,3658709182.0,6618572.0,21150000.000000004
cpu,19953,0.08,27,S3,3658709182.0,7769628.0,21150000.000000004
cpu,19953,0.1,30,S3,3658709182.0,8632920.0,21150000.000000004
cpu,19953,0.12,33,S3,3658709182.0,9496212.0,21150000.000000004
cpu,19953,0.14,36,S3,3658709182.0,10359504.0,21150000.000000004
cpu,19953,0.16,39,S3,3658709182.0,11222796.0,21150000.000000004
cpu,19953,0.18,43,S3,3658709182.0,12373852.0,21150000.000000004
cpu,19953,0.2,46,S3,3658709182.0,13237144.0,21150000.000000004
cpu,19953,0.22,50,S3,3658709182.0,14388200.0,21150000.000000004
cpu,19953,0.24,55,S3,3658709182.0,15827020.0,21150000.000000004
cpu,19953,0.26,59,S3,3658709182.0,16978076.0,21150000.000000004
cpu,19953,0.28,64,S3,3658709182.0,18416896.0,21150000.000000004
cpu,19953,0.3,70,S3,3658709182.0,20143480.0,21150000.000000004
cpu,19953,0.32,76,S2,3658709182.0,21870064.0,21150000.000000004
cpu,19953,0.34,82,S2,3658709182.0,23596648.0,21150000.000000004
cpu,19953,0.36,90,S2,3658709182.0,25898760.0,21150000.000000004
cpu,19953,0.38,99,S2,3658709182.0,28488636.0,21150000.000000004
cpu,19953,0.4,108,S2,3658709182.0,31078512.0,21150000.000000004
cpu,19953,0.42,120,S2,3658709182.0,34531680.0,21150000.000000004
cpu,19953,0.44,133,S2,3658709182.0,38272612.0,21150000.000000004
cpu,19953,0.46,149,S2,3658709182.0,42876836.0,21150000.000000004
cpu,19953,0.48,168,S2,3658709182.0,48344352.0,21150000.000000004
cpu,19953,0.5,192,S2,3658709182.0,55250688.0,21150000.000000004
cpu,19953,0.52,221,S2,3658709182.0,63595844.0,21150000.000000004
cpu,19953,0.54,261,S2,3658709182.0,75106404.0,21150000.000000004
cpu,19953,0.56,314,S2,3658709182.0,90357896.0,21150000.000000004
cpu,19953,0.58,392,S2,3658709182.0,112803488.0,21150000.000000004
cpu,19953,0.6,515,S2,3658709182.0,148198460.0,21150000.000000004
cpu,19953,0.62,741,S2,3658709182.0,213233124.0,21150000.000000004
cpu,19953,0.64,1286,S2,3658709182.0,370064504.0,21150000.000000004
cpu,19953,0.66,4459,S2,3658709182.0,1283139676.0,21150000.000000004
cpu,25119,0.02,16,S3,4605909058.0,4604224.0,21150000.000000004
cpu,25119,0.04,20,S3,4605909058.0,5755280.0,21150000.000000004
cpu,25119,0.06,23,S3,4605909058.0,6618572.0,21150000.000000004
cpu,25119,0.08,27,S3,4605909058.0,7769628.0,21150000.000000004
cpu,25119,0.1,30,S3,4605909058.0,8632920.0,21150000.000000004
cpu,25119,0.12,33,S3,4605909058.0,9496212.0,21150000.000000004
cpu,25119,0.14,36,S3,4605909058.0,10359504.0,21150000.000000004
cpu,25119,0.16,39,S3,4605909058.0,11222796.0,21150000.000000004
cpu,25119,0.18,43,S3,4605909058.0,12373852.0,21150000.000000004
cpu,25119,0.2,46,S3,4605909058.0,13237144.0,21150000.000000004
cpu,25119,0.22,50,S3,4605909058.0,14388200.0,21150000.000000004
cpu,25119,0.24,55,S3,4605909058.0,15827020.0,21150000.000000004
cpu,25119,0.26,59,S3,4605909058.0,16978076.0,21150000.000000004
cpu,25119,0.28,64,S3,4605909058.0,18416896.0,21150000.000000004
cpu,25119,0.3,70,S3,4605909058.0,20143480.0,21150000.000000004
cpu,25119,0.32,76,S2,4605909058.0,21870064.0,21150000.000000004
cpu,25119,0.34,83,S2,4605909058.0,23884412.0,21150000.000000004
cpu,25119,0.36,90,S2,4605909058.0,25898760.0,21150000.000000004
cpu,25119,0.38,99,S2,4605909058.0,28488636.0,21150000.000000004
cpu,25119,0.4,109,S2,4605909058.0,31366276.0,21150000.000000004
cpu,25119,0.42,120,S2,4605909058.0,34531680.0,21150000.000000004
cpu,25119,0.44,133,S2,4605909058.0,38272612.0,21150000.000000004
cpu,25119,0.46,149,S2,4605909058.0,42876836.0,21150000.000000004
cpu,25119,0.48,168,S2,4605909058.0,48344352.0,21150000.000000004
cpu,25119,0.5,192,S2,4605909058.0,55250688.0,21150000.000000004
cpu,25119,0.52,222,S2,4605909058.0,63883608.0,21150000.000000004
cpu,25119,0.54,261,S2,4605909058.0,75106404.0,21150000.000000004
cpu,25119,0.56,315,S2,4605909058.0,90645660.0,21150000.000000004
cpu,25119,0.58,393,S2,4605909058.0,113091252.0,21150000.000000004
cpu,25119,0.6,518,S2,4605909058.0,149061752.0,21150000.000000004
cpu,25119,0.62,746,S2,4605909058.0,214671944.0,21150000.000000004
cpu,25119,0.64,1302,S2,4605909058.0,374668728.0,21150000.000000004
cpu,25119,0.66,4661,S2,4605909058.0,1341268004.0,21150000.000000004
cpu,31623,0.02,16,S3,5798434802.0,4604224.0,21150000.000000004
cpu,31623,0.04,20,S3,5798434802.0,5755280.0,21150000.000000004
cpu,31623,0.06,23,S3,5798434802.0,6618572.0,21150000.000000004
cpu,31623,0.08,27,S3,5798434802.0,7769628.0,21150000.000000004
cpu,31623,0.1,30,S3,5798434802.0,8632920.0,21150000.000000004
cpu,31623,0.12,33,S3,5798434802.0,9496212.0,21150000.000000004
cpu,31623,0.14,36,S3,5798434802.0,10359504.0,21150000.000000004
cpu,31623,0.16,39,S3,5798434802.0,11222796.0,21150000.000000004
cpu,31623,0.18,43,S3,5798434802.0,12373852.0,21150000.000000004
cpu,31623,0.2,46,S3,5798434802.0,13237144.0,21150000.000000004
cpu,31623,0.22,50,S3,5798434802.0,14388200.0,21150000.000000004
cpu,31623,0.24,55,S3,5798434802.0,15827020.0,21150000.000000004
cpu,31623,0.26,59,S3,5798434802.0,16978076.0,21150000.000000004
cpu,31623,0.28,64,S3,5798434802.0,18416896.0,21150000.000000004
cpu,31623,0.3,70,S3,5798434802.0,20143480.0,21150000.000000004
cpu,31623,0.32,76,S2,5798434802.0,21870064.0,21150000.000000004
cpu,31623,0.34,83,S2,5798434802.0,23884412.0,21150000.000000004
cpu,31623,0.36,90,S2,5798434802.0,25898760.0,21150000.000000004
cpu,31623,0.38,99,S2,5798434802.0,28488636.0,21150000.000000004
cpu,31623,0.4,109,S2,5798434802.0,31366276.0,21150000.000000004
cpu,31623,0.42,120,S2,5798434802.0,34531680.0,21150000.000000004
cpu,31623,0.44,133,S2,5798434802.0,38272612.0,21150000.000000004
cpu,31623,0.46,149,S2,5798434802.0,42876836.0,21150000.000000004
cpu,31623,0.48,168,S2,5798434802.0,48344352.0,21150000.000000004
cpu,31623,0.5,192,S2,5798434802.0,55250688.0,21150000.000000004
cpu,31623,0.52,222,S2,5798434802.0,63883608.0,21150000.000000004
cpu,31623,0.54,262,S2,5798434802.0,75394168.0,21150000.000000004
cpu,31623,0.56,316,S2,5798434802.0,90933424.0,21150000.000000004
cpu,31623,0.58,395,S2,5798434802.0,113666780.0,21150000.000000004
cpu,31623,0.6,520,S2,5798434802.0,149637280.0,21150000.000000004
cpu,31623,0.62,750,S2,5798434802.0,215823000.0,21150000.000000004
cpu,31623,0.64,1313,S2,5798434802.0,377834132.0,21150000.000000004
cpu,31623,0.66,4829,S2,5798434802.0,1389612356.0,21150000.000000004
cpu,39811,0.02,16,S3,7299544194.0,4619584.0,21150000.000000004
cpu,39811,0.04,20,S3,7299544194.0,5774480.0,21150000.000000004
cpu,39811,0.06,23,S3,7299544194.0,6640652.0,21150000.000000004
cpu,39811,0.08,27,S3,7299544194.0,7795548.0,21150000.000000004
cpu,39811,0.1,30,S3,7299544194.0,8661720.0,21150000.000000004
cpu,39811,0.12,33,S3,7299544194.0,9527892.0,21150000.000000004
cpu,39811,0.14,36,S3,7299544194.0,10394064.0,21150000.000000004
cpu,39811,0.16,39,S3,7299544194.0,11260236.0,21150000.000000004
cpu,39811,0.18,43,S3,7299544194.0,12415132.0,21150000.000000004
cpu,39811,0.2,46,S3,7299544194.0,13281304.0,21150000.000000004
cpu,39811,0.22,50,S3,7299544194.0,14436200.0,21150000.000000004
cpu,39811,0.24,55,S3,7299544194.0,15879820.0,21150000.000000004
cpu,39811,0.26,59,S3,7299544194.0,17034716.0,21150000.000000004
cpu,39811,0.28,64,S3,7299544194.0,18478336.0,21150000.000000004
cpu,39811,0.3,70,S3,7299544194.0,20210680.0,21150000.000000004
cpu,39811,0.32,76,S2,7299544194.0,21943024.0,21150000.000000004
cpu,39811,0.34,83,S2,7299544194.0,23964092.0,21150000.000000004
cpu,39811,0.36,90,S2,7299544194.0,25985160.0,21150000.000000004
cpu,39811,0.38,99,S2,7299544194.0,28583676.0,21150000.000000004
cpu,39811,0.4,109,S2,7299544194.0,31470916.0,21150000.000000004
cpu,39811,0.42,120,S2,7299544194.0,34646880.0,21150000.000000004
cpu,39811,0.44,134,S2,7299544194.0,38689016.0,21150000.000000004
cpu,39811,0.46,149,S2,7299544194.0,43019876.0,21150000.000000004
cpu,39811,0.48,169,S2,7299544194.0,48794356.0,21150000.000000004
cpu,39811,0.5,192,S2,7299544194.0,55435008.0,21150000.000000004
cpu,39811,0.52,223,S2,7299544194.0,64385452.0,21150000.000000004
cpu,39811,0.54,262,S2,7299544194.0,75645688.0,21150000.000000004
cpu,39811,0.56,316,S2,7299544194.0,91236784.0,21150000.000000004
cpu,39811,0.58,395,S2,7299544194.0,114045980.0,21150000.000000004
cpu,39811,0.6,521,S2,7299544194.0,150425204.0,21150000.000000004
cpu,39811,0.62,753,S2,7299544194.0,217409172.0,21150000.000000004
cpu,39811,0.64,1324,S2,7299544194.0,382270576.0,21150000.000000004
cpu,39811,0.66,4970,S2,7299544194.0,1434958280.0,21150000.000000004
cpu,50119,0.02,16,S3,9189543482.0,4619584.0,21150000.000000004
cpu,50119,0.04,20,S3,9189543482.0,5774480.0,21150000.000000004
cpu,50119,0.06,23,S3,9189543482.0,6640652.0,21150000.000000004
cpu,50119,0.08,27,S3,9189543482.0,7795548.0,21150000.000000004
cpu,50119,0.1,30,S3,9189543482.0,8661720.0,21150000.000000004
cpu,50119,0.12,33,S3,9189543482.0,9527892.0,21150000.000000004
cpu,50119,0.14,36,S3,9189543482.0,10394064.0,21150000.000000004
cpu,50119,0.16,39,S3,9189543482.0,11260236.0,21150000.000000004
cpu,50119,0.18,43,S3,9189543482.0,12415132.0,21150000.000000004
cpu,50119,0.2,46,S3,9189543482.0,13281304.0,21150000.000000004
cpu,50119,0.22,50,S3,9189543482.0,14436200.0,21150000.000000004
cpu,50119,0.24,55,S3,9189543482.0,15879820.0,21150000.000000004
cpu,50119,0.26,59,S3,9189543482.0,17034716.0,21150000.000000004
cpu,50119,0.28,64,S3,9189543482.0,18478336.0,21150000.000000004
cpu,50119,0.3,70,S3,9189543482.0,20210680.0,21150000.000000004
cpu,50119,0.32,76,S2,9189543482.0,21943024.0,21150000.000000004
cpu,50119,0.34,83,S2,9189543482.0,23964092.0,21150000.000000004
cpu,50119,0.36,90,S2,9189543482.0,25985160.0,21150000.000000004
cpu,50119,0.38,99,S2,9189543482.0,28583676.0,21150000.000000004
cpu,50119,0.4,109,S2,9189543482.0,31470916.0,21150000.000000004
cpu,50119,0.42,120,S2,9189543482.0,34646880.0,21150000.000000004
cpu,50119,0.44,134,S2,9189543482.0,38689016.0,21150000.000000004
cpu,50119,0.46,150,S2,9189543482.0,43308600.0,21150000.000000004
cpu,50119,0.48,169,S2,9189543482.0,48794356.0,21150000.000000004
cpu,50119,0.5,193,S2,9189543482.0,55723732.0,21150000.000000004
cpu,50119,0.52,223,S2,9189543482.0,64385452.0,21150000.000000004
cpu,50119,0.54,262,S2,9189543482.0,75645688.0,21150000.000000004
cpu,50119,0.56,317,S2,9189543482.0,91525508.0,21150000.000000004
cpu,50119,0.58,396,S2,9189543482.0,114334704.0,21150000.000000004
cpu,50119,0.6,522,S2,9189543482.0,150713928.0,21150000.000000004
cpu,50119,0.62,755,S2,9189543482.0,217986620.0,21150000.000000004
cpu,50119,0.64,1331,S2,9189543482.0,384291644.0,21150000.000000004
cpu,50119,0.66,5072,S2,9189543482.0,1464408128.0,21150000.000000004
cpu,63096,0.02,16,S3,11569093280.0,4619584.0,21150000.000000004
cpu,63096,0.04,20,S3,11569093280.0,5774480.0,21150000.000000004
cpu,63096,0.06,24,S3,11569093280.0,6929376.0,21150000.000000004
cpu,63096,0.08,27,S3,11569093280.0,7795548.0,21150000.000000004
cpu,63096,0.1,30,S3,11569093280.0,8661720.0,21150000.000000004
cpu,63096,0.12,33,S3,11569093280.0,9527892.0,21150000.000000004
cpu,63096,0.14,36,S3,11569093280.0,10394064.0,21150000.000000004
cpu,63096,0.16,39,S3,11569093280.0,11260236.0,21150000.000000004
cpu,63096,0.18,43,S3,11569093280.0,12415132.0,21150000.000000004
cpu,63096,0.2,47,S3,11569093280.0,13570028.0,21150000.000000004
cpu,63096,0.22,50,S3,11569093280.0,14436200.0,21150000.000000004
cpu,63096,0.24,55,S3,11569093280.0,15879820.0,21150000.000000004
cpu,63096,0.26,59,S3,11569093280.0,17034716.0,21150000.000000004
cpu,63096,0.28,64,S3,11569093280.0,18478336.0,21150000.000000004
cpu,63096,0.3,70,S3,11569093280.0,20210680.0,21150000.000000004
cpu,63096,0.32,76,S2,11569093280.0,21943024.0,21150000.000000004
cpu,63096,0.34,83,S2,11569093280.0,23964092.0,21150000.000000004
cpu,63096,0.36,90,S2,11569093280.0,25985160.0,21150000.000000004
cpu,63096,0.38,99,S2,11569093280.0,28583676.0,21150000.000000004
cpu,63096,0.4,109,S2,11569093280.0,31470916.0,21150000.000000004
cpu,63096,0.42,120,S2,11569093280.0,34646880.0,21150000.000000004
cpu,63096,0.44,134,S2,11569093280.0,38689016.0,21150000.000000004
cpu,63096,0.46,150,S2,11569093280.0,43308600.0,21150000.000000004
cpu,63096,0.48,169,S2,11569093280.0,48794356.0,21150000.000000004
cpu,63096,0.5,193,S2,11569093280.0,55723732.0,21150000.000000004
cpu,63096,0.52,223,S2,11569093280.0,64385452.0,21150000.000000004
cpu,63096,0.54,263,S2,11569093280.0,75934412.0,21150000.000000004
cpu,63096,0.56,317,S2,11569093280.0,91525508.0,21150000.000000004
cpu,63096,0.58,397,S2,11569093280.0,114623428.0,21150000.000000004
cpu,63096,0.6,523,S2,11569093280.0,151002652.0,21150000.000000004
cpu,63096,0.62,757,S2,11569093280.0,218564068.0,21150000.000000004
cpu,63096,0.64,1336,S2,11569093280.0,385735264.0,21150000.000000004
cpu,63096,0.66,5154,S2,11569093280.0,1488083496.0,21150000.000000004
cpu,79433,0.02,16,S3,14564434674.0,4634944.0,21150000.000000004
cpu,79433,0.04,20,S3,14564434674.0,5793680.0,21150000.000000004
cpu,79433,0.06,24,S3,14564434674.0,6952416.0,21150000.000000004
cpu,79433,0.08,27,S3,14564434674.0,7821468.0,21150000.000000004
cpu,79433,0.1,30,S3,14564434674.0,8690520.0,21150000.000000004
cpu,79433,0.12,33,S3,14564434674.0,9559572.0,21150000.000000004
cpu,79433,0.14,36,S3,14564434674.0,10428624.0,21150000.000000004
cpu,79433,0.16,39,S3,14564434674.0,11297676.0,21150000.000000004
cpu,79433,0.18,43,S3,14564434674.0,12456412.0,21150000.000000004
cpu,79433,0.2,47,S3,14564434674.0,13615148.0,21150000.000000004
cpu,79433,0.22,50,S3,14564434674.0,14484200.0,21150000.000000004
cpu,79433,0.24,55,S3,14564434674.0,15932620.0,21150000.000000004
cpu,79433,0.26,59,S3,14564434674.0,17091356.0,21150000.000000004
cpu,79433,0.28,64,S3,14564434674.0,18539776.0,21150000.000000004
cpu,79433,0.3,70,S3,14564434674.0,20277880.0,21150000.000000004
cpu,79433,0.32,76,S2,14564434674.0,22015984.0,21150000.000000004
cpu,79433,0.34,83,S2,14564434674.0,24043772.0,21150000.000000004
cpu,79433,0.36,90,S2,14564434674.0,26071560.0,21150000.000000004
cpu,79433,0.38,99,S2,14564434674.0,28678716.0,21150000.000000004
cpu,79433,0.4,109,S2,14564434674.0,31575556.0,21150000.000000004
cpu,79433,0.42,120,S2,14564434674.0,34762080.0,21150000.000000004
cpu,79433,0.44,134,S2,14564434674.0,38817656.0,21150000.000000004
cpu,79433,0.46,150,S2,14564434674.0,43452600.0,21150000.000000004
cpu,79433,0.48,169,S2,14564434674.0,48956596.0,21150000.000000004
cpu,79433,0.5,193,S2,14564434674.0,55909012.0,21150000.000000004
cpu,79433,0.52,223,S2,14564434674.0,64599532.0,21150000.000000004
cpu,79433,0.54,263,S2,14564434674.0,76186892.0,21150000.000000004
cpu,79433,0.56,317,S2,14564434674.0,91829828.0,21150000.000000004
cpu,79433,0.58,397,S2,14564434674.0,115004548.0,21150000.000000004
cpu,79433,0.6,524,S2,14564434674.0,151794416.0,21150000.000000004
cpu,79433,0.62,759,S2,14564434674.0,219870156.0,21150000.000000004
cpu,79433,0.64,1341,S2,14564434674.0,388466244.0,21150000.000000004
cpu,79433,0.66,5225,S2,14564434674.0,1513598900.0,21150000.000000004
cpu,100000,0.02,16,S3,18335357848.0,4634944.0,21150000.000000004
cpu,100000,0.04,20,S3,18335357848.0,5793680.0,21150000.000000004
cpu,100000,0.06,24,S3,18335357848.0,6952416.0,21150000.000000004
cpu,100000,0.08,27,S3,18335357848.0,7821468.0,21150000.000000004
cpu,100000,0.1,30,S3,18335357848.0,8690520.0,21150000.000000004
cpu,100000,0.12,33,S3,18335357848.0,9559572.0,21150000.000000004
cpu,100000,0.14,36,S3,18335357848.0,10428624.0,21150000.000000004
cpu,100000,0.16,39,S3,18335357848.0,11297676.0,21150000.000000004
cpu,100000,0.18,43,S3,18335357848.0,12456412.0,21150000.000000004
cpu,100000,0.2,47,S3,18335357848.0,13615148.0,21150000.000000004
cpu,100000,0.22,50,S3,18335357848.0,14484200.0,21150000.000000004
cpu,100000,0.24,55,S3,18335357848.0,15932620.0,21150000.000000004
cpu,100000,0.26,59,S3,18335357848.0,17091356.0,21150000.000000004
cpu,100000,0.28,64,S3,18335357848.0,18539776.0,21150000.000000004
cpu,100000,0.3,70,S3,18335357848.0,20277880.0,21150000.000000004
cpu,100000,0.32,76,S2,18335357848.0,22015984.0,21150000.000000004
cpu,100000,0.34,83,S2,18335357848.0,24043772.0,21150000.000000004
cpu,100000,0.36,90,S2,18335357848.0,26071560.0,21150000.000000004
cpu,100000,0.38,99,S2,18335357848.0,28678716.0,21150000.000000004
cpu,100000,0.4,109,S2,18335357848.0,31575556.0,21150000.000000004
cpu,100000,0.42,120,S2,18335357848.0,34762080.0,21150000.000000004
cpu,100000,0.44,134,S2,18335357848.0,38817656.0,21150000.000000004
cpu,100000,0.46,150,S2,18335357848.0,43452600.0,21150000.000000004
cpu,100000,0.48,169,S2,18335357848.0,48956596.0,21150000.000000004
cpu,100000,0.5,193,S2,18335357848.0,55909012.0,21150000.000000004
cpu,100000,0.52,223,S2,18335357848.0,64599532.0,21150000.000000004
cpu,100000,0.54,263,S2,18335357848.0,76186892.0,21150000.000000004
cpu,100000,0.56,318,S2,18335357848.0,92119512.0,21150000.000000004
cpu,100000,0.58,397,S2,18335357848.0,115004548.0,21150000.000000004
cpu,100000,0.6,525,S2,18335357848.0,152084100.0,21150000.000000004
cpu,100000,0.62,760,S2,18335357848.0,220159840.0,21150000.000000004
cpu,100000,0.64,1345,S2,18335357848.0,389624980.0,21150000.000000004
cpu,100000,0.66,5292,S2,18335357848.0,1533007728.0,21150000.000000004
bytes,10,0.02,1,S3,1502.0,579.0,180184.0
bytes,10,0.04,1,S3,1502.0,579.0,180184.0
bytes,10,0.06,1,S3,1502.0,579.0,180184.0
bytes,10,0.08,1,S3,1502.0,579.0,180184.0
bytes,10,0.1,2,S3,1502.0,820.0,180184.0
bytes,10,0.12,2,S3,1502.0,820.0,180184.0
bytes,10,0.14,2,S3,1502.0,820.0,180184.0
bytes,10,0.16,2,S3,1502.0,820.0,180184.0
bytes,10,0.18,2,S3,1502.0,820.0,180184.0
bytes,10,0.2,3,S3,1502.0,1061.0,180184.0
bytes,10,0.22,3,S3,1502.0,1061.0,180184.0
bytes,10,0.24,3,S3,1502.0,1061.0,180184.0
bytes,10,0.26,3,S3,1502.0,1061.0,180184.0
bytes,10,0.28,3,S3,1502.0,1061.0,180184.0
bytes,10,0.3,4,S3,1502.0,1302.0,180184.0
bytes,10,0.32,4,S3,1502.0,1302.0,180184.0
bytes,10,0.34,4,S3,1502.0,1302.0,180184.0
bytes,10,0.36,4,S3,1502.0,1302.0,180184.0
bytes,10,0.38,4,S3,1502.0,1302.0,180184.0
bytes,10,0.4,5,S1,1502.0,1543.0,180184.0
bytes,10,0.42,5,S1,1502.0,1543.0,180184.0
bytes,10,0.44,5,S1,1502.0,1543.0,180184.0
bytes,10,0.46,5,S1,1502.0,1543.0,180184.0
bytes,10,0.48,5,S1,1502.0,1543.0,180184.0
bytes,10,0.5,6,S1,1502.0,1784.0,180184.0
bytes,10,0.52,6,S1,1502.0,1784.0,180184.0
bytes,10,0.54,6,S1,1502.0,1784.0,180184.0
bytes,10,0.56,6,S1,1502.0,1784.0,180184.0
bytes,10,0.58,6,S1,1502.0,1784.0,180184.0
bytes,10,0.6,7,S1,1502.0,2025.0,180184.0
bytes,10,0.62,7,S1,1502.0,2025.0,180184.0
bytes,10,0.64,7,S1,1502.0,2025.0,180184.0
bytes,10,0.66,7,S1,1502.0,2025.0,180184.0
bytes,13,0.02,1,S3,1852.0,579.0,180184.0
bytes,13,0.04,1,S3,1852.0,579.0,180184.0
bytes,13,0.06,1,S3,1852.0,579.0,180184.0
bytes,13,0.08,2,S3,1852.0,820.0,180184.0
bytes,13,0.1,2,S3,1852.0,820.0,180184.0
bytes,13,0.12,2,S3,1852.0,820.0,180184.0
bytes,13,0.14,2,S3,1852.0,820.0,180184.0
bytes,13,0.16,3,S3,1852.0,1061.0,180184.0
bytes,13,0.18,3,S3,1852.0,1061.0,180184.0
bytes,13,0.2,3,S3,1852.0,1061.0,180184.0
bytes,13,0.22,3,S3,1852.0,1061.0,180184.0
bytes,13,0.24,4,S3,1852.0,1302.0,180184.0
bytes,13,0.26,4,S3,1852.0,1302.0,180184.0
bytes,13,0.28,4,S3,1852.0,1302.0,180184.0
bytes,13,0.3,4,S3,1852.0,1302.0,180184.0
bytes,13,0.32,5,S3,1852.0,1543.0,180184.0
bytes,13,0.34,5,S3,1852.0,1543.0,180184.0
bytes,13,0.36,5,S3,1852.0,1543.0,180184.0
bytes,13,0.38,5,S3,1852.0,1543.0,180184.0
bytes,13,0.4,6,S3,1852.0,1784.0,180184.0
bytes,13,0.42,6,S3,1852.0,1784.0,180184.0
bytes,13,0.44,6,S3,1852.0,1784.0,180184.0
bytes,13,0.46,6,S3,1852.0,1784.0,180184.0
bytes,13,0.48,7,S1,1852.0,2025.0,180184.0
bytes,13,0.5,7,S1,1852.0,2025.0,180184.0
bytes,13,0.52,7,S1,1852.0,2025.0,180184.0
bytes,13,0.54,8,S1,1852.0,2266.0,180184.0
bytes,13,0.56,8,S1,1852.0,2266.0,180184.0
bytes,13,0.58,8,S1,1852.0,2266.0,180184.0
bytes,13,0.6,8,S1,1852.0,2266.0,180184.0
bytes,13,0.62,9,S1,1852.0,2507.0,180184.0
bytes,13,0.64,9,S1,1852.0,2507.0,180184.0
bytes,13,0.66,9,S1,1852.0,2507.0,180184.0
bytes,16,0.02,1,S3,2202.0,579.0,180184.0
bytes,16,0.04,1,S3,2202.0,579.0,180184.0
bytes,16,0.06,1,S3,2202.0,579.0,180184.0
bytes,16,0.08,2,S3,2202.0,820.0,180184.0
bytes,16,0.1,2,S3,2202.0,820.0,180184.0
bytes,16,0.12,2,S3,2202.0,820.0,180184.0
bytes,16,0.14,3,S3,2202.0,1061.0,180184.0
bytes,16,0.16,3,S3,2202.0,1061.0,180184.0
bytes,16,0.18,3,S3,2202.0,1061.0,180184.0
bytes,16,0.2,4,S3,2202.0,1302.0,180184.0
bytes,16,0.22,4,S3,2202.0,1302.0,180184.0
bytes,16,0.24,4,S3,2202.0,1302.0,180184.0
bytes,16,0.26,5,S3,2202.0,1543.0,180184.0
bytes,16,0.28,5,S3,2202.0,1543.0,180184.0
bytes,16,0.3,5,S3,2202.0,1543.0,180184.0
bytes,16,0.32,6,S3,2202.0,1784.0,180184.0
bytes,16,0.34,6,S3,2202.0,1784.0,180184.0
bytes,16,0.36,6,S3,2202.0,1784.0,180184.0
bytes,16,0.38,7,S3,2202.0,2025.0,180184.0
bytes,16,0.4,7,S3,2202.0,2025.0,180184.0
bytes,16,0.42,7,S3,2202.0,2025.0,180184.0
bytes,16,0.44,8,S1,2202.0,2266.0,180184.0
bytes,16,0.46,8,S1,2202.0,2266.0,180184.0
bytes,16,0.48,8,S1,2202.0,2266.0,180184.0
bytes,16,0.5,9,S1,2202.0,2507.0,180184.0
bytes,16,0.52,9,S1,2202.0,2507.0,180184.0
bytes,16,0.54,9,S1,2202.0,2507.0,180184.0
bytes,16,0.56,9,S1,2202.0,2507.0,180184.0
bytes,16,0.58,10,S1,2202.0,2748.0,180184.0
bytes,16,0.6,10,S1,2202.0,2748.0,180184.0
bytes,16,0.62,10,S1,2202.0,2748.0,180184.0
bytes,16,0.64,11,S1,2202.0,2989.0,180184.0
bytes,16,0.66,11,S1,2202.0,2989.0,180184.0
bytes,20,0.02,1,S3,2691.0,612.0,180184.0
bytes,20,0.04,1,S3,2691.0,612.0,180184.0
bytes,20,0.06,2,S3,2691.0,885.0,180184.0
bytes,20,0.08,2,S3,2691.0,885.0,180184.0
bytes,20,0.1,3,S3,2691.0,1158.0,180184.0
bytes,20,0.12,3,S3,2691.0,1158.0,180184.0
bytes,20,0.14,3,S3,2691.0,1158.0,180184.0
bytes,20,0.16,4,S3,2691.0,1431.0,180184.0
bytes,20,0.18,4,S3,2691.0,1431.0,180184.0
bytes,20,0.2,5,S3,2691.0,1704.0,180184.0
bytes,20,0.22,5,S3,2691.0,1704.0,180184.0
bytes,20,0.24,5,S3,2691.0,1704.0,180184.0
bytes,20,0.26,6,S3,2691.0,1977.0,180184.0
bytes,20,0.28,6,S3,2691.0,1977.0,180184.0
bytes,20,0.3,7,S3,2691.0,2250.0,180184.0
bytes,20,0.32,7,S3,2691.0,2250.0,180184.0
bytes,20,0.34,7,S3,2691.0,2250.0,180184.0
bytes,20,0.36,8,S3,2691.0,2523.0,180184.0
bytes,20,0.38,8,S3,2691.0,2523.0,180184.0
bytes,20,0.4,9,S1,2691.0,2796.0,180184.0
bytes,20,0.42,9,S1,2691.0,2796.0,180184.0
bytes,20,0.44,9,S1,2691.0,2796.0,180184.0
bytes,20,0.46,10,S1,2691.0,3069.0,180184.0
bytes,20,0.48,10,S1,2691.0,3069.0,180184.0
bytes,20,0.5,11,S1,2691.0,3342.0,180184.0
bytes,20,0.52,11,S1,2691.0,3342.0,180184.0
bytes,20,0.54,11,S1,2691.0,3342.0,180184.0
bytes,20,0.56,12,S1,2691.0,3615.0,180184.0
bytes,20,0.58,12,S1,2691.0,3615.0,180184.0
bytes,20,0.6,13,S1,2691.0,3888.0,180184.0
bytes,20,0.62,13,S1,2691.0,3888.0,180184.0
bytes,20,0.64,13,S1,2691.0,3888.0,180184.0
bytes,20,0.66,14,S1,2691.0,4161.0,180184.0
bytes,25,0.02,1,S3,3254.0,613.0,180184.0
bytes,25,0.04,2,S3,3254.0,886.0,180184.0
bytes,25,0.06,2,S3,3254.0,886.0,180184.0
bytes,25,0.08,3,S3,3254.0,1159.0,180184.0
bytes,25,0.1,3,S3,3254.0,1159.0,180184.0
bytes,25,0.12,4,S3,3254.0,1432.0,180184.0
bytes,25,0.14,4,S3,3254.0,1432.0,180184.0
bytes,25,0.16,5,S3,3254.0,1705.0,180184.0
bytes,25,0.18,5,S3,3254.0,1705.0,180184.0
bytes,25,0.2,6,S3,3254.0,1978.0,180184.0
bytes,25,0.22,6,S3,3254.0,1978.0,180184.0
bytes,25,0.24,7,S3,3254.0,2251.0,180184.0
bytes,25,0.26,7,S3,3254.0,2251.0,180184.0
bytes,25,0.28,8,S3,3254.0,2524.0,180184.0
bytes,25,0.3,8,S3,3254.0,2524.0,180184.0
bytes,25,0.32,9,S3,3254.0,2797.0,180184.0
bytes,25,0.34,9,S3,3254.0,2797.0,180184.0
bytes,25,0.36,10,S3,3254.0,3070.0,180184.0
bytes,25,0.38,10,S3,3254.0,3070.0,180184.0
bytes,25,0.4,11,S1,3254.0,3343.0,180184.0
bytes,25,0.42,11,S1,3254.0,3343.0,180184.0
bytes,25,0.44,12,S1,3254.0,3616.0,180184.0
bytes,25,0.46,12,S1,3254.0,3616.0,180184.0
bytes,25,0.48,13,S1,3254.0,3889.0,180184.0
bytes,25,0.5,13,S1,3254.0,3889.0,180184.0
bytes,25,0.52,14,S1,3254.0,4162.0,180184.0
bytes,25,0.54,14,S1,3254.0,4162.0,180184.0
bytes,25,0.56,15,S1,3254.0,4435.0,180184.0
bytes,25,0.58,15,S1,3254.0,4435.0,180184.0
bytes,25,0.6,16,S1,3254.0,4708.0,180184.0
bytes,25,0.62,16,S1,3254.0,4708.0,180184.0
bytes,25,0.64,17,S1,3254.0,4981.0,180184.0
bytes,25,0.66,17,S1,3254.0,4981.0,180184.0
bytes,32,0.02,1,S3,4092.0,613.0,180184.0
bytes,32,0.04,2,S3,4092.0,886.0,180184.0
bytes,32,0.06,2,S3,4092.0,886.0,180184.0
bytes,32,0.08,3,S3,4092.0,1159.0,180184.0
bytes,32,0.1,4,S3,4092.0,1432.0,180184.0
bytes,32,0.12,4,S3,4092.0,1432.0,180184.0
bytes,32,0.14,5,S3,4092.0,1705.0,180184.0
bytes,32,0.16,6,S3,4092.0,1978.0,180184.0
bytes,32,0.18,6,S3,4092.0,1978.0,180184.0
bytes,32,0.2,7,S3,4092.0,2251.0,180184.0
bytes,32,0.22,8,S3,4092.0,2524.0,180184.0
bytes,32,0.24,8,S3,4092.0,2524.0,180184.0
bytes,32,0.26,9,S3,4092.0,2797.0,180184.0
bytes,32,0.28,9,S3,4092.0,2797.0,180184.0
bytes,32,0.3,10,S3,4092.0,3070.0,180184.0
bytes,32,0.32,11,S3,4092.0,3343.0,180184.0
bytes,32,0.34,11,S3,4092.0,3343.0,180184.0
bytes,32,0.36,12,S3,4092.0,3616.0,180184.0
bytes,32,0.38,13,S3,4092.0,3889.0,180184.0
bytes,32,0.4,13,S3,4092.0,3889.0,180184.0
bytes,32,0.42,14,S1,4092.0,4162.0,180184.0
bytes,32,0.44,15,S1,4092.0,4435.0,180184.0
bytes,32,0.46,15,S1,4092.0,4435.0,180184.0
bytes,32,0.48,16,S1,4092.0,4708.0,180184.0
bytes,32,0.5,17,S1,4092.0,4981.0,180184.0
bytes,32,0.52,17,S1,4092.0,4981.0,180184.0
bytes,32,0.54,18,S1,4092.0,5254.0,180184.0
bytes,32,0.56,18,S1,4092.0,5254.0,180184.0
bytes,32,0.58,19,S1,4092.0,5527.0,180184.0
bytes,32,0.6,20,S1,4092.0,5800.0,180184.0
bytes,32,0.62,20,S1,4092.0,5800.0,180184.0
bytes,32,0.64,21,S1,4092.0,6073.0,180184.0
bytes,32,0.66,22,S1,4092.0,6346.0,180184.0
bytes,40,0.02,1,S3,5005.0,646.0,180184.0
bytes,40,0.04,2,S3,5005.0,951.0,180184.0
bytes,40,0.06,3,S3,5005.0,1256.0,180184.0
bytes,40,0.08,4,S3,5005.0,1561.0,180184.0
bytes,40,0.1,5,S3,5005.0,1866.0,180184.0
bytes,40,0.12,5,S3,5005.0,1866.0,180184.0
bytes,40,0.14,6,S3,5005.0,2171.0,180184.0
bytes,40,0.16,7,S3,5005.0,2476.0,180184.0
bytes,40,0.18,8,S3,5005.0,2781.0,180184.0
bytes,40,0.2,9,S3,5005.0,3086.0,180184.0
bytes,40,0.22,9,S3,5005.0,3086.0,180184.0
bytes,40,0.24,10,S3,5005.0,3391.0,180184.0
bytes,40,0.26,11,S3,5005.0,3696.0,180184.0
bytes,40,0.28,12,S3,5005.0,4001.0,180184.0
bytes,40,0.3,13,S3,5005.0,4306.0,180184.0
bytes,40,0.32,13,S3,5005.0,4306.0,180184.0
bytes,40,0.34,14,S3,5005.0,4611.0,180184.0
bytes,40,0.36,15,S3,5005.0,4916.0,180184.0
bytes,40,0.38,16,S1,5005.0,5221.0,180184.0
bytes,40,0.4,17,S1,5005.0,5526.0,180184.0
bytes,40,0.42,17,S1,5005.0,5526.0,180184.0
bytes,40,0.44,18,S1,5005.0,5831.0,180184.0
bytes,40,0.46,19,S1,5005.0,6136.0,180184.0
bytes,40,0.48,20,S1,5005.0,6441.0,180184.0
bytes,40,0.5,21,S1,5005.0,6746.0,180184.0
bytes,40,0.52,21,S1,5005.0,6746.0,180184.0
bytes,40,0.54,22,S1,5005.0,7051.0,180184.0
bytes,40,0.56,23,S1,5005.0,7356.0,180184.0
bytes,40,0.58,24,S1,5005.0,7661.0,180184.0
bytes,40,0.6,25,S1,5005.0,7966.0,180184.0
bytes,40,0.62,25,S1,5005.0,7966.0,180184.0
bytes,40,0.64,26,S1,5005.0,8271.0,180184.0
bytes,40,0.66,27,S1,5005.0,8576.0,180184.0
bytes,50,0.02,2,S3,6195.0,953.0,180184.0
bytes,50,0.04,3,S3,6195.0,1258.0,180184.0
bytes,50,0.06,4,S3,6195.0,1563.0,180184.0
bytes,50,0.08,5,S3,6195.0,1868.0,180184.0
bytes,50,0.1,6,S3,6195.0,2173.0,180184.0
bytes,50,0.12,7,S3,6195.0,2478.0,180184.0
bytes,50,0.14,8,S3,6195.0,2783.0,180184.0
bytes,50,0.16,9,S3,6195.0,3088.0,180184.0
bytes,50,0.18,10,S3,6195.0,3393.0,180184.0
bytes,50,0.2,11,S3,6195.0,3698.0,180184.0
bytes,50,0.22,12,S3,6195.0,4003.0,180184.0
bytes,50,0.24,13,S3,6195.0,4308.0,180184.0
bytes,50,0.26,14,S3,6195.0,4613.0,180184.0
bytes,50,0.28,15,S3,6195.0,4918.0,180184.0
bytes,50,0.3,16,S3,6195.0,5223.0,180184.0
bytes,50,0.32,17,S3,6195.0,5528.0,180184.0
bytes,50,0.34,18,S3,6195.0,5833.0,180184.0
bytes,50,0.36,19,S3,6195.0,6138.0,180184.0
bytes,50,0.38,20,S1,6195.0,6443.0,180184.0
bytes,50,0.4,21,S1,6195.0,6748.0,180184.0
bytes,50,0.42,22,S1,6195.0,7053.0,180184.0
bytes,50,0.44,23,S1,6195.0,7358.0,180184.0
bytes,50,0.46,24,S1,6195.0,7663.0,180184.0
bytes,50,0.48,25,S1,6195.0,7968.0,180184.0
bytes,50,0.5,26,S1,6195.0,8273.0,180184.0
bytes,50,0.52,27,S1,6195.0,8578.0,180184.0
bytes,50,0.54,28,S1,6195.0,8883.0,180184.0
bytes,50,0.56,29,S1,6195.0,9188.0,180184.0
bytes,50,0.58,30,S1,6195.0,9493.0,180184.0
bytes,50,0.6,31,S1,6195.0,9798.0,180184.0
bytes,50,0.62,32,S1,6195.0,10103.0,180184.0
bytes,50,0.64,33,S1,6195.0,10408.0,180184.0
bytes,50,0.66,34,S1,6195.0,10713.0,180184.0
bytes,63,0.02,2,S3,7734.0,954.0,180184.0
bytes,63,0.04,3,S3,7734.0,1259.0,180184.0
bytes,63,0.06,4,S3,7734.0,1564.0,180184.0
bytes,63,0.08,6,S3,7734.0,2174.0,180184.0
bytes,63,0.1,7,S3,7734.0,2479.0,180184.0
bytes,63,0.12,8,S3,7734.0,2784.0,180184.0
bytes,63,0.14,9,S3,7734.0,3089.0,180184.0
bytes,63,0.16,11,S3,7734.0,3699.0,180184.0
bytes,63,0.18,12,S3,7734.0,4004.0,180184.0
bytes,63,0.2,13,S3,7734.0,4309.0,180184.0
bytes,63,0.22,14,S3,7734.0,4614.0,180184.0
bytes,63,0.24,16,S3,7734.0,5224.0,180184.0
bytes,63,0.26,17,S3,7734.0,5529.0,180184.0
bytes,63,0.28,18,S3,7734.0,5834.0,180184.0
bytes,63,0.3,19,S3,7734.0,6139.0,180184.0
bytes,63,0.32,21,S3,7734.0,6749.0,180184.0
bytes,63,0.34,22,S3,7734.0,7054.0,180184.0
bytes,63,0.36,23,S3,7734.0,7359.0,180184.0
bytes,63,0.38,24,S3,7734.0,7664.0,180184.0
bytes,63,0.4,26,S1,7734.0,8274.0,180184.0
bytes,63,0.42,27,S1,7734.0,8579.0,180184.0
bytes,63,0.44,28,S1,7734.0,8884.0,180184.0
bytes,63,0.46,29,S1,7734.0,9189.0,180184.0
bytes,63,0.48,31,S1,7734.0,9799.0,180184.0
bytes,63,0.5,32,S1,7734.0,10104.0,180184.0
bytes,63,0.52,33,S1,7734.0,10409.0,180184.0
bytes,63,0.54,35,S1,7734.0,11019.0,180184.0
bytes,63,0.56,36,S1,7734.0,11324.0,180184.0
bytes,63,0.58,37,S1,7734.0,11629.0,180184.0
bytes,63,0.6,38,S1,7734.0,11934.0,180184.0
bytes,63,0.62,40,S1,7734.0,12544.0,180184.0
bytes,63,0.64,41,S1,7734.0,12849.0,180184.0
bytes,63,0.66,42,S1,7734.0,13154.0,180184.0
bytes,79,0.02,2,S3,9560.0,1020.0,180184.0
bytes,79,0.04,4,S3,9560.0,1694.0,180184.0
bytes,79,0.06,5,S3,9560.0,2031.0,180184.0
bytes,79,0.08,7,S3,9560.0,2705.0,180184.0
bytes,79,0.1,8,S3,9560.0,3042.0,180184.0
bytes,79,0.12,10,S3,9560.0,3716.0,180184.0
bytes,79,0.14,12,S3,9560.0,4390.0,180184.0
bytes,79,0.16,13,S3,9560.0,4727.0,180184.0
bytes,79,0.18,15,S3,9560.0,5401.0,180184.0
bytes,79,0.2,16,S3,9560.0,5738.0,180184.0
bytes,79,0.22,18,S3,9560.0,6412.0,180184.0
bytes,79,0.24,19,S3,9560.0,6749.0,180184.0
bytes,79,0.26,21,S3,9560.0,7423.0,180184.0
bytes,79,0.28,23,S3,9560.0,8097.0,180184.0
bytes,79,0.3,24,S3,9560.0,8434.0,180184.0
bytes,79,0.32,26,S3,9560.0,9108.0,180184.0
bytes,79,0.34,27,S3,9560.0,9445.0,180184.0
bytes,79,0.36,29,S1,9560.0,10119.0,180184.0
bytes,79,0.38,31,S1,9560.0,10793.0,180184.0
bytes,79,0.4,32,S1,9560.0,11130.0,180184.0
bytes,79,0.42,34,S1,9560.0,11804.0,180184.0
bytes,79,0.44,35,S1,9560.0,12141.0,180184.0
bytes,79,0.46,37,S1,9560.0,12815.0,180184.0
bytes,79,0.48,38,S1,9560.0,13152.0,180184.0
bytes,79,0.5,40,S1,9560.0,13826.0,180184.0
bytes,79,0.52,42,S1,9560.0,14500.0,180184.0
bytes,79,0.54,43,S1,9560.0,14837.0,180184.0
bytes,79,0.56,45,S1,9560.0,15511.0,180184.0
bytes,79,0.58,46,S1,9560.0,15848.0,180184.0
bytes,79,0.6,48,S1,9560.0,16522.0,180184.0
bytes,79,0.62,49,S1,9560.0,16859.0,180184.0
bytes,79,0.64,51,S1,9560.0,17533.0,180184.0
bytes,79,0.66,53,S1,9560.0,18207.0,180184.0
bytes,100,0.02,3,S3,12013.0,1360.0,180184.0
bytes,100,0.04,5,S3,12013.0,2034.0,180184.0
bytes,100,0.06,7,S3,12013.0,2708.0,180184.0
bytes,100,0.08,9,S3,12013.0,3382.0,180184.0
bytes,100,0.1,11,S3,12013.0,4056.0,180184.0
bytes,100,0.12,13,S3,12013.0,4730.0,180184.0
bytes,100,0.14,15,S3,12013.0,5404.0,180184.0
bytes,100,0.16,17,S3,12013.0,6078.0,180184.0
bytes,100,0.18,19,S3,12013.0,6752.0,180184.0
bytes,100,0.2,21,S3,12013.0,7426.0,180184.0
bytes,100,0.22,23,S3,12013.0,8100.0,180184.0
bytes,100,0.24,25,S3,12013.0,8774.0,180184.0
bytes,100,0.26,27,S3,12013.0,9448.0,180184.0
bytes,100,0.28,29,S3,12013.0,10122.0,180184.0
bytes,100,0.3,31,S3,12013.0,10796.0,180184.0
bytes,100,0.32,33,S3,12013.0,11470.0,180184.0
bytes,100,0.34,35,S1,12013.0,12144.0,180184.0
bytes,100,0.36,37,S1,12013.0,12818.0,180184.0
bytes,100,0.38,39,S1,12013.0,13492.0,180184.0
bytes,100,0.4,41,S1,12013.0,14166.0,180184.0
bytes,100,0.42,43,S1,12013.0,14840.0,180184.0
bytes,100,0.44,45,S1,12013.0,15514.0,180184.0
bytes,100,0.46,47,S1,12013.0,16188.0,180184.0
bytes,100,0.48,49,S1,12013.0,16862.0,180184.0
bytes,100,0.5,51,S1,12013.0,17536.0,180184.0
bytes,100,0.52,53,S1,12013.0,18210.0,180184.0
bytes,100,0.54,55,S1,12013.0,18884.0,180184.0
bytes,100,0.56,57,S1,12013.0,19558.0,180184.0
bytes,100,0.58,59,S1,12013.0,20232.0,180184.0
bytes,100,0.6,61,S1,12013.0,20906.0,180184.0
bytes,100,0.62,63,S1,12013.0,21580.0,180184.0
bytes,100,0.64,65,S1,12013.0,22254.0,180184.0
bytes,100,0.66,67,S1,12013.0,22928.0,180184.0
bytes,126,0.02,3,S3,15092.0,1363.0,180184.0
bytes,126,0.04,6,S3,15092.0,2374.0,180184.0
bytes,126,0.06,8,S3,15092.0,3048.0,180184.0
bytes,126,0.08,11,S3,15092.0,4059.0,180184.0
bytes,126,0.1,13,S3,15092.0,4733.0,180184.0
bytes,126,0.12,16,S3,15092.0,5744.0,180184.0
bytes,126,0.14,18,S3,15092.0,6418.0,180184.0
bytes,126,0.16,21,S3,15092.0,7429.0,180184.0
bytes,126,0.18,23,S3,15092.0,8103.0,180184.0
bytes,126,0.2,26,S3,15092.0,9114.0,180184.0
bytes,126,0.22,28,S3,15092.0,9788.0,180184.0
bytes,126,0.24,31,S3,15092.0,10799.0,180184.0
bytes,126,0.26,33,S3,15092.0,11473.0,180184.0
bytes,126,0.28,36,S3,15092.0,12484.0,180184.0
bytes,126,0.3,37,S3,15092.0,12821.0,180184.0
bytes,126,0.32,40,S3,15092.0,13832.0,180184.0
bytes,126,0.34,42,S3,15092.0,14506.0,180184.0
bytes,126,0.36,45,S1,15092.0,15517.0,180184.0
bytes,126,0.38,47,S1,15092.0,16191.0,180184.0
bytes,126,0.4,51,S1,15092.0,17539.0,180184.0
bytes,126,0.42,53,S1,15092.0,18213.0,180184.0
bytes,126,0.44,56,S1,15092.0,19224.0,180184.0
bytes,126,0.46,58,S1,15092.0,19898.0,180184.0
bytes,126,0.48,61,S1,15092.0,20909.0,180184.0
bytes,126,0.5,64,S1,15092.0,21920.0,180184.0
bytes,126,0.52,66,S1,15092.0,22594.0,180184.0
bytes,126,0.54,69,S1,15092.0,23605.0,180184.0
bytes,126,0.56,71,S1,15092.0,24279.0,180184.0
bytes,126,0.58,74,S1,15092.0,25290.0,180184.0
bytes,126,0.6,76,S1,15092.0,25964.0,180184.0
bytes,126,0.62,79,S1,15092.0,26975.0,180184.0
bytes,126,0.64,81,S1,15092.0,27649.0,180184.0
bytes,126,0.66,84,S1,15092.0,28660.0,180184.0
bytes,158,0.02,4,S3,18808.0,1832.0,180184.0
bytes,158,0.04,7,S3,18808.0,2939.0,180184.0
bytes,158,0.06,10,S3,18808.0,4046.0,180184.0
bytes,158,0.08,13,S3,18808.0,5153.0,180184.0
bytes,158,0.1,16,S3,18808.0,6260.0,180184.0
bytes,158,0.12,19,S3,18808.0,7367.0,180184.0
bytes,158,0.14,23,S3,18808.0,8843.0,180184.0
bytes,158,0.16,25,S3,18808.0,9581.0,180184.0
bytes,158,0.18,28,S3,18808.0,10688.0,180184.0
bytes,158,0.2,30,S3,18808.0,11426.0,180184.0
bytes,158,0.22,32,S3,18808.0,12164.0,180184.0
bytes,158,0.24,35,S3,18808.0,13271.0,180184.0
bytes,158,0.26,38,S3,18808.0,14378.0,180184.0
bytes,158,0.28,40,S3,18808.0,15116.0,180184.0
bytes,158,0.3,43,S3,18808.0,16223.0,180184.0
bytes,158,0.32,46,S3,18808.0,17330.0,180184.0
bytes,158,0.34,48,S3,18808.0,18068.0,180184.0
bytes,158,0.36,51,S1,18808.0,19175.0,180184.0
bytes,158,0.38,56,S1,18808.0,21020.0,180184.0
bytes,158,0.4,59,S1,18808.0,22127.0,180184.0
bytes,158,0.42,62,S1,18808.0,23234.0,180184.0
bytes,158,0.44,66,S1,18808.0,24710.0,180184.0
bytes,158,0.46,70,S1,18808.0,26186.0,180184.0
bytes,158,0.48,74,S1,18808.0,27662.0,180184.0
bytes,158,0.5,79,S1,18808.0,29507.0,180184.0
bytes,158,0.52,83,S1,18808.0,30983.0,180184.0
bytes,158,0.54,86,S1,18808.0,32090.0,180184.0
bytes,158,0.56,89,S1,18808.0,33197.0,180184.0
bytes,158,0.58,92,S1,18808.0,34304.0,180184.0
bytes,158,0.6,95,S1,18808.0,35411.0,180184.0
bytes,158,0.62,98,S1,18808.0,36518.0,180184.0
bytes,158,0.64,102,S1,18808.0,37994.0,180184.0
bytes,158,0.66,105,S1,18808.0,39101.0,180184.0
bytes,200,0.02,5,S3,23713.0,2206.0,180184.0
bytes,200,0.04,9,S3,23713.0,3682.0,180184.0
bytes,200,0.06,13,S3,23713.0,5158.0,180184.0
bytes,200,0.08,17,S3,23713.0,6634.0,180184.0
bytes,200,0.1,21,S3,23713.0,8110.0,180184.0
bytes,200,0.12,23,S3,23713.0,8848.0,180184.0
bytes,200,0.14,26,S3,23713.0,9955.0,180184.0
bytes,200,0.16,28,S3,23713.0,10693.0,180184.0
bytes,200,0.18,31,S3,23713.0,11800.0,180184.0
bytes,200,0.2,33,S3,23713.0,12538.0,180184.0
bytes,200,0.22,36,S3,23713.0,13645.0,180184.0
bytes,200,0.24,39,S3,23713.0,14752.0,180184.0
bytes,200,0.26,42,S3,23713.0,15859.0,180184.0
bytes,200,0.28,45,S3,23713.0,16966.0,180184.0
bytes,200,0.3,48,S3,23713.0,18073.0,180184.0
bytes,200,0.32,51,S3,23713.0,19180.0,180184.0
bytes,200,0.34,55,S3,23713.0,20656.0,180184.0
bytes,200,0.36,58,S3,23713.0,21763.0,180184.0
bytes,200,0.38,62,S3,23713.0,23239.0,180184.0
bytes,200,0.4,67,S1,23713.0,25084.0,180184.0
bytes,200,0.42,71,S1,23713.0,26560.0,180184.0
bytes,200,0.44,76,S1,23713.0,28405.0,180184.0
bytes,200,0.46,81,S1,23713.0,30250.0,180184.0
bytes,200,0.48,87,S1,23713.0,32464.0,180184.0
bytes,200,0.5,93,S1,23713.0,34678.0,180184.0
bytes,200,0.52,99,S1,23713.0,36892.0,180184.0
bytes,200,0.54,106,S1,23713.0,39475.0,180184.0
bytes,200,0.56,112,S1,23713.0,41689.0,180184.0
bytes,200,0.58,117,S1,23713.0,43534.0,180184.0
bytes,200,0.6,121,S1,23713.0,45010.0,180184.0
bytes,200,0.62,125,S1,23713.0,46486.0,180184.0
bytes,200,0.64,129,S1,23713.0,47962.0,180184.0
bytes,200,0.66,133,S1,23713.0,49438.0,180184.0
bytes,251,0.02,6,S3,29670.0,2582.0,180184.0
bytes,251,0.04,11,S3,29670.0,4427.0,180184.0
bytes,251,0.06,16,S3,29670.0,6272.0,180184.0
bytes,251,0.08,20,S3,29670.0,7748.0,180184.0
bytes,251,0.1,23,S3,29670.0,8855.0,180184.0
bytes,251,0.12,25,S3,29670.0,9593.0,180184.0
bytes,251,0.14,28,S3,29670.0,10700.0,180184.0
bytes,251,0.16,30,S3,29670.0,11438.0,180184.0
bytes,251,0.18,33,S3,29670.0,12545.0,180184.0
bytes,251,0.2,36,S3,29670.0,13652.0,180184.0
bytes,251,0.22,39,S3,29670.0,14759.0,180184.0
bytes,251,0.24,41,S3,29670.0,15497.0,180184.0
bytes,251,0.26,45,S3,29670.0,16973.0,180184.0
bytes,251,0.28,48,S3,29670.0,18080.0,180184.0
bytes,251,0.3,51,S3,29670.0,19187.0,180184.0
bytes,251,0.32,55,S3,29670.0,20663.0,180184.0
bytes,251,0.34,59,S3,29670.0,22139.0,180184.0
bytes,251,0.36,63,S3,29670.0,23615.0,180184.0
bytes,251,0.38,68,S3,29670.0,25460.0,180184.0
bytes,251,0.4,73,S3,29670.0,27305.0,180184.0
bytes,251,0.42,78,S3,29670.0,29150.0,180184.0
bytes,251,0.44,84,S1,29670.0,31364.0,180184.0
bytes,251,0.46,91,S1,29670.0,33947.0,180184.0
bytes,251,0.48,98,S1,29670.0,36530.0,180184.0
bytes,251,0.5,105,S1,29670.0,39113.0,180184.0
bytes,251,0.52,114,S1,29670.0,42434.0,180184.0
bytes,251,0.54,123,S1,29670.0,45755.0,180184.0
bytes,251,0.56,132,S1,29670.0,49076.0,180184.0
bytes,251,0.58,142,S1,29670.0,52766.0,180184.0
bytes,251,0.6,151,S1,29670.0,56087.0,180184.0
bytes,251,0.62,156,S1,29670.0,57932.0,180184.0
bytes,251,0.64,161,S1,29670.0,59777.0,180184.0
bytes,251,0.66,166,S1,29670.0,61622.0,180184.0
bytes,316,0.02,7,S3,37240.0,3183.0,180184.0
bytes,316,0.04,13,S3,37240.0,5589.0,180184.0
bytes,316,0.06,18,S3,37240.0,7594.0,180184.0
bytes,316,0.08,21,S3,37240.0,8797.0,180184.0
bytes,316,0.1,24,S3,37240.0,10000.0,180184.0
bytes,316,0.12,26,S3,37240.0,10802.0,180184.0
bytes,316,0.14,29,S3,37240.0,12005.0,180184.0
bytes,316,0.16,32,S3,37240.0,13208.0,180184.0
bytes,316,0.18,35,S3,37240.0,14411.0,180184.0
bytes,316,0.2,38,S3,37240.0,15614.0,180184.0
bytes,316,0.22,41,S3,37240.0,16817.0,180184.0
bytes,316,0.24,44,S3,37240.0,18020.0,180184.0
bytes,316,0.26,47,S3,37240.0,19223.0,180184.0
bytes,316,0.28,51,S3,37240.0,20827.0,180184.0
bytes,316,0.3,54,S3,37240.0,22030.0,180184.0
bytes,316,0.32,59,S3,37240.0,24035.0,180184.0
bytes,316,0.34,63,S3,37240.0,25639.0,180184.0
bytes,316,0.36,68,S3,37240.0,27644.0,180184.0
bytes,316,0.38,73,S3,37240.0,29649.0,180184.0
bytes,316,0.4,79,S3,37240.0,32055.0,180184.0
bytes,316,0.42,85,S3,37240.0,34461.0,180184.0
bytes,316,0.44,93,S1,37240.0,37669.0,180184.0
bytes,316,0.46,100,S1,37240.0,40476.0,180184.0
bytes,316,0.48,108,S1,37240.0,43684.0,180184.0
bytes,316,0.5,119,S1,37240.0,48095.0,180184.0
bytes,316,0.52,129,S1,37240.0,52105.0,180184.0
bytes,316,0.54,141,S1,37240.0,56917.0,180184.0
bytes,316,0.56,153,S1,37240.0,61729.0,180184.0
bytes,316,0.58,170,S1,37240.0,68546.0,180184.0
bytes,316,0.6,184,S1,37240.0,74160.0,180184.0
bytes,316,0.62,196,S1,37240.0,78972.0,180184.0
bytes,316,0.64,203,S1,37240.0,81779.0,180184.0
bytes,316,0.66,209,S1,37240.0,84185.0,180184.0
bytes,398,0.02,8,S3,46838.0,3594.0,180184.0
bytes,398,0.04,16,S3,46838.0,6802.0,180184.0
bytes,398,0.06,19,S3,46838.0,8005.0,180184.0
bytes,398,0.08,22,S3,46838.0,9208.0,180184.0
bytes,398,0.1,25,S3,46838.0,10411.0,180184.0
bytes,398,0.12,28,S3,46838.0,11614.0,180184.0
bytes,398,0.14,30,S3,46838.0,12416.0,180184.0
bytes,398,0.16,33,S3,46838.0,13619.0,180184.0
bytes,398,0.18,36,S3,46838.0,14822.0,180184.0
bytes,398,0.2,39,S3,46838.0,16025.0,180184.0
bytes,398,0.22,42,S3,46838.0,17228.0,180184.0
bytes,398,0.24,46,S3,46838.0,18832.0,180184.0
bytes,398,0.26,49,S3,46838.0,20035.0,180184.0
bytes,398,0.28,53,S3,46838.0,21639.0,180184.0
bytes,398,0.3,57,S3,46838.0,23243.0,180184.0
bytes,398,0.32,62,S3,46838.0,25248.0,180184.0
bytes,398,0.34,67,S3,46838.0,27253.0,180184.0
bytes,398,0.36,72,S3,46838.0,29258.0,180184.0
bytes,398,0.38,78,S3,46838.0,31664.0,180184.0
bytes,398,0.4,84,S3,46838.0,34070.0,180184.0
bytes,398,0.42,91,S3,46838.0,36877.0,180184.0
bytes,398,0.44,99,S3,46838.0,40085.0,180184.0
bytes,398,0.46,108,S3,46838.0,43694.0,180184.0
bytes,398,0.48,118,S1,46838.0,47704.0,180184.0
bytes,398,0.5,130,S1,46838.0,52516.0,180184.0
bytes,398,0.52,142,S1,46838.0,57328.0,180184.0
bytes,398,0.54,157,S1,46838.0,63343.0,180184.0
bytes,398,0.56,175,S1,46838.0,70561.0,180184.0
bytes,398,0.58,195,S1,46838.0,78581.0,180184.0
bytes,398,0.6,217,S1,46838.0,87403.0,180184.0
bytes,398,0.62,240,S1,46838.0,96626.0,180184.0
bytes,398,0.64,255,S1,46838.0,102641.0,180184.0
bytes,398,0.66,263,S1,46838.0,105849.0,180184.0
bytes,501,0.02,11,S3,58889.0,4810.0,180184.0
bytes,501,0.04,17,S3,58889.0,7216.0,180184.0
bytes,501,0.06,20,S3,58889.0,8419.0,180184.0
bytes,501,0.08,23,S3,58889.0,9622.0,180184.0
bytes,501,0.1,26,S3,58889.0,10825.0,180184.0
bytes,501,0.12,29,S3,58889.0,12028.0,180184.0
bytes,501,0.14,32,S3,58889.0,13231.0,180184.0
bytes,501,0.16,35,S3,58889.0,14434.0,180184.0
bytes,501,0.18,38,S3,58889.0,15637.0,180184.0
bytes,501,0.2,41,S3,58889.0,16840.0,180184.0
bytes,501,0.22,44,S3,58889.0,18043.0,180184.0
bytes,501,0.24,48,S3,58889.0,19647.0,180184.0
bytes,501,0.26,51,S3,58889.0,20850.0,180184.0
bytes,501,0.28,55,S3,58889.0,22454.0,180184.0
bytes,501,0.3,60,S3,58889.0,24459.0,180184.0
bytes,501,0.32,64,S3,58889.0,26063.0,180184.0
bytes,501,0.34,70,S3,58889.0,28469.0,180184.0
bytes,501,0.36,75,S3,58889.0,30474.0,180184.0
bytes,501,0.38,81,S3,58889.0,32880.0,180184.0
bytes,501,0.4,88,S3,58889.0,35687.0,180184.0
bytes,501,0.42,96,S3,58889.0,38895.0,180184.0
bytes,501,0.44,105,S3,58889.0,42504.0,180184.0
bytes,501,0.46,115,S3,58889.0,46514.0,180184.0
bytes,501,0.48,126,S3,58889.0,50925.0,180184.0
bytes,501,0.5,139,S3,58889.0,56138.0,180184.0
bytes,501,0.52,155,S1,58889.0,62554.0,180184.0
bytes,501,0.54,173,S1,58889.0,69772.0,180184.0
bytes,501,0.56,195,S1,58889.0,78594.0,180184.0
bytes,501,0.58,221,S1,58889.0,89020.0,180184.0
bytes,501,0.6,253,S1,58889.0,101852.0,180184.0
bytes,501,0.62,288,S1,58889.0,115887.0,180184.0
bytes,501,0.64,319,S1,58889.0,128318.0,180184.0
bytes,501,0.66,331,S1,58889.0,133130.0,180184.0
bytes,631,0.02,13,S3,74029.0,6044.0,180184.0
bytes,631,0.04,18,S3,74029.0,8209.0,180184.0
bytes,631,0.06,21,S3,74029.0,9508.0,180184.0
bytes,631,0.08,24,S3,74029.0,10807.0,180184.0
bytes,631,0.1,27,S3,74029.0,12106.0,180184.0
bytes,631,0.12,30,S3,74029.0,13405.0,180184.0
bytes,631,0.14,33,S3,74029.0,14704.0,180184.0
bytes,631,0.16,35,S3,74029.0,15570.0,180184.0
bytes,631,0.18,39,S3,74029.0,17302.0,180184.0
bytes,631,0.2,42,S3,74029.0,18601.0,180184.0
bytes,631,0.22,45,S3,74029.0,19900.0,180184.0
bytes,631,0.24,49,S3,74029.0,21632.0,180184.0
bytes,631,0.26,53,S3,74029.0,23364.0,180184.0
bytes,631,0.28,57,S3,74029.0,25096.0,180184.0
bytes,631,0.3,62,S3,74029.0,27261.0,180184.0
bytes,631,0.32,66,S3,74029.0,28993.0,180184.0
bytes,631,0.34,72,S3,74029.0,31591.0,180184.0
bytes,631,0.36,78,S3,74029.0,34189.0,180184.0
bytes,631,0.38,85,S3,74029.0,37220.0,180184.0
bytes,631,0.4,92,S3,74029.0,40251.0,180184.0
bytes,631,0.42,101,S3,74029.0,44148.0,180184.0
bytes,631,0.44,110,S3,74029.0,48045.0,180184.0
bytes,631,0.46,122,S3,74029.0,53241.0,180184.0
bytes,631,0.48,134,S3,74029.0,58437.0,180184.0
bytes,631,0.5,149,S3,74029.0,64932.0,180184.0
bytes,631,0.52,168,S3,74029.0,73159.0,180184.0
bytes,631,0.54,188,S1,74029.0,81819.0,180184.0
bytes,631,0.56,216,S1,74029.0,93943.0,180184.0
bytes,631,0.58,247,S1,74029.0,107366.0,180184.0
bytes,631,0.6,290,S1,74029.0,125985.0,180184.0
bytes,631,0.62,342,S1,74029.0,148501.0,180184.0
bytes,631,0.64,393,S1,74029.0,170584.0,180184.0
bytes,631,0.66,417,S1,74029.0,180976.0,180184.0
bytes,794,0.02,14,S3,93088.0,6498.0,180184.0
bytes,794,0.04,18,S3,93088.0,8230.0,180184.0
bytes,794,0.06,21,S3,93088.0,9529.0,180184.0
bytes,794,0.08,24,S3,93088.0,10828.0,180184.0
bytes,794,0.1,27,S3,93088.0,12127.0,180184.0
bytes,794,0.12,30,S3,93088.0,13426.0,180184.0
bytes,794,0.14,33,S3,93088.0,14725.0,180184.0
bytes,794,0.16,36,S3,93088.0,16024.0,180184.0
bytes,794,0.18,39,S3,93088.0,17323.0,180184.0
bytes,794,0.2,43,S3,93088.0,19055.0,180184.0
bytes,794,0.22,46,S3,93088.0,20354.0,180184.0
bytes,794,0.24,50,S3,93088.0,22086.0,180184.0
bytes,794,0.26,54,S3,93088.0,23818.0,180184.0
bytes,794,0.28,59,S3,93088.0,25983.0,180184.0
bytes,794,0.3,63,S3,93088.0,27715.0,180184.0
bytes,794,0.32,69,S3,93088.0,30313.0,180184.0
bytes,794,0.34,74,S3,93088.0,32478.0,180184.0
bytes,794,0.36,80,S3,93088.0,35076.0,180184.0
bytes,794,0.38,87,S3,93088.0,38107.0,180184.0
bytes,794,0.4,95,S3,93088.0,41571.0,180184.0
bytes,794,0.42,104,S3,93088.0,45468.0,180184.0
bytes,794,0.44,115,S3,93088.0,50231.0,180184.0
bytes,794,0.46,127,S3,93088.0,55427.0,180184.0
bytes,794,0.48,141,S3,93088.0,61489.0,180184.0
bytes,794,0.5,157,S3,93088.0,68417.0,180184.0
bytes,794,0.52,176,S3,93088.0,76644.0,180184.0
bytes,794,0.54,201,S3,93088.0,87469.0,180184.0
bytes,794,0.56,231,S1,93088.0,100459.0,180184.0
bytes,794,0.58,271,S1,93088.0,117779.0,180184.0
bytes,794,0.6,323,S1,93088.0,140295.0,180184.0
bytes,794,0.62,393,S1,93088.0,170605.0,180184.0
bytes,794,0.64,478,S1,93088.0,207410.0,180184.0
bytes,794,0.66,525,S1,93088.0,227761.0,180184.0
bytes,1000,0.02,15,S3,117125.0,6956.0,180184.0
bytes,1000,0.04,19,S3,117125.0,8688.0,180184.0
bytes,1000,0.06,22,S3,117125.0,9987.0,180184.0
bytes,1000,0.08,25,S3,117125.0,11286.0,180184.0
bytes,1000,0.1,28,S3,117125.0,12585.0,180184.0
bytes,1000,0.12,31,S3,117125.0,13884.0,180184.0
bytes,1000,0.14,34,S3,117125.0,15183.0,180184.0
bytes,1000,0.16,37,S3,117125.0,16482.0,180184.0
bytes,1000,0.18,40,S3,117125.0,17781.0,180184.0
bytes,1000,0.2,44,S3,117125.0,19513.0,180184.0
bytes,1000,0.22,47,S3,117125.0,20812.0,180184.0
bytes,1000,0.24,51,S3,117125.0,22544.0,180184.0
bytes,1000,0.26,55,S3,117125.0,24276.0,180184.0
bytes,1000,0.28,60,S3,117125.0,26441.0,180184.0
bytes,1000,0.3,65,S3,117125.0,28606.0,180184.0
bytes,1000,0.32,70,S3,117125.0,30771.0,180184.0
bytes,1000,0.34,76,S3,117125.0,33369.0,180184.0
bytes,1000,0.36,83,S3,117125.0,36400.0,180184.0
bytes,1000,0.38,90,S3,117125.0,39431.0,180184.0
bytes,1000,0.4,98,S3,117125.0,42895.0,180184.0
bytes,1000,0.42,108,S3,117125.0,47225.0,180184.0
bytes,1000,0.44,119,S3,117125.0,51988.0,180184.0
bytes,1000,0.46,131,S3,117125.0,57184.0,180184.0
bytes,1000,0.48,146,S3,117125.0,63679.0,180184.0
bytes,1000,0.5,164,S3,117125.0,71473.0,180184.0
bytes,1000,0.52,186,S3,117125.0,80999.0,180184.0
bytes,1000,0.54,213,S3,117125.0,92690.0,180184.0
bytes,1000,0.56,248,S3,117125.0,107845.0,180184.0
bytes,1000,0.58,294,S1,117125.0,127763.0,180184.0
bytes,1000,0.6,357,S1,117125.0,155042.0,180184.0
bytes,1000,0.62,446,S1,117125.0,193579.0,180184.0
bytes,1000,0.64,570,S1,117125.0,247271.0,180184.0
bytes,1000,0.66,661,S1,117125.0,286674.0,180184.0
bytes,1259,0.02,15,S3,147396.0,7469.0,180184.0
bytes,1259,0.04,19,S3,147396.0,9329.0,180184.0
bytes,1259,0.06,22,S3,147396.0,10724.0,180184.0
bytes,1259,0.08,25,S3,147396.0,12119.0,180184.0
bytes,1259,0.1,28,S3,147396.0,13514.0,180184.0
bytes,1259,0.12,31,S3,147396.0,14909.0,180184.0
bytes,1259,0.14,34,S3,147396.0,16304.0,180184.0
bytes,1259,0.16,37,S3,147396.0,17699.0,180184.0
bytes,1259,0.18,41,S3,147396.0,19559.0,180184.0
bytes,1259,0.2,44,S3,147396.0,20954.0,180184.0
bytes,1259,0.22,48,S3,147396.0,22814.0,180184.0
bytes,1259,0.24,52,S3,147396.0,24674.0,180184.0
bytes,1259,0.26,56,S3,147396.0,26534.0,180184.0
bytes,1259,0.28,61,S3,147396.0,28859.0,180184.0
bytes,1259,0.3,66,S3,147396.0,31184.0,180184.0
bytes,1259,0.32,71,S3,147396.0,33509.0,180184.0
bytes,1259,0.34,77,S3,147396.0,36299.0,180184.0
bytes,1259,0.36,84,S3,147396.0,39554.0,180184.0
bytes,1259,0.38,92,S3,147396.0,43274.0,180184.0
bytes,1259,0.4,100,S3,147396.0,46994.0,180184.0
bytes,1259,0.42,110,S3,147396.0,51644.0,180184.0
bytes,1259,0.44,121,S3,147396.0,56759.0,180184.0
bytes,1259,0.46,135,S3,147396.0,63269.0,180184.0
bytes,1259,0.48,150,S3,147396.0,70244.0,180184.0
bytes,1259,0.5,169,S3,147396.0,79079.0,180184.0
bytes,1259,0.52,192,S3,147396.0,89774.0,180184.0
bytes,1259,0.54,221,S3,147396.0,103259.0,180184.0
bytes,1259,0.56,260,S3,147396.0,121394.0,180184.0
bytes,1259,0.58,311,S3,147396.0,145109.0,180184.0
bytes,1259,0.6,382,S1,147396.0,178124.0,180184.0
bytes,1259,0.62,489,S1,147396.0,227879.0,180184.0
bytes,1259,0.64,654,S1,147396.0,304604.0,180184.0
bytes,1259,0.66,831,S1,147396.0,386909.0,180184.0
bytes,1585,0.02,15,S3,185449.0,7510.0,180184.0
bytes,1585,0.04,19,S3,185449.0,9370.0,180184.0
bytes,1585,0.06,23,S3,185449.0,11230.0,180184.0
bytes,1585,0.08,26,S3,185449.0,12625.0,180184.0
bytes,1585,0.1,29,S3,185449.0,14020.0,180184.0
bytes,1585,0.12,32,S3,185449.0,15415.0,180184.0
bytes,1585,0.14,35,S3,185449.0,16810.0,180184.0
bytes,1585,0.16,38,S3,185449.0,18205.0,180184.0
bytes,1585,0.18,41,S3,185449.0,19600.0,180184.0
bytes,1585,0.2,45,S3,185449.0,21460.0,180184.0
bytes,1585,0.22,48,S3,185449.0,22855.0,180184.0
bytes,1585,0.24,52,S3,185449.0,24715.0,180184.0
bytes,1585,0.26,57,S3,185449.0,27040.0,180184.0
bytes,1585,0.28,61,S3,185449.0,28900.0,180184.0
bytes,1585,0.3,66,S3,185449.0,31225.0,180184.0
bytes,1585,0.32,72,S3,185449.0,34015.0,180184.0
bytes,1585,0.34,78,S3,185449.0,36805.0,180184.0
bytes,1585,0.36,85,S3,185449.0,40060.0,180184.0
bytes,1585,0.38,93,S3,185449.0,43780.0,180184.0
bytes,1585,0.4,102,S3,185449.0,47965.0,180184.0
bytes,1585,0.42,112,S3,185449.0,52615.0,180184.0
bytes,1585,0.44,124,S3,185449.0,58195.0,180184.0
bytes,1585,0.46,138,S3,185449.0,64705.0,180184.0
bytes,1585,0.48,154,S3,185449.0,72145.0,180184.0
bytes,1585,0.5,174,S3,185449.0,81445.0,180184.0
bytes,1585,0.52,199,S3,185449.0,93070.0,180184.0
bytes,1585,0.54,229,S3,185449.0,107020.0,180184.0
bytes,1585,0.56,270,S3,185449.0,126085.0,180184.0
bytes,1585,0.58,327,S3,185449.0,152590.0,180184.0
bytes,1585,0.6,409,S2,185449.0,190720.0,180184.0
bytes,1585,0.62,533,S2,185449.0,248380.0,180184.0
bytes,1585,0.64,751,S2,185449.0,349750.0,180184.0
bytes,1585,0.66,1045,S2,185449.0,486460.0,180184.0
bytes,1995,0.02,15,S3,233376.0,7561.0,180184.0
bytes,1995,0.04,19,S3,233376.0,9421.0,180184.0
bytes,1995,0.06,23,S3,233376.0,11281.0,180184.0
bytes,1995,0.08,26,S3,233376.0,12676.0,180184.0
bytes,1995,0.1,29,S3,233376.0,14071.0,180184.0
bytes,1995,0.12,32,S3,233376.0,15466.0,180184.0
bytes,1995,0.14,35,S3,233376.0,16861.0,180184.0
bytes,1995,0.16,38,S3,233376.0,18256.0,180184.0
bytes,1995,0.18,41,S3,233376.0,19651.0,180184.0
bytes,1995,0.2,45,S3,233376.0,21511.0,180184.0
bytes,1995,0.22,49,S3,233376.0,23371.0,180184.0
bytes,1995,0.24,53,S3,233376.0,25231.0,180184.0
bytes,1995,0.26,57,S3,233376.0,27091.0,180184.0
bytes,1995,0.28,62,S3,233376.0,29416.0,180184.0
bytes,1995,0.3,67,S3,233376.0,31741.0,180184.0
bytes,1995,0.32,73,S3,233376.0,34531.0,180184.0
bytes,1995,0.34,79,S3,233376.0,37321.0,180184.0
bytes,1995,0.36,86,S3,233376.0,40576.0,180184.0
bytes,1995,0.38,94,S3,233376.0,44296.0,180184.0
bytes,1995,0.4,103,S3,233376.0,48481.0,180184.0
bytes,1995,0.42,114,S3,233376.0,53596.0,180184.0
bytes,1995,0.44,126,S3,233376.0,59176.0,180184.0
bytes,1995,0.46,140,S3,233376.0,65686.0,180184.0
bytes,1995,0.48,157,S3,233376.0,73591.0,180184.0
bytes,1995,0.5,177,S3,233376.0,82891.0,180184.0
bytes,1995,0.52,203,S3,233376.0,94981.0,180184.0
bytes,1995,0.54,236,S3,233376.0,110326.0,180184.0
bytes,1995,0.56,279,S3,233376.0,130321.0,180184.0
bytes,1995,0.58,339,S3,233376.0,158221.0,180184.0
bytes,1995,0.6,429,S2,233376.0,200071.0,180184.0
bytes,1995,0.62,568,S2,233376.0,264706.0,180184.0
bytes,1995,0.64,828,S2,233376.0,385606.0,180184.0
bytes,1995,0.66,1291,S2,233376.0,600901.0,180184.0
bytes,2512,0.02,16,S3,293714.0,8602.0,180184.0
bytes,2512,0.04,20,S3,293714.0,10590.0,180184.0
bytes,2512,0.06,23,S3,293714.0,12081.0,180184.0
bytes,2512,0.08,26,S3,293714.0,13572.0,180184.0
bytes,2512,0.1,29,S3,293714.0,15063.0,180184.0
bytes,2512,0.12,32,S3,293714.0,16554.0,180184.0
bytes,2512,0.14,35,S3,293714.0,18045.0,180184.0
bytes,2512,0.16,38,S3,293714.0,19536.0,180184.0
bytes,2512,0.18,42,S3,293714.0,21524.0,180184.0
bytes,2512,0.2,45,S3,293714.0,23015.0,180184.0
bytes,2512,0.22,49,S3,293714.0,25003.0,180184.0
bytes,2512,0.24,53,S3,293714.0,26991.0,180184.0
bytes,2512,0.26,58,S3,293714.0,29476.0,180184.0
bytes,2512,0.28,62,S3,293714.0,31464.0,180184.0
bytes,2512,0.3,68,S3,293714.0,34446.0,180184.0
bytes,2512,0.32,73,S3,293714.0,36931.0,180184.0
bytes,2512,0.34,80,S3,293714.0,40410.0,180184.0
bytes,2512,0.36,87,S3,293714.0,43889.0,180184.0
bytes,2512,0.38,95,S3,293714.0,47865.0,180184.0
bytes,2512,0.4,104,S3,293714.0,52338.0,180184.0
bytes,2512,0.42,115,S3,293714.0,57805.0,180184.0
bytes,2512,0.44,127,S3,293714.0,63769.0,180184.0
bytes,2512,0.46,142,S3,293714.0,71224.0,180184.0
bytes,2512,0.48,159,S3,293714.0,79673.0,180184.0
bytes,2512,0.5,181,S3,293714.0,90607.0,180184.0
bytes,2512,0.52,207,S3,293714.0,103529.0,180184.0
bytes,2512,0.54,241,S3,293714.0,120427.0,180184.0
bytes,2512,0.56,287,S3,293714.0,143289.0,180184.0
bytes,2512,0.58,350,S3,293714.0,174600.0,180184.0
bytes,2512,0.6,447,S2,293714.0,222809.0,180184.0
bytes,2512,0.62,606,S2,293714.0,301832.0,180184.0
bytes,2512,0.64,916,S2,293714.0,455902.0,180184.0
bytes,2512,0.66,1590,S2,293714.0,790880.0,180184.0
bytes,3162,0.02,16,S3,369672.0,8684.0,180184.0
bytes,3162,0.04,20,S3,369672.0,10672.0,180184.0
bytes,3162,0.06,23,S3,369672.0,12163.0,180184.0
bytes,3162,0.08,26,S3,369672.0,13654.0,180184.0
bytes,3162,0.1,29,S3,369672.0,15145.0,180184.0
bytes,3162,0.12,32,S3,369672.0,16636.0,180184.0
bytes,3162,0.14,35,S3,369672.0,18127.0,180184.0
bytes,3162,0.16,39,S3,369672.0,20115.0,180184.0
bytes,3162,0.18,42,S3,369672.0,21606.0,180184.0
bytes,3162,0.2,46,S3,369672.0,23594.0,180184.0
bytes,3162,0.22,49,S3,369672.0,25085.0,180184.0
bytes,3162,0.24,54,S3,369672.0,27570.0,180184.0
bytes,3162,0.26,58,S3,369672.0,29558.0,180184.0
bytes,3162,0.28,63,S3,369672.0,32043.0,180184.0
bytes,3162,0.3,68,S3,369672.0,34528.0,180184.0
bytes,3162,0.32,74,S3,369672.0,37510.0,180184.0
bytes,3162,0.34,81,S3,369672.0,40989.0,180184.0
bytes,3162,0.36,88,S3,369672.0,44468.0,180184.0
bytes,3162,0.38,96,S3,369672.0,48444.0,180184.0
bytes,3162,0.4,105,S3,369672.0,52917.0,180184.0
bytes,3162,0.42,116,S3,369672.0,58384.0,180184.0
bytes,3162,0.44,129,S3,369672.0,64845.0,180184.0
bytes,3162,0.46,143,S3,369672.0,71803.0,180184.0
bytes,3162,0.48,161,S3,369672.0,80749.0,180184.0
bytes,3162,0.5,183,S3,369672.0,91683.0,180184.0
bytes,3162,0.52,210,S3,369672.0,105102.0,180184.0
bytes,3162,0.54,245,S3,369672.0,122497.0,180184.0
bytes,3162,0.56,292,S3,369672.0,145856.0,180184.0
bytes,3162,0.58,359,S3,369672.0,179155.0,180184.0
bytes,3162,0.6,461,S2,369672.0,229849.0,180184.0
bytes,3162,0.62,633,S2,369672.0,315333.0,180184.0
bytes,3162,0.64,982,S2,369672.0,488786.0,180184.0
bytes,3162,0.66,1910,S2,369672.0,950002.0,180184.0
bytes,3981,0.02,16,S3,465324.0,8786.0,180184.0
bytes,3981,0.04,20,S3,465324.0,10774.0,180184.0
bytes,3981,0.06,23,S3,465324.0,12265.0,180184.0
bytes,3981,0.08,26,S3,465324.0,13756.0,180184.0
bytes,3981,0.1,29,S3,465324.0,15247.0,180184.0
bytes,3981,0.12,32,S3,465324.0,16738.0,180184.0
bytes,3981,0.14,35,S3,465324.0,18229.0,180184.0
bytes,3981,0.16,39,S3,465324.0,20217.0,180184.0
bytes,3981,0.18,42,S3,465324.0,21708.0,180184.0
bytes,3981,0.2,46,S3,465324.0,23696.0,180184.0
bytes,3981,0.22,50,S3,465324.0,25684.0,180184.0
bytes,3981,0.24,54,S3,465324.0,27672.0,180184.0
bytes,3981,0.26,58,S3,465324.0,29660.0,180184.0
bytes,3981,0.28,63,S3,465324.0,32145.0,180184.0
bytes,3981,0.3,69,S3,465324.0,35127.0,180184.0
bytes,3981,0.32,74,S3,465324.0,37612.0,180184.0
bytes,3981,0.34,81,S3,465324.0,41091.0,180184.0
bytes,3981,0.36,88,S3,465324.0,44570.0,180184.0
bytes,3981,0.38,97,S3,465324.0,49043.0,180184.0
bytes,3981,0.4,106,S3,465324.0,53516.0,180184.0
bytes,3981,0.42,117,S3,465324.0,58983.0,180184.0
bytes,3981,0.44,130,S3,465324.0,65444.0,180184.0
bytes,3981,0.46,145,S3,465324.0,72899.0,180184.0
bytes,3981,0.48,163,S3,465324.0,81845.0,180184.0
bytes,3981,0.5,185,S3,465324.0,92779.0,180184.0
bytes,3981,0.52,213,S3,465324.0,106695.0,180184.0
bytes,3981,0.54,249,S3,465324.0,124587.0,180184.0
bytes,3981,0.56,298,S3,465324.0,148940.0,180184.0
bytes,3981,0.58,366,S2,465324.0,182736.0,180184.0
bytes,3981,0.6,473,S2,465324.0,235915.0,180184.0
bytes,3981,0.62,658,S2,465324.0,327860.0,180184.0
bytes,3981,0.64,1045,S2,465324.0,520199.0,180184.0
bytes,3981,0.66,2277,S2,465324.0,1132503.0,180184.0
bytes,5012,0.02,16,S3,585715.0,9427.0,180184.0
bytes,5012,0.04,20,S3,585715.0,11543.0,180184.0
bytes,5012,0.06,23,S3,585715.0,13130.0,180184.0
bytes,5012,0.08,26,S3,585715.0,14717.0,180184.0
bytes,5012,0.1,29,S3,585715.0,16304.0,180184.0
bytes,5012,0.12,32,S3,585715.0,17891.0,180184.0
bytes,5012,0.14,36,S3,585715.0,20007.0,180184.0
bytes,5012,0.16,39,S3,585715.0,21594.0,180184.0
bytes,5012,0.18,42,S3,585715.0,23181.0,180184.0
bytes,5012,0.2,46,S3,585715.0,25297.0,180184.0
bytes,5012,0.22,50,S3,585715.0,27413.0,180184.0
bytes,5012,0.24,54,S3,585715.0,29529.0,180184.0
bytes,5012,0.26,59,S3,585715.0,32174.0,180184.0
bytes,5012,0.28,63,S3,585715.0,34290.0,180184.0
bytes,5012,0.3,69,S3,585715.0,37464.0,180184.0
bytes,5012,0.32,75,S3,585715.0,40638.0,180184.0
bytes,5012,0.34,81,S3,585715.0,43812.0,180184.0
bytes,5012,0.36,89,S3,585715.0,48044.0,180184.0
bytes,5012,0.38,97,S3,585715.0,52276.0,180184.0
bytes,5012,0.4,107,S3,585715.0,57566.0,180184.0
bytes,5012,0.42,118,S3,585715.0,63385.0,180184.0
bytes,5012,0.44,131,S3,585715.0,70262.0,180184.0
bytes,5012,0.46,146,S3,585715.0,78197.0,180184.0
bytes,5012,0.48,164,S3,585715.0,87719.0,180184.0
bytes,5012,0.5,187,S3,585715.0,99886.0,180184.0
bytes,5012,0.52,215,S3,585715.0,114698.0,180184.0
bytes,5012,0.54,252,S3,585715.0,134271.0,180184.0
bytes,5012,0.56,302,S3,585715.0,160721.0,180184.0
bytes,5012,0.58,373,S2,585715.0,198280.0,180184.0
bytes,5012,0.6,484,S2,585715.0,256999.0,180184.0
bytes,5012,0.62,678,S2,585715.0,359625.0,180184.0
bytes,5012,0.64,1103,S2,585715.0,584450.0,180184.0
bytes,5012,0.66,2644,S2,585715.0,1399639.0,180184.0
bytes,6310,0.02,16,S3,737289.0,9589.0,180184.0
bytes,6310,0.04,20,S3,737289.0,11705.0,180184.0
bytes,6310,0.06,23,S3,737289.0,13292.0,180184.0
bytes,6310,0.08,26,S3,737289.0,14879.0,180184.0
bytes,6310,0.1,29,S3,737289.0,16466.0,180184.0
bytes,6310,0.12,33,S3,737289.0,18582.0,180184.0
bytes,6310,0.14,36,S3,737289.0,20169.0,180184.0
bytes,6310,0.16,39,S3,737289.0,21756.0,180184.0
bytes,6310,0.18,42,S3,737289.0,23343.0,180184.0
bytes,6310,0.2,46,S3,737289.0,25459.0,180184.0
bytes,6310,0.22,50,S3,737289.0,27575.0,180184.0
bytes,6310,0.24,54,S3,737289.0,29691.0,180184.0
bytes,6310,0.26,59,S3,737289.0,32336.0,180184.0
bytes,6310,0.28,64,S3,737289.0,34981.0,180184.0
bytes,6310,0.3,69,S3,737289.0,37626.0,180184.0
bytes,6310,0.32,75,S3,737289.0,40800.0,180184.0
bytes,6310,0.34,82,S3,737289.0,44503.0,180184.0
bytes,6310,0.36,89,S3,737289.0,48206.0,180184.0
bytes,6310,0.38,98,S3,737289.0,52967.0,180184.0
bytes,6310,0.4,107,S3,737289.0,57728.0,180184.0
bytes,6310,0.42,118,S3,737289.0,63547.0,180184.0
bytes,6310,0.44,131,S3,737289.0,70424.0,180184.0
bytes,6310,0.46,147,S3,737289.0,78888.0,180184.0
bytes,6310,0.48,165,S3,737289.0,88410.0,180184.0
bytes,6310,0.5,188,S3,737289.0,100577.0,180184.0
bytes,6310,0.52,217,S3,737289.0,115918.0,180184.0
bytes,6310,0.54,255,S3,737289.0,136020.0,180184.0
bytes,6310,0.56,305,S3,737289.0,162470.0,180184.0
bytes,6310,0.58,378,S2,737289.0,201087.0,180184.0
bytes,6310,0.6,493,S2,737289.0,261922.0,180184.0
bytes,6310,0.62,696,S2,737289.0,369309.0,180184.0
bytes,6310,0.64,1154,S2,737289.0,611591.0,180184.0
bytes,6310,0.66,3034,S2,737289.0,1606111.0,180184.0
bytes,7943,0.02,16,S3,928031.0,9793.0,180184.0
bytes,7943,0.04,20,S3,928031.0,11909.0,180184.0
bytes,7943,0.06,23,S3,928031.0,13496.0,180184.0
bytes,7943,0.08,26,S3,928031.0,15083.0,180184.0
bytes,7943,0.1,29,S3,928031.0,16670.0,180184.0
bytes,7943,0.12,33,S3,928031.0,18786.0,180184.0
bytes,7943,0.14,36,S3,928031.0,20373.0,180184.0
bytes,7943,0.16,39,S3,928031.0,21960.0,180184.0
bytes,7943,0.18,42,S3,928031.0,23547.0,180184.0
bytes,7943,0.2,46,S3,928031.0,25663.0,180184.0
bytes,7943,0.22,50,S3,928031.0,27779.0,180184.0
bytes,7943,0.24,54,S3,928031.0,29895.0,180184.0
bytes,7943,0.26,59,S3,928031.0,32540.0,180184.0
bytes,7943,0.28,64,S3,928031.0,35185.0,180184.0
bytes,7943,0.3,69,S3,928031.0,37830.0,180184.0
bytes,7943,0.32,75,S3,928031.0,41004.0,180184.0
bytes,7943,0.34,82,S3,928031.0,44707.0,180184.0
bytes,7943,0.36,89,S3,928031.0,48410.0,180184.0
bytes,7943,0.38,98,S3,928031.0,53171.0,180184.0
bytes,7943,0.4,108,S3,928031.0,58461.0,180184.0
bytes,7943,0.42,119,S3,928031.0,64280.0,180184.0
bytes,7943,0.44,132,S3,928031.0,71157.0,180184.0
bytes,7943,0.46,147,S3,928031.0,79092.0,180184.0
bytes,7943,0.48,166,S3,928031.0,89143.0,180184.0
bytes,7943,0.5,189,S3,928031.0,101310.0,180184.0
bytes,7943,0.52,218,S3,928031.0,116651.0,180184.0
bytes,7943,0.54,256,S3,928031.0,136753.0,180184.0
bytes,7943,0.56,308,S3,928031.0,164261.0,180184.0
bytes,7943,0.58,382,S2,928031.0,203407.0,180184.0
bytes,7943,0.6,499,S2,928031.0,265300.0,180184.0
bytes,7943,0.62,708,S2,928031.0,375861.0,180184.0
bytes,7943,0.64,1190,S2,928031.0,630839.0,180184.0
bytes,7943,0.66,3383,S2,928031.0,1790936.0,180184.0
bytes,10000,0.02,16,S3,1168250.0,10562.0,180184.0
bytes,10000,0.04,20,S3,1168250.0,12806.0,180184.0
bytes,10000,0.06,23,S3,1168250.0,14489.0,180184.0
bytes,10000,0.08,26,S3,1168250.0,16172.0,180184.0
bytes,10000,0.1,30,S3,1168250.0,18416.0,180184.0
bytes,10000,0.12,33,S3,1168250.0,20099.0,180184.0
bytes,10000,0.14,36,S3,1168250.0,21782.0,180184.0
bytes,10000,0.16,39,S3,1168250.0,23465.0,180184.0
bytes,10000,0.18,43,S3,1168250.0,25709.0,180184.0
bytes,10000,0.2,46,S3,1168250.0,27392.0,180184.0
bytes,10000,0.22,50,S3,1168250.0,29636.0,180184.0
bytes,10000,0.24,54,S3,1168250.0,31880.0,180184.0
bytes,10000,0.26,59,S3,1168250.0,34685.0,180184.0
bytes,10000,0.28,64,S3,1168250.0,37490.0,180184.0
bytes,10000,0.3,69,S3,1168250.0,40295.0,180184.0
bytes,10000,0.32,75,S3,1168250.0,43661.0,180184.0
bytes,10000,0.34,82,S3,1168250.0,47588.0,180184.0
bytes,10000,0.36,90,S3,1168250.0,52076.0,180184.0
bytes,10000,0.38,98,S3,1168250.0,56564.0,180184.0
bytes,10000,0.4,108,S3,1168250.0,62174.0,180184.0
bytes,10000,0.42,119,S3,1168250.0,68345.0,180184.0
bytes,10000,0.44,132,S3,1168250.0,75638.0,180184.0
bytes,10000,0.46,148,S3,1168250.0,84614.0,180184.0
bytes,10000,0.48,167,S3,1168250.0,95273.0,180184.0
bytes,10000,0.5,190,S3,1168250.0,108176.0,180184.0
bytes,10000,0.52,219,S3,1168250.0,124445.0,180184.0
bytes,10000,0.54,258,S3,1168250.0,146324.0,180184.0
bytes,10000,0.56,310,S3,1168250.0,175496.0,180184.0
bytes,10000,0.58,386,S2,1168250.0,218132.0,180184.0
bytes,10000,0.6,505,S2,1168250.0,284891.0,180184.0
bytes,10000,0.62,721,S2,1168250.0,406067.0,180184.0
bytes,10000,0.64,1226,S2,1168250.0,689372.0,180184.0
bytes,10000,0.66,3735,S2,1168250.0,2096921.0,180184.0
bytes,12589,0.02,16,S3,1470624.0,10886.0,180184.0
bytes,12589,0.04,20,S3,1470624.0,13130.0,180184.0
bytes,12589,0.06,23,S3,1470624.0,14813.0,180184.0
bytes,12589,0.08,27,S3,1470624.0,17057.0,180184.0
bytes,12589,0.1,30,S3,1470624.0,18740.0,180184.0
bytes,12589,0.12,33,S3,1470624.0,20423.0,180184.0
bytes,12589,0.14,36,S3,1470624.0,22106.0,180184.0
bytes,12589,0.16,39,S3,1470624.0,23789.0,180184.0
bytes,12589,0.18,43,S3,1470624.0,26033.0,180184.0
bytes,12589,0.2,46,S3,1470624.0,27716.0,180184.0
bytes,12589,0.22,50,S3,1470624.0,29960.0,180184.0
bytes,12589,0.24,54,S3,1470624.0,32204.0,180184.0
bytes,12589,0.26,59,S3,1470624.0,35009.0,180184.0
bytes,12589,0.28,64,S3,1470624.0,37814.0,180184.0
bytes,12589,0.3,69,S3,1470624.0,40619.0,180184.0
bytes,12589,0.32,76,S3,1470624.0,44546.0,180184.0
bytes,12589,0.34,82,S3,1470624.0,47912.0,180184.0
bytes,12589,0.36,90,S3,1470624.0,52400.0,180184.0
bytes,12589,0.38,98,S3,1470624.0,56888.0,180184.0
bytes,12589,0.4,108,S3,1470624.0,62498.0,180184.0
bytes,12589,0.42,119,S3,1470624.0,68669.0,180184.0
bytes,12589,0.44,133,S3,1470624.0,76523.0,180184.0
bytes,12589,0.46,148,S3,1470624.0,84938.0,180184.0
bytes,12589,0.48,167,S3,1470624.0,95597.0,180184.0
bytes,12589,0.5,191,S3,1470624.0,109061.0,180184.0
bytes,12589,0.52,220,S3,1470624.0,125330.0,180184.0
bytes,12589,0.54,259,S3,1470624.0,147209.0,180184.0
bytes,12589,0.56,312,S3,1470624.0,176942.0,180184.0
bytes,12589,0.58,388,S2,1470624.0,219578.0,180184.0
bytes,12589,0.6,509,S2,1470624.0,287459.0,180184.0
bytes,12589,0.62,729,S2,1470624.0,410879.0,180184.0
bytes,12589,0.64,1248,S2,1470624.0,702038.0,180184.0
bytes,12589,0.66,4002,S2,1470624.0,2247032.0,180184.0
bytes,15849,0.02,16,S3,1851408.0,11294.0,180184.0
bytes,15849,0.04,20,S3,1851408.0,13538.0,180184.0
bytes,15849,0.06,23,S3,1851408.0,15221.0,180184.0
bytes,15849,0.08,27,S3,1851408.0,17465.0,180184.0
bytes,15849,0.1,30,S3,1851408.0,19148.0,180184.0
bytes,15849,0.12,33,S3,1851408.0,20831.0,180184.0
bytes,15849,0.14,36,S3,1851408.0,22514.0,180184.0
bytes,15849,0.16,39,S3,1851408.0,24197.0,180184.0
bytes,15849,0.18,43,S3,1851408.0,26441.0,180184.0
bytes,15849,0.2,46,S3,1851408.0,28124.0,180184.0
bytes,15849,0.22,50,S3,1851408.0,30368.0,180184.0
bytes,15849,0.24,55,S3,1851408.0,33173.0,180184.0
bytes,15849,0.26,59,S3,1851408.0,35417.0,180184.0
bytes,15849,0.28,64,S3,1851408.0,38222.0,180184.0
bytes,15849,0.3,70,S3,1851408.0,41588.0,180184.0
bytes,15849,0.32,76,S3,1851408.0,44954.0,180184.0
bytes,15849,0.34,82,S3,1851408.0,48320.0,180184.0
bytes,15849,0.36,90,S3,1851408.0,52808.0,180184.0
bytes,15849,0.38,99,S3,1851408.0,57857.0,180184.0
bytes,15849,0.4,108,S3,1851408.0,62906.0,180184.0
bytes,15849,0.42,120,S3,1851408.0,69638.0,180184.0
bytes,15849,0.44,133,S3,1851408.0,76931.0,180184.0
bytes,15849,0.46,149,S3,1851408.0,85907.0,180184.0
bytes,15849,0.48,168,S3,1851408.0,96566.0,180184.0
bytes,15849,0.5,191,S3,1851408.0,109469.0,180184.0
bytes,15849,0.52,221,S3,1851408.0,126299.0,180184.0
bytes,15849,0.54,260,S3,1851408.0,148178.0,180184.0
bytes,15849,0.56,313,S3,1851408.0,177911.0,180184.0
bytes,15849,0.58,390,S2,1851408.0,221108.0,180184.0
bytes,15849,0.6,513,S2,1851408.0,290111.0,180184.0
bytes,15849,0.62,735,S2,1851408.0,414653.0,180184.0
bytes,15849,0.64,1270,S2,1851408.0,714788.0,180184.0
bytes,15849,0.66,4253,S2,1851408.0,2388251.0,180184.0
bytes,19953,0.02,16,S3,2330721.0,12319.0,180184.0
bytes,19953,0.04,20,S3,2330721.0,14691.0,180184.0
bytes,19953,0.06,23,S3,2330721.0,16470.0,180184.0
bytes,19953,0.08,27,S3,2330721.0,18842.0,180184.0
bytes,19953,0.1,30,S3,2330721.0,20621.0,180184.0
bytes,19953,0.12,33,S3,2330721.0,22400.0,180184.0
bytes,19953,0.14,36,S3,2330721.0,24179.0,180184.0
bytes,19953,0.16,39,S3,2330721.0,25958.0,180184.0
bytes,19953,0.18,43,S3,2330721.0,28330.0,180184.0
bytes,19953,0.2,46,S3,2330721.0,30109.0,180184.0
bytes,19953,0.22,50,S3,2330721.0,32481.0,180184.0
bytes,19953,0.24,55,S3,2330721.0,35446.0,180184.0
bytes,19953,0.26,59,S3,2330721.0,37818.0,180184.0
bytes,19953,0.28,64,S3,2330721.0,40783.0,180184.0
bytes,19953,0.3,70,S3,2330721.0,44341.0,180184.0
bytes,19953,0.32,76,S3,2330721.0,47899.0,180184.0
bytes,19953,0.34,82,S3,2330721.0,51457.0,180184.0
bytes,19953,0.36,90,S3,2330721.0,56201.0,180184.0
bytes,19953,0.38,99,S3,2330721.0,61538.0,180184.0
bytes,19953,0.4,108,S3,2330721.0,66875.0,180184.0
bytes,19953,0.42,120,S3,2330721.0,73991.0,180184.0
bytes,19953,0.44,133,S3,2330721.0,81700.0,180184.0
bytes,19953,0.46,149,S3,2330721.0,91188.0,180184.0
bytes,19953,0.48,168,S3,2330721.0,102455.0,180184.0
bytes,19953,0.5,192,S3,2330721.0,116687.0,180184.0
bytes,19953,0.52,221,S3,2330721.0,133884.0,180184.0
bytes,19953,0.54,261,S3,2330721.0,157604.0,180184.0
bytes,19953,0.56,314,S2,2330721.0,189033.0,180184.0
bytes,19953,0.58,392,S2,2330721.0,235287.0,180184.0
bytes,19953,0.6,515,S2,2330721.0,308226.0,180184.0
bytes,19953,0.62,741,S2,2330721.0,442244.0,180184.0
bytes,19953,0.64,1286,S2,2330721.0,765429.0,180184.0
bytes,19953,0.66,4459,S2,2330721.0,2647018.0,180184.0
bytes,25119,0.02,16,S3,2934066.0,12964.0,180184.0
bytes,25119,0.04,20,S3,2934066.0,15336.0,180184.0
bytes,25119,0.06,23,S3,2934066.0,17115.0,180184.0
bytes,25119,0.08,27,S3,2934066.0,19487.0,180184.0
bytes,25119,0.1,30,S3,2934066.0,21266.0,180184.0
bytes,25119,0.12,33,S3,2934066.0,23045.0,180184.0
bytes,25119,0.14,36,S3,2934066.0,24824.0,180184.0
bytes,25119,0.16,39,S3,2934066.0,26603.0,180184.0
bytes,25119,0.18,43,S3,2934066.0,28975.0,180184.0
bytes,25119,0.2,46,S3,2934066.0,30754.0,180184.0
bytes,25119,0.22,50,S3,2934066.0,33126.0,180184.0
bytes,25119,0.24,55,S3,2934066.0,36091.0,180184.0
bytes,25119,0.26,59,S3,2934066.0,38463.0,180184.0
bytes,25119,0.28,64,S3,2934066.0,41428.0,180184.0
bytes,25119,0.3,70,S3,2934066.0,44986.0,180184.0
bytes,25119,0.32,76,S3,2934066.0,48544.0,180184.0
bytes,25119,0.34,83,S3,2934066.0,52695.0,180184.0
bytes,25119,0.36,90,S3,2934066.0,56846.0,180184.0
bytes,25119,0.38,99,S3,2934066.0,62183.0,180184.0
bytes,25119,0.4,109,S3,2934066.0,68113.0,180184.0
bytes,25119,0.42,120,S3,2934066.0,74636.0,180184.0
bytes,25119,0.44,133,S3,2934066.0,82345.0,180184.0
bytes,25119,0.46,149,S3,2934066.0,91833.0,180184.0
bytes,25119,0.48,168,S3,2934066.0,103100.0,180184.0
bytes,25119,0.5,192,S3,2934066.0,117332.0,180184.0
bytes,25119,0.52,222,S3,2934066.0,135122.0,180184.0
bytes,25119,0.54,261,S3,2934066.0,158249.0,180184.0
bytes,25119,0.56,315,S2,2934066.0,190271.0,180184.0
bytes,25119,0.58,393,S2,2934066.0,236525.0,180184.0
bytes,25119,0.6,518,S2,2934066.0,310650.0,180184.0
bytes,25119,0.62,746,S2,2934066.0,445854.0,180184.0
bytes,25119,0.64,1302,S2,2934066.0,775562.0,180184.0
bytes,25119,0.66,4661,S2,2934066.0,2767449.0,180184.0
bytes,31623,0.02,16,S3,3693679.0,13777.0,180184.0
bytes,31623,0.04,20,S3,3693679.0,16149.0,180184.0
bytes,31623,0.06,23,S3,3693679.0,17928.0,180184.0
bytes,31623,0.08,27,S3,3693679.0,20300.0,180184.0
bytes,31623,0.1,30,S3,3693679.0,22079.0,180184.0
bytes,31623,0.12,33,S3,3693679.0,23858.0,180184.0
bytes,31623,0.14,36,S3,3693679.0,25637.0,180184.0
bytes,31623,0.16,39,S3,3693679.0,27416.0,180184.0
bytes,31623,0.18,43,S3,3693679.0,29788.0,180184.0
bytes,31623,0.2,46,S3,3693679.0,31567.0,180184.0
bytes,31623,0.22,50,S3,3693679.0,33939.0,180184.0
bytes,31623,0.24,55,S3,3693679.0,36904.0,180184.0
bytes,31623,0.26,59,S3,3693679.0,39276.0,180184.0
bytes,31623,0.28,64,S3,3693679.0,42241.0,180184.0
bytes,31623,0.3,70,S3,3693679.0,45799.0,180184.0
bytes,31623,0.32,76,S3,3693679.0,49357.0,180184.0
bytes,31623,0.34,83,S3,3693679.0,53508.0,180184.0
bytes,31623,0.36,90,S3,3693679.0,57659.0,180184.0
bytes,31623,0.38,99,S3,3693679.0,62996.0,180184.0
bytes,31623,0.4,109,S3,3693679.0,68926.0,180184.0
bytes,31623,0.42,120,S3,3693679.0,75449.0,180184.0
bytes,31623,0.44,133,S3,3693679.0,83158.0,180184.0
bytes,31623,0.46,149,S3,3693679.0,92646.0,180184.0
bytes,31623,0.48,168,S3,3693679.0,103913.0,180184.0
bytes,31623,0.5,192,S3,3693679.0,118145.0,180184.0
bytes,31623,0.52,222,S3,3693679.0,135935.0,180184.0
bytes,31623,0.54,262,S3,3693679.0,159655.0,180184.0
bytes,31623,0.56,316,S2,3693679.0,191677.0,180184.0
bytes,31623,0.58,395,S2,3693679.0,238524.0,180184.0
bytes,31623,0.6,520,S2,3693679.0,312649.0,180184.0
bytes,31623,0.62,750,S2,3693679.0,449039.0,180184.0
bytes,31623,0.64,1313,S2,3693679.0,782898.0,180184.0
bytes,31623,0.66,4829,S2,3693679.0,2867886.0,180184.0
bytes,39811,0.02,16,S3,4649927.0,15313.0,180184.0
bytes,39811,0.04,20,S3,4649927.0,17813.0,180184.0
bytes,39811,0.06,23,S3,4649927.0,19688.0,180184.0
bytes,39811,0.08,27,S3,4649927.0,22188.0,180184.0
bytes,39811,0.1,30,S3,4649927.0,24063.0,180184.0
bytes,39811,0.12,33,S3,4649927.0,25938.0,180184.0
bytes,39811,0.14,36,S3,4649927.0,27813.0,180184.0
bytes,39811,0.16,39,S3,4649927.0,29688.0,180184.0
bytes,39811,0.18,43,S3,4649927.0,32188.0,180184.0
bytes,39811,0.2,46,S3,4649927.0,34063.0,180184.0
bytes,39811,0.22,50,S3,4649927.0,36563.0,180184.0
bytes,39811,0.24,55,S3,4649927.0,39688.0,180184.0
bytes,39811,0.26,59,S3,4649927.0,42188.0,180184.0
bytes,39811,0.28,64,S3,4649927.0,45313.0,180184.0
bytes,39811,0.3,70,S3,4649927.0,49063.0,180184.0
bytes,39811,0.32,76,S3,4649927.0,52813.0,180184.0
bytes,39811,0.34,83,S3,4649927.0,57188.0,180184.0
bytes,39811,0.36,90,S3,4649927.0,61563.0,180184.0
bytes,39811,0.38,99,S3,4649927.0,67188.0,180184.0
bytes,39811,0.4,109,S3,4649927.0,73438.0,180184.0
bytes,39811,0.42,120,S3,4649927.0,80313.0,180184.0
bytes,39811,0.44,134,S3,4649927.0,89063.0,180184.0
bytes,39811,0.46,149,S3,4649927.0,98438.0,180184.0
bytes,39811,0.48,169,S3,4649927.0,110938.0,180184.0
bytes,39811,0.5,192,S3,4649927.0,125313.0,180184.0
bytes,39811,0.52,223,S3,4649927.0,144688.0,180184.0
bytes,39811,0.54,262,S3,4649927.0,169063.0,180184.0
bytes,39811,0.56,316,S2,4649927.0,202813.0,180184.0
bytes,39811,0.58,395,S2,4649927.0,252188.0,180184.0
bytes,39811,0.6,521,S2,4649927.0,330938.0,180184.0
bytes,39811,0.62,753,S2,4649927.0,475938.0,180184.0
bytes,39811,0.64,1324,S2,4649927.0,832813.0,180184.0
bytes,39811,0.66,4970,S2,4649927.0,3111563.0,180184.0
bytes,50119,0.02,16,S3,5853815.0,16601.0,180184.0
bytes,50119,0.04,20,S3,5853815.0,19101.0,180184.0
bytes,50119,0.06,23,S3,5853815.0,20976.0,180184.0
bytes,50119,0.08,27,S3,5853815.0,23476.0,180184.0
bytes,50119,0.1,30,S3,5853815.0,25351.0,180184.0
bytes,50119,0.12,33,S3,5853815.0,27226.0,180184.0
bytes,50119,0.14,36,S3,5853815.0,29101.0,180184.0
bytes,50119,0.16,39,S3,5853815.0,30976.0,180184.0
bytes,50119,0.18,43,S3,5853815.0,33476.0,180184.0
bytes,50119,0.2,46,S3,5853815.0,35351.0,180184.0
bytes,50119,0.22,50,S3,5853815.0,37851.0,180184.0
bytes,50119,0.24,55,S3,5853815.0,40976.0,180184.0
bytes,50119,0.26,59,S3,5853815.0,43476.0,180184.0
bytes,50119,0.28,64,S3,5853815.0,46601.0,180184.0
bytes,50119,0.3,70,S3,5853815.0,50351.0,180184.0
bytes,50119,0.32,76,S3,5853815.0,54101.0,180184.0
bytes,50119,0.34,83,S3,5853815.0,58476.0,180184.0
bytes,50119,0.36,90,S3,5853815.0,62851.0,180184.0
bytes,50119,0.38,99,S3,5853815.0,68476.0,180184.0
bytes,50119,0.4,109,S3,5853815.0,74726.0,180184.0
bytes,50119,0.42,120,S3,5853815.0,81601.0,180184.0
bytes,50119,0.44,134,S3,5853815.0,90351.0,180184.0
bytes,50119,0.46,150,S3,5853815.0,100351.0,180184.0
bytes,50119,0.48,169,S3,5853815.0,112226.0,180184.0
bytes,50119,0.5,193,S3,5853815.0,127226.0,180184.0
bytes,50119,0.52,223,S3,5853815.0,145976.0,180184.0
bytes,50119,0.54,262,S3,5853815.0,170351.0,180184.0
bytes,50119,0.56,317,S2,5853815.0,204726.0,180184.0
bytes,50119,0.58,396,S2,5853815.0,254101.0,180184.0
bytes,50119,0.6,522,S2,5853815.0,332851.0,180184.0
bytes,50119,0.62,755,S2,5853815.0,478476.0,180184.0
bytes,50119,0.64,1331,S2,5853815.0,838476.0,180184.0
bytes,50119,0.66,5072,S2,5853815.0,3176601.0,180184.0
bytes,63096,0.02,16,S3,7369463.0,18223.0,180184.0
bytes,63096,0.04,20,S3,7369463.0,20723.0,180184.0
bytes,63096,0.06,24,S3,7369463.0,23223.0,180184.0
bytes,63096,0.08,27,S3,7369463.0,25098.0,180184.0
bytes,63096,0.1,30,S3,7369463.0,26973.0,180184.0
bytes,63096,0.12,33,S3,7369463.0,28848.0,180184.0
bytes,63096,0.14,36,S3,7369463.0,30723.0,180184.0
bytes,63096,0.16,39,S3,7369463.0,32598.0,180184.0
bytes,63096,0.18,43,S3,7369463.0,35098.0,180184.0
bytes,63096,0.2,47,S3,7369463.0,37598.0,180184.0
bytes,63096,0.22,50,S3,7369463.0,39473.0,180184.0
bytes,63096,0.24,55,S3,7369463.0,42598.0,180184.0
bytes,63096,0.26,59,S3,7369463.0,45098.0,180184.0
bytes,63096,0.28,64,S3,7369463.0,48223.0,180184.0
bytes,63096,0.3,70,S3,7369463.0,51973.0,180184.0
bytes,63096,0.32,76,S3,7369463.0,55723.0,180184.0
bytes,63096,0.34,83,S3,7369463.0,60098.0,180184.0
bytes,63096,0.36,90,S3,7369463.0,64473.0,180184.0
bytes,63096,0.38,99,S3,7369463.0,70098.0,180184.0
bytes,63096,0.4,109,S3,7369463.0,76348.0,180184.0
bytes,63096,0.42,120,S3,7369463.0,83223.0,180184.0
bytes,63096,0.44,134,S3,7369463.0,91973.0,180184.0
bytes,63096,0.46,150,S3,7369463.0,101973.0,180184.0
bytes,63096,0.48,169,S3,7369463.0,113848.0,180184.0
bytes,63096,0.5,193,S3,7369463.0,128848.0,180184.0
bytes,63096,0.52,223,S3,7369463.0,147598.0,180184.0
bytes,63096,0.54,263,S3,7369463.0,172598.0,180184.0
bytes,63096,0.56,317,S2,7369463.0,206348.0,180184.0
bytes,63096,0.58,397,S2,7369463.0,256348.0,180184.0
bytes,63096,0.6,523,S2,7369463.0,335098.0,180184.0
bytes,63096,0.62,757,S2,7369463.0,481348.0,180184.0
bytes,63096,0.64,1336,S2,7369463.0,843223.0,180184.0
bytes,63096,0.66,5154,S2,7369463.0,3229473.0,180184.0
bytes,79433,0.02,16,S3,9277468.0,20778.0,180184.0
bytes,79433,0.04,20,S3,9277468.0,23406.0,180184.0
bytes,79433,0.06,24,S3,9277468.0,26034.0,180184.0
bytes,79433,0.08,27,S3,9277468.0,28005.0,180184.0
bytes,79433,0.1,30,S3,9277468.0,29976.0,180184.0
bytes,79433,0.12,33,S3,9277468.0,31947.0,180184.0
bytes,79433,0.14,36,S3,9277468.0,33918.0,180184.0
bytes,79433,0.16,39,S3,9277468.0,35889.0,180184.0
bytes,79433,0.18,43,S3,9277468.0,38517.0,180184.0
bytes,79433,0.2,47,S3,9277468.0,41145.0,180184.0
bytes,79433,0.22,50,S3,9277468.0,43116.0,180184.0
bytes,79433,0.24,55,S3,9277468.0,46401.0,180184.0
bytes,79433,0.26,59,S3,9277468.0,49029.0,180184.0
bytes,79433,0.28,64,S3,9277468.0,52314.0,180184.0
bytes,79433,0.3,70,S3,9277468.0,56256.0,180184.0
bytes,79433,0.32,76,S3,9277468.0,60198.0,180184.0
bytes,79433,0.34,83,S3,9277468.0,64797.0,180184.0
bytes,79433,0.36,90,S3,9277468.0,69396.0,180184.0
bytes,79433,0.38,99,S3,9277468.0,75309.0,180184.0
bytes,79433,0.4,109,S3,9277468.0,81879.0,180184.0
bytes,79433,0.42,120,S3,9277468.0,89106.0,180184.0
bytes,79433,0.44,134,S3,9277468.0,98304.0,180184.0
bytes,79433,0.46,150,S3,9277468.0,108816.0,180184.0
bytes,79433,0.48,169,S3,9277468.0,121299.0,180184.0
bytes,79433,0.5,193,S3,9277468.0,137067.0,180184.0
bytes,79433,0.52,223,S3,9277468.0,156777.0,180184.0
bytes,79433,0.54,263,S2,9277468.0,183057.0,180184.0
bytes,79433,0.56,317,S2,9277468.0,218535.0,180184.0
bytes,79433,0.58,397,S2,9277468.0,271095.0,180184.0
bytes,79433,0.6,524,S2,9277468.0,354534.0,180184.0
bytes,79433,0.62,759,S2,9277468.0,508929.0,180184.0
bytes,79433,0.64,1341,S2,9277468.0,891303.0,180184.0
bytes,79433,0.66,5225,S2,9277468.0,3443091.0,180184.0
bytes,100000,0.02,16,S3,11679500.0,23348.0,180184.0
bytes,100000,0.04,20,S3,11679500.0,25976.0,180184.0
bytes,100000,0.06,24,S3,11679500.0,28604.0,180184.0
bytes,100000,0.08,27,S3,11679500.0,30575.0,180184.0
bytes,100000,0.1,30,S3,11679500.0,32546.0,180184.0
bytes,100000,0.12,33,S3,11679500.0,34517.0,180184.0
bytes,100000,0.14,36,S3,11679500.0,36488.0,180184.0
bytes,100000,0.16,39,S3,11679500.0,38459.0,180184.0
bytes,100000,0.18,43,S3,11679500.0,41087.0,180184.0
bytes,100000,0.2,47,S3,11679500.0,43715.0,180184.0
bytes,100000,0.22,50,S3,11679500.0,45686.0,180184.0
bytes,100000,0.24,55,S3,11679500.0,48971.0,180184.0
bytes,100000,0.26,59,S3,11679500.0,51599.0,180184.0
bytes,100000,0.28,64,S3,11679500.0,54884.0,180184.0
bytes,100000,0.3,70,S3,11679500.0,58826.0,180184.0
bytes,100000,0.32,76,S3,11679500.0,62768.0,180184.0
bytes,100000,0.34,83,S3,11679500.0,67367.0,180184.0
bytes,100000,0.36,90,S3,11679500.0,71966.0,180184.0
bytes,100000,0.38,99,S3,11679500.0,77879.0,180184.0
bytes,100000,0.4,109,S3,11679500.0,84449.0,180184.0
bytes,100000,0.42,120,S3,11679500.0,91676.0,180184.0
bytes,100000,0.44,134,S3,11679500.0,100874.0,180184.0
bytes,100000,0.46,150,S3,11679500.0,111386.0,180184.0
bytes,100000,0.48,169,S3,11679500.0,123869.0,180184.0
bytes,100000,0.5,193,S3,11679500.0,139637.0,180184.0
bytes,100000,0.52,223,S3,11679500.0,159347.0,180184.0
bytes,100000,0.54,263,S2,11679500.0,185627.0,180184.0
bytes,100000,0.56,318,S2,11679500.0,221762.0,180184.0
bytes,100000,0.58,397,S2,11679500.0,273665.0,180184.0
bytes,100000,0.6,525,S2,11679500.0,357761.0,180184.0
bytes,100000,0.62,760,S2,11679500.0,512156.0,180184.0
bytes,100000,0.64,1345,S2,11679500.0,896501.0,180184.0
bytes,100000,0.66,5292,S2,11679500.0,3489680.0,180184.0
gas_2000,10,0.02,1,S1,89560.0,118996.0,246082.0
gas_2000,10,0.04,1,S1,89560.0,118996.0,246082.0
gas_2000,10,0.06,1,S1,89560.0,118996.0,246082.0
gas_2000,10,0.08,1,S1,89560.0,118996.0,246082.0
gas_2000,10,0.1,2,S1,89560.0,125046.0,246082.0
gas_2000,10,0.12,2,S1,89560.0,125046.0,246082.0
gas_2000,10,0.14,2,S1,89560.0,125046.0,246082.0
gas_2000,10,0.16,2,S1,89560.0,125046.0,246082.0
gas_2000,10,0.18,2,S1,89560.0,125046.0,246082.0
gas_2000,10,0.2,3,S1,89560.0,131096.0,246082.0
gas_2000,10,0.22,3,S1,89560.0,131096.0,246082.0
gas_2000,10,0.24,3,S1,89560.0,131096.0,246082.0
gas_2000,10,0.26,3,S1,89560.0,131096.0,246082.0
gas_2000,10,0.28,3,S1,89560.0,131096.0,246082.0
gas_2000,10,0.3,4,S1,89560.0,137146.0,246082.0
gas_2000,10,0.32,4,S1,89560.0,137146.0,246082.0
gas_2000,10,0.34,4,S1,89560.0,137146.0,246082.0
gas_2000,10,0.36,4,S1,89560.0,137146.0,246082.0
gas_2000,10,0.38,4,S1,89560.0,137146.0,246082.0
gas_2000,10,0.4,5,S1,89560.0,143196.0,246082.0
gas_2000,10,0.42,5,S1,89560.0,143196.0,246082.0
gas_2000,10,0.44,5,S1,89560.0,143196.0,246082.0
gas_2000,10,0.46,5,S1,89560.0,143196.0,246082.0
gas_2000,10,0.48,5,S1,89560.0,143196.0,246082.0
gas_2000,10,0.5,6,S1,89560.0,150546.0,246082.0
gas_2000,10,0.52,6,S1,89560.0,150546.0,246082.0
gas_2000,10,0.54,6,S1,89560.0,150546.0,246082.0
gas_2000,10,0.56,6,S1,89560.0,150546.0,246082.0
gas_2000,10,0.58,6,S1,89560.0,150546.0,246082.0
gas_2000,10,0.6,7,S1,89560.0,160146.0,246082.0
gas_2000,10,0.62,7,S1,89560.0,160146.0,246082.0
gas_2000,10,0.64,7,S1,89560.0,160146.0,246082.0
gas_2000,10,0.66,7,S1,89560.0,160146.0,246082.0
gas_2000,13,0.02,1,S1,106200.0,118996.0,246082.0
gas_2000,13,0.04,1,S1,106200.0,118996.0,246082.0
gas_2000,13,0.06,1,S1,106200.0,118996.0,246082.0
gas_2000,13,0.08,2,S1,106200.0,125046.0,246082.0
gas_2000,13,0.1,2,S1,106200.0,125046.0,246082.0
gas_2000,13,0.12,2,S1,106200.0,125046.0,246082.0
gas_2000,13,0.14,2,S1,106200.0,125046.0,246082.0
gas_2000,13,0.16,3,S1,106200.0,131096.0,246082.0
gas_2000,13,0.18,3,S1,106200.0,131096.0,246082.0
gas_2000,13,0.2,3,S1,106200.0,131096.0,246082.0
gas_2000,13,0.22,3,S1,106200.0,131096.0,246082.0
gas_2000,13,0.24,4,S1,106200.0,137146.0,246082.0
gas_2000,13,0.26,4,S1,106200.0,137146.0,246082.0
gas_2000,13,0.28,4,S1,106200.0,137146.0,246082.0
gas_2000,13,0.3,4,S1,106200.0,137146.0,246082.0
gas_2000,13,0.32,5,S1,106200.0,143196.0,246082.0
gas_2000,13,0.34,5,S1,106200.0,143196.0,246082.0
gas_2000,13,0.36,5,S1,106200.0,143196.0,246082.0
gas_2000,13,0.38,5,S1,106200.0,143196.0,246082.0
gas_2000,13,0.4,6,S1,106200.0,150546.0,246082.0
gas_2000,13,0.42,6,S1,106200.0,150546.0,246082.0
gas_2000,13,0.44,6,S1,106200.0,150546.0,246082.0
gas_2000,13,0.46,6,S1,106200.0,150546.0,246082.0
gas_2000,13,0.48,7,S1,106200.0,160146.0,246082.0
gas_2000,13,0.5,7,S1,106200.0,160146.0,246082.0
gas_2000,13,0.52,7,S1,106200.0,160146.0,246082.0
gas_2000,13,0.54,8,S1,106200.0,169746.0,246082.0
gas_2000,13,0.56,8,S1,106200.0,169746.0,246082.0
gas_2000,13,0.58,8,S1,106200.0,169746.0,246082.0
gas_2000,13,0.6,8,S1,106200.0,169746.0,246082.0
gas_2000,13,0.62,9,S1,106200.0,179346.0,246082.0
gas_2000,13,0.64,9,S1,106200.0,179346.0,246082.0
gas_2000,13,0.66,9,S1,106200.0,179346.0,246082.0
gas_2000,16,0.02,1,S3,122840.0,118996.0,246082.0
gas_2000,16,0.04,1,S3,122840.0,118996.0,246082.0
gas_2000,16,0.06,1,S3,122840.0,118996.0,246082.0
gas_2000,16,0.08,2,S1,122840.0,125046.0,246082.0
gas_2000,16,0.1,2,S1,122840.0,125046.0,246082.0
gas_2000,16,0.12,2,S1,122840.0,125046.0,246082.0
gas_2000,16,0.14,3,S1,122840.0,131096.0,246082.0
gas_2000,16,0.16,3,S1,122840.0,131096.0,246082.0
gas_2000,16,0.18,3,S1,122840.0,131096.0,246082.0
gas_2000,16,0.2,4,S1,122840.0,137146.0,246082.0
gas_2000,16,0.22,4,S1,122840.0,137146.0,246082.0
gas_2000,16,0.24,4,S1,122840.0,137146.0,246082.0
gas_2000,16,0.26,5,S1,122840.0,143196.0,246082.0
gas_2000,16,0.28,5,S1,122840.0,143196.0,246082.0
gas_2000,16,0.3,5,S1,122840.0,143196.0,246082.0
gas_2000,16,0.32,6,S1,122840.0,150546.0,246082.0
gas_2000,16,0.34,6,S1,122840.0,150546.0,246082.0
gas_2000,16,0.36,6,S1,122840.0,150546.0,246082.0
gas_2000,16,0.38,7,S1,122840.0,160146.0,246082.0
gas_2000,16,0.4,7,S1,122840.0,160146.0,246082.0
gas_2000,16,0.42,7,S1,122840.0,160146.0,246082.0
gas_2000,16,0.44,8,S1,122840.0,169746.0,246082.0
gas_2000,16,0.46,8,S1,122840.0,169746.0,246082.0
gas_2000,16,0.48,8,S1,122840.0,169746.0,246082.0
gas_2000,16,0.5,9,S1,122840.0,179346.0,246082.0
gas_2000,16,0.52,9,S1,122840.0,179346.0,246082.0
gas_2000,16,0.54,9,S1,122840.0,179346.0,246082.0
gas_2000,16,0.56,9,S1,122840.0,179346.0,246082.0
gas_2000,16,0.58,10,S1,122840.0,188946.0,246082.0
gas_2000,16,0.6,10,S1,122840.0,188946.0,246082.0
gas_2000,16,0.62,10,S1,122840.0,188946.0,246082.0
gas_2000,16,0.64,11,S1,122840.0,198546.0,246082.0
gas_2000,16,0.66,11,S1,122840.0,198546.0,246082.0
gas_2000,20,0.02,1,S3,145920.0,120120.0,246082.0
gas_2000,20,0.04,1,S3,145920.0,120120.0,246082.0
gas_2000,20,0.06,2,S3,145920.0,126724.0,246082.0
gas_2000,20,0.08,2,S3,145920.0,126724.0,246082.0
gas_2000,20,0.1,3,S3,145920.0,133328.0,246082.0
gas_2000,20,0.12,3,S3,145920.0,133328.0,246082.0
gas_2000,20,0.14,3,S3,145920.0,133328.0,246082.0
gas_2000,20,0.16,4,S3,145920.0,139932.0,246082.0
gas_2000,20,0.18,4,S3,145920.0,139932.0,246082.0
gas_2000,20,0.2,5,S1,145920.0,147916.0,246082.0
gas_2000,20,0.22,5,S1,145920.0,147916.0,246082.0
gas_2000,20,0.24,5,S1,145920.0,147916.0,246082.0
gas_2000,20,0.26,6,S1,145920.0,158796.0,246082.0
gas_2000,20,0.28,6,S1,145920.0,158796.0,246082.0
gas_2000,20,0.3,7,S1,145920.0,169676.0,246082.0
gas_2000,20,0.32,7,S1,145920.0,169676.0,246082.0
gas_2000,20,0.34,7,S1,145920.0,169676.0,246082.0
gas_2000,20,0.36,8,S1,145920.0,180556.0,246082.0
gas_2000,20,0.38,8,S1,145920.0,180556.0,246082.0
gas_2000,20,0.4,9,S1,145920.0,191436.0,246082.0
gas_2000,20,0.42,9,S1,145920.0,191436.0,246082.0
gas_2000,20,0.44,9,S1,145920.0,191436.0,246082.0
gas_2000,20,0.46,10,S1,145920.0,202316.0,246082.0
gas_2000,20,0.48,10,S1,145920.0,202316.0,246082.0
gas_2000,20,0.5,11,S1,145920.0,213196.0,246082.0
gas_2000,20,0.52,11,S1,145920.0,213196.0,246082.0
gas_2000,20,0.54,11,S1,145920.0,213196.0,246082.0
gas_2000,20,0.56,12,S1,145920.0,224076.0,246082.0
gas_2000,20,0.58,12,S1,145920.0,224076.0,246082.0
gas_2000,20,0.6,13,S1,145920.0,234956.0,246082.0
gas_2000,20,0.62,13,S1,145920.0,234956.0,246082.0
gas_2000,20,0.64,13,S1,145920.0,234956.0,246082.0
gas_2000,20,0.66,14,S1,145920.0,245836.0,246082.0
gas_2000,25,0.02,1,S3,172840.0,120136.0,246082.0
gas_2000,25,0.04,2,S3,172840.0,126740.0,246082.0
gas_2000,25,0.06,2,S3,172840.0,126740.0,246082.0
gas_2000,25,0.08,3,S3,172840.0,133344.0,246082.0
gas_2000,25,0.1,3,S3,172840.0,133344.0,246082.0
gas_2000,25,0.12,4,S3,172840.0,139948.0,246082.0
gas_2000,25,0.14,4,S3,172840.0,139948.0,246082.0
gas_2000,25,0.16,5,S3,172840.0,147932.0,246082.0
gas_2000,25,0.18,5,S3,172840.0,147932.0,246082.0
gas_2000,25,0.2,6,S3,172840.0,158812.0,246082.0
gas_2000,25,0.22,6,S3,172840.0,158812.0,246082.0
gas_2000,25,0.24,7,S3,172840.0,169692.0,246082.0
gas_2000,25,0.26,7,S3,172840.0,169692.0,246082.0
gas_2000,25,0.28,8,S1,172840.0,180572.0,246082.0
gas_2000,25,0.3,8,S1,172840.0,180572.0,246082.0
gas_2000,25,0.32,9,S1,172840.0,191452.0,246082.0
gas_2000,25,0.34,9,S1,172840.0,191452.0,246082.0
gas_2000,25,0.36,10,S1,172840.0,202332.0,246082.0
gas_2000,25,0.38,10,S1,172840.0,202332.0,246082.0
gas_2000,25,0.4,11,S1,172840.0,213212.0,246082.0
gas_2000,25,0.42,11,S1,172840.0,213212.0,246082.0
gas_2000,25,0.44,12,S1,172840.0,224092.0,246082.0
gas_2000,25,0.46,12,S1,172840.0,224092.0,246082.0
gas_2000,25,0.48,13,S1,172840.0,234972.0,246082.0
gas_2000,25,0.5,13,S1,172840.0,234972.0,246082.0
gas_2000,25,0.52,14,S1,172840.0,245852.0,246082.0
gas_2000,25,0.54,14,S1,172840.0,245852.0,246082.0
gas_2000,25,0.56,15,S1,172840.0,256732.0,246082.0
gas_2000,25,0.58,15,S1,172840.0,256732.0,246082.0
gas_2000,25,0.6,16,S1,172840.0,267612.0,246082.0
gas_2000,25,0.62,16,S1,172840.0,267612.0,246082.0
gas_2000,25,0.64,17,S1,172840.0,278492.0,246082.0
gas_2000,25,0.66,17,S1,172840.0,278492.0,246082.0
gas_2000,32,0.02,1,S3,212520.0,120136.0,246082.0
gas_2000,32,0.04,2,S3,212520.0,126740.0,246082.0
gas_2000,32,0.06,2,S3,212520.0,126740.0,246082.0
gas_2000,32,0.08,3,S3,212520.0,133344.0,246082.0
gas_2000,32,0.1,4,S3,212520.0,139948.0,246082.0
gas_2000,32,0.12,4,S3,212520.0,139948.0,246082.0
gas_2000,32,0.14,5,S3,212520.0,147932.0,246082.0
gas_2000,32,0.16,6,S3,212520.0,158812.0,246082.0
gas_2000,32,0.18,6,S3,212520.0,158812.0,246082.0
gas_2000,32,0.2,7,S3,212520.0,169692.0,246082.0
gas_2000,32,0.22,8,S3,212520.0,180572.0,246082.0
gas_2000,32,0.24,8,S3,212520.0,180572.0,246082.0
gas_2000,32,0.26,9,S3,212520.0,191452.0,246082.0
gas_2000,32,0.28,9,S3,212520.0,191452.0,246082.0
gas_2000,32,0.3,10,S3,212520.0,202332.0,246082.0
gas_2000,32,0.32,11,S1,212520.0,213212.0,246082.0
gas_2000,32,0.34,11,S1,212520.0,213212.0,246082.0
gas_2000,32,0.36,12,S1,212520.0,224092.0,246082.0
gas_2000,32,0.38,13,S1,212520.0,234972.0,246082.0
gas_2000,32,0.4,13,S1,212520.0,234972.0,246082.0
gas_2000,32,0.42,14,S1,212520.0,245852.0,246082.0
gas_2000,32,0.44,15,S1,212520.0,256732.0,246082.0
gas_2000,32,0.46,15,S1,212520.0,256732.0,246082.0
gas_2000,32,0.48,16,S1,212520.0,267612.0,246082.0
gas_2000,32,0.5,17,S1,212520.0,278492.0,246082.0
gas_2000,32,0.52,17,S1,212520.0,278492.0,246082.0
gas_2000,32,0.54,18,S1,212520.0,289372.0,246082.0
gas_2000,32,0.56,18,S1,212520.0,289372.0,246082.0
gas_2000,32,0.58,19,S1,212520.0,300252.0,246082.0
gas_2000,32,0.6,20,S1,212520.0,311132.0,246082.0
gas_2000,32,0.62,20,S1,212520.0,311132.0,246082.0
gas_2000,32,0.64,21,S1,212520.0,322012.0,246082.0
gas_2000,32,0.66,22,S1,212520.0,332892.0,246082.0
gas_2000,40,0.02,1,S3,256080.0,121260.0,246082.0
gas_2000,40,0.04,2,S3,256080.0,128418.0,246082.0
gas_2000,40,0.06,3,S3,256080.0,135576.0,246082.0
gas_2000,40,0.08,4,S3,256080.0,142742.0,246082.0
gas_2000,40,0.1,5,S3,256080.0,154902.0,246082.0
gas_2000,40,0.12,5,S3,256080.0,154902.0,246082.0
gas_2000,40,0.14,6,S3,256080.0,167062.0,246082.0
gas_2000,40,0.16,7,S3,256080.0,179222.0,246082.0
gas_2000,40,0.18,8,S3,256080.0,191382.0,246082.0
gas_2000,40,0.2,9,S3,256080.0,203542.0,246082.0
gas_2000,40,0.22,9,S3,256080.0,203542.0,246082.0
gas_2000,40,0.24,10,S3,256080.0,215702.0,246082.0
gas_2000,40,0.26,11,S3,256080.0,227862.0,246082.0
gas_2000,40,0.28,12,S3,256080.0,240022.0,246082.0
gas_2000,40,0.3,13,S2,256080.0,252182.0,246082.0
gas_2000,40,0.32,13,S2,256080.0,252182.0,246082.0
gas_2000,40,0.34,14,S2,256080.0,264342.0,246082.0
gas_2000,40,0.36,15,S2,256080.0,276502.0,246082.0
gas_2000,40,0.38,16,S2,256080.0,288662.0,246082.0
gas_2000,40,0.4,17,S2,256080.0,300822.0,246082.0
gas_2000,40,0.42,17,S2,256080.0,300822.0,246082.0
gas_2000,40,0.44,18,S2,256080.0,312982.0,246082.0
gas_2000,40,0.46,19,S2,256080.0,325142.0,246082.0
gas_2000,40,0.48,20,S2,256080.0,337302.0,246082.0
gas_2000,40,0.5,21,S2,256080.0,349462.0,246082.0
gas_2000,40,0.52,21,S2,256080.0,349462.0,246082.0
gas_2000,40,0.54,22,S2,256080.0,361622.0,246082.0
gas_2000,40,0.56,23,S2,256080.0,373782.0,246082.0
gas_2000,40,0.58,24,S2,256080.0,385942.0,246082.0
gas_2000,40,0.6,25,S2,256080.0,398102.0,246082.0
gas_2000,40,0.62,25,S2,256080.0,398102.0,246082.0
gas_2000,40,0.64,26,S2,256080.0,410262.0,246082.0
gas_2000,40,0.66,27,S2,256080.0,422422.0,246082.0
gas_2000,50,0.02,2,S3,312480.0,128450.0,246082.0
gas_2000,50,0.04,3,S3,312480.0,135608.0,246082.0
gas_2000,50,0.06,4,S3,312480.0,142774.0,246082.0
gas_2000,50,0.08,5,S3,312480.0,154934.0,246082.0
gas_2000,50,0.1,6,S3,312480.0,167094.0,246082.0
gas_2000,50,0.12,7,S3,312480.0,179254.0,246082.0
gas_2000,50,0.14,8,S3,312480.0,191414.0,246082.0
gas_2000,50,0.16,9,S3,312480.0,203574.0,246082.0
gas_2000,50,0.18,10,S3,312480.0,215734.0,246082.0
gas_2000,50,0.2,11,S3,312480.0,227894.0,246082.0
gas_2000,50,0.22,12,S3,312480.0,240054.0,246082.0
gas_2000,50,0.24,13,S2,312480.0,252214.0,246082.0
gas_2000,50,0.26,14,S2,312480.0,264374.0,246082.0
gas_2000,50,0.28,15,S2,312480.0,276534.0,246082.0
gas_2000,50,0.3,16,S2,312480.0,288694.0,246082.0
gas_2000,50,0.32,17,S2,312480.0,300854.0,246082.0
gas_2000,50,0.34,18,S2,312480.0,313014.0,246082.0
gas_2000,50,0.36,19,S2,312480.0,325174.0,246082.0
gas_2000,50,0.38,20,S2,312480.0,337334.0,246082.0
gas_2000,50,0.4,21,S2,312480.0,349494.0,246082.0
gas_2000,50,0.42,22,S2,312480.0,361654.0,246082.0
gas_2000,50,0.44,23,S2,312480.0,373814.0,246082.0
gas_2000,50,0.46,24,S2,312480.0,385974.0,246082.0
gas_2000,50,0.48,25,S2,312480.0,398134.0,246082.0
gas_2000,50,0.5,26,S2,312480.0,410294.0,246082.0
gas_2000,50,0.52,27,S2,312480.0,422454.0,246082.0
gas_2000,50,0.54,28,S2,312480.0,434614.0,246082.0
gas_2000,50,0.56,29,S2,312480.0,446774.0,246082.0
gas_2000,50,0.58,30,S2,312480.0,458934.0,246082.0
gas_2000,50,0.6,31,S2,312480.0,471094.0,246082.0
gas_2000,50,0.62,32,S2,312480.0,483254.0,246082.0
gas_2000,50,0.64,33,S2,312480.0,495414.0,246082.0
gas_2000,50,0.66,34,S2,312480.0,507574.0,246082.0
gas_2000,63,0.02,2,S3,385480.0,128466.0,246082.0
gas_2000,63,0.04,3,S3,385480.0,135624.0,246082.0
gas_2000,63,0.06,4,S3,385480.0,142790.0,246082.0
gas_2000,63,0.08,6,S3,385480.0,167110.0,246082.0
gas_2000,63,0.1,7,S3,385480.0,179270.0,246082.0
gas_2000,63,0.12,8,S3,385480.0,191430.0,246082.0
gas_2000,63,0.14,9,S3,385480.0,203590.0,246082.0
gas_2000,63,0.16,11,S3,385480.0,227910.0,246082.0
gas_2000,63,0.18,12,S3,385480.0,240070.0,246082.0
gas_2000,63,0.2,13,S2,385480.0,252230.0,246082.0
gas_2000,63,0.22,14,S2,385480.0,264390.0,246082.0
gas_2000,63,0.24,16,S2,385480.0,288710.0,246082.0
gas_2000,63,0.26,17,S2,385480.0,300870.0,246082.0
gas_2000,63,0.28,18,S2,385480.0,313030.0,246082.0
gas_2000,63,0.3,19,S2,385480.0,325190.0,246082.0
gas_2000,63,0.32,21,S2,385480.0,349510.0,246082.0
gas_2000,63,0.34,22,S2,385480.0,361670.0,246082.0
gas_2000,63,0.36,23,S2,385480.0,373830.0,246082.0
gas_2000,63,0.38,24,S2,385480.0,385990.0,246082.0
gas_2000,63,0.4,26,S2,385480.0,410310.0,246082.0
gas_2000,63,0.42,27,S2,385480.0,422470.0,246082.0
gas_2000,63,0.44,28,S2,385480.0,434630.0,246082.0
gas_2000,63,0.46,29,S2,385480.0,446790.0,246082.0
gas_2000,63,0.48,31,S2,385480.0,471110.0,246082.0
gas_2000,63,0.5,32,S2,385480.0,483270.0,246082.0
gas_2000,63,0.52,33,S2,385480.0,495430.0,246082.0
gas_2000,63,0.54,35,S2,385480.0,519750.0,246082.0
gas_2000,63,0.56,36,S2,385480.0,531910.0,246082.0
gas_2000,63,0.58,37,S2,385480.0,544070.0,246082.0
gas_2000,63,0.6,38,S2,385480.0,556230.0,246082.0
gas_2000,63,0.62,40,S2,385480.0,580550.0,246082.0
gas_2000,63,0.64,41,S2,385480.0,592710.0,246082.0
gas_2000,63,0.66,42,S2,385480.0,604870.0,246082.0
gas_2000,79,0.02,2,S3,472600.0,130160.0,246082.0
gas_2000,79,0.04,4,S3,472600.0,148496.0,246082.0
gas_2000,79,0.06,5,S3,472600.0,161936.0,246082.0
gas_2000,79,0.08,7,S3,472600.0,188816.0,246082.0
gas_2000,79,0.1,8,S3,472600.0,202256.0,246082.0
gas_2000,79,0.12,10,S3,472600.0,229136.0,246082.0
gas_2000,79,0.14,12,S2,472600.0,256016.0,246082.0
gas_2000,79,0.16,13,S2,472600.0,269456.0,246082.0
gas_2000,79,0.18,15,S2,472600.0,296336.0,246082.0
gas_2000,79,0.2,16,S2,472600.0,309776.0,246082.0
gas_2000,79,0.22,18,S2,472600.0,336656.0,246082.0
gas_2000,79,0.24,19,S2,472600.0,350096.0,246082.0
gas_2000,79,0.26,21,S2,472600.0,376976.0,246082.0
gas_2000,79,0.28,23,S2,472600.0,403856.0,246082.0
gas_2000,79,0.3,24,S2,472600.0,417296.0,246082.0
gas_2000,79,0.32,26,S2,472600.0,444176.0,246082.0
gas_2000,79,0.34,27,S2,472600.0,457616.0,246082.0
gas_2000,79,0.36,29,S2,472600.0,484496.0,246082.0
gas_2000,79,0.38,31,S2,472600.0,511376.0,246082.0
gas_2000,79,0.4,32,S2,472600.0,524816.0,246082.0
gas_2000,79,0.42,34,S2,472600.0,551696.0,246082.0
gas_2000,79,0.44,35,S2,472600.0,565136.0,246082.0
gas_2000,79,0.46,37,S2,472600.0,592016.0,246082.0
gas_2000,79,0.48,38,S2,472600.0,605456.0,246082.0
gas_2000,79,0.5,40,S2,472600.0,632336.0,246082.0
gas_2000,79,0.52,42,S2,472600.0,659216.0,246082.0
gas_2000,79,0.54,43,S2,472600.0,672656.0,246082.0
gas_2000,79,0.56,45,S2,472600.0,699536.0,246082.0
gas_2000,79,0.58,46,S2,472600.0,712976.0,246082.0
gas_2000,79,0.6,48,S2,472600.0,739856.0,246082.0
gas_2000,79,0.62,49,S2,472600.0,753296.0,246082.0
gas_2000,79,0.64,51,S2,472600.0,780176.0,246082.0
gas_2000,79,0.66,53,S2,472600.0,807056.0,246082.0
gas_2000,100,0.02,3,S3,589200.0,137920.0,246082.0
gas_2000,100,0.04,5,S3,589200.0,161984.0,246082.0
gas_2000,100,0.06,7,S3,589200.0,188864.0,246082.0
gas_2000,100,0.08,9,S3,589200.0,215744.0,246082.0
gas_2000,100,0.1,11,S3,589200.0,242624.0,246082.0
gas_2000,100,0.12,13,S2,589200.0,269504.0,246082.0
gas_2000,100,0.14,15,S2,589200.0,296384.0,246082.0
gas_2000,100,0.16,17,S2,589200.0,323264.0,246082.0
gas_2000,100,0.18,19,S2,589200.0,350144.0,246082.0
gas_2000,100,0.2,21,S2,589200.0,377024.0,246082.0
gas_2000,100,0.22,23,S2,589200.0,403904.0,246082.0
gas_2000,100,0.24,25,S2,589200.0,430784.0,246082.0
gas_2000,100,0.26,27,S2,589200.0,457664.0,246082.0
gas_2000,100,0.28,29,S2,589200.0,484544.0,246082.0
gas_2000,100,0.3,31,S2,589200.0,511424.0,246082.0
gas_2000,100,0.32,33,S2,589200.0,538304.0,246082.0
gas_2000,100,0.34,35,S2,589200.0,565184.0,246082.0
gas_2000,100,0.36,37,S2,589200.0,592064.0,246082.0
gas_2000,100,0.38,39,S2,589200.0,618944.0,246082.0
gas_2000,100,0.4,41,S2,589200.0,645824.0,246082.0
gas_2000,100,0.42,43,S2,589200.0,672704.0,246082.0
gas_2000,100,0.44,45,S2,589200.0,699584.0,246082.0
gas_2000,100,0.46,47,S2,589200.0,726464.0,246082.0
gas_2000,100,0.48,49,S2,589200.0,753344.0,246082.0
gas_2000,100,0.5,51,S2,589200.0,780224.0,246082.0
gas_2000,100,0.52,53,S2,589200.0,807104.0,246082.0
gas_2000,100,0.54,55,S2,589200.0,833984.0,246082.0
gas_2000,100,0.56,57,S2,589200.0,860864.0,246082.0
gas_2000,100,0.58,59,S2,589200.0,887744.0,246082.0
gas_2000,100,0.6,61,S2,589200.0,914624.0,246082.0
gas_2000,100,0.62,63,S2,589200.0,941504.0,246082.0
gas_2000,100,0.64,65,S2,589200.0,968384.0,246082.0
gas_2000,100,0.66,67,S2,589200.0,995264.0,246082.0
gas_2000,126,0.02,3,S3,735240.0,137968.0,246082.0
gas_2000,126,0.04,6,S3,735240.0,175472.0,246082.0
gas_2000,126,0.06,8,S3,735240.0,202352.0,246082.0
gas_2000,126,0.08,11,S3,735240.0,242672.0,246082.0
gas_2000,126,0.1,13,S2,735240.0,269552.0,246082.0
gas_2000,126,0.12,16,S2,735240.0,309872.0,246082.0
gas_2000,126,0.14,18,S2,735240.0,336752.0,246082.0
gas_2000,126,0.16,21,S2,735240.0,377072.0,246082.0
gas_2000,126,0.18,23,S2,735240.0,403952.0,246082.0
gas_2000,126,0.2,26,S2,735240.0,444272.0,246082.0
gas_2000,126,0.22,28,S2,735240.0,471152.0,246082.0
gas_2000,126,0.24,31,S2,735240.0,511472.0,246082.0
gas_2000,126,0.26,33,S2,735240.0,538352.0,246082.0
gas_2000,126,0.28,36,S2,735240.0,578672.0,246082.0
gas_2000,126,0.3,38,S2,735240.0,605552.0,246082.0
gas_2000,126,0.32,41,S2,735240.0,645872.0,246082.0
gas_2000,126,0.34,43,S2,735240.0,672752.0,246082.0
gas_2000,126,0.36,46,S2,735240.0,713072.0,246082.0
gas_2000,126,0.38,48,S2,735240.0,739952.0,246082.0
gas_2000,126,0.4,51,S2,735240.0,780272.0,246082.0
gas_2000,126,0.42,53,S2,735240.0,807152.0,246082.0
gas_2000,126,0.44,56,S2,735240.0,847472.0,246082.0
gas_2000,126,0.46,58,S2,735240.0,874352.0,246082.0
gas_2000,126,0.48,61,S2,735240.0,914672.0,246082.0
gas_2000,126,0.5,64,S2,735240.0,954992.0,246082.0
gas_2000,126,0.52,66,S2,735240.0,981872.0,246082.0
gas_2000,126,0.54,69,S2,735240.0,1022192.0,246082.0
gas_2000,126,0.56,71,S2,735240.0,1049072.0,246082.0
gas_2000,126,0.58,74,S2,735240.0,1089392.0,246082.0
gas_2000,126,0.6,76,S2,735240.0,1116272.0,246082.0
gas_2000,126,0.62,79,S2,735240.0,1156592.0,246082.0
gas_2000,126,0.64,81,S2,735240.0,1183472.0,246082.0
gas_2000,126,0.66,84,S2,735240.0,1223792.0,246082.0
gas_2000,158,0.02,4,S3,912040.0,154330.0,246082.0
gas_2000,158,0.04,7,S3,912040.0,198490.0,246082.0
gas_2000,158,0.06,10,S3,912040.0,242650.0,246082.0
gas_2000,158,0.08,13,S2,912040.0,286810.0,246082.0
gas_2000,158,0.1,16,S2,912040.0,330970.0,246082.0
gas_2000,158,0.12,19,S2,912040.0,375130.0,246082.0
gas_2000,158,0.14,23,S2,912040.0,434010.0,246082.0
gas_2000,158,0.16,26,S2,912040.0,478170.0,246082.0
gas_2000,158,0.18,29,S2,912040.0,522330.0,246082.0
gas_2000,158,0.2,32,S2,912040.0,566490.0,246082.0
gas_2000,158,0.22,34,S2,912040.0,595930.0,246082.0
gas_2000,158,0.24,37,S2,912040.0,640090.0,246082.0
gas_2000,158,0.26,40,S2,912040.0,684250.0,246082.0
gas_2000,158,0.28,43,S2,912040.0,728410.0,246082.0
gas_2000,158,0.3,45,S2,912040.0,757850.0,246082.0
gas_2000,158,0.32,48,S2,912040.0,802010.0,246082.0
gas_2000,158,0.34,51,S2,912040.0,846170.0,246082.0
gas_2000,158,0.36,54,S2,912040.0,890330.0,246082.0
gas_2000,158,0.38,58,S2,912040.0,949210.0,246082.0
gas_2000,158,0.4,62,S2,912040.0,1008090.0,246082.0
gas_2000,158,0.42,65,S2,912040.0,1052250.0,246082.0
gas_2000,158,0.44,68,S2,912040.0,1096410.0,246082.0
gas_2000,158,0.46,72,S2,912040.0,1155290.0,246082.0
gas_2000,158,0.48,76,S2,912040.0,1214170.0,246082.0
gas_2000,158,0.5,80,S2,912040.0,1273050.0,246082.0
gas_2000,158,0.52,83,S2,912040.0,1317210.0,246082.0
gas_2000,158,0.54,86,S2,912040.0,1361370.0,246082.0
gas_2000,158,0.56,89,S2,912040.0,1405530.0,246082.0
gas_2000,158,0.58,92,S2,912040.0,1449690.0,246082.0
gas_2000,158,0.6,95,S2,912040.0,1493850.0,246082.0
gas_2000,158,0.62,98,S2,912040.0,1538010.0,246082.0
gas_2000,158,0.64,102,S2,912040.0,1596890.0,246082.0
gas_2000,158,0.66,105,S2,912040.0,1641050.0,246082.0
gas_2000,200,0.02,5,S3,1145200.0,169130.0,246082.0
gas_2000,200,0.04,9,S3,1145200.0,228010.0,246082.0
gas_2000,200,0.06,13,S2,1145200.0,286890.0,246082.0
gas_2000,200,0.08,17,S2,1145200.0,345770.0,246082.0
gas_2000,200,0.1,21,S2,1145200.0,404650.0,246082.0
gas_2000,200,0.12,25,S2,1145200.0,463530.0,246082.0
gas_2000,200,0.14,28,S2,1145200.0,507690.0,246082.0
gas_2000,200,0.16,30,S2,1145200.0,537130.0,246082.0
gas_2000,200,0.18,33,S2,1145200.0,581290.0,246082.0
gas_2000,200,0.2,36,S2,1145200.0,625450.0,246082.0
gas_2000,200,0.22,39,S2,1145200.0,669610.0,246082.0
gas_2000,200,0.24,42,S2,1145200.0,713770.0,246082.0
gas_2000,200,0.26,45,S2,1145200.0,757930.0,246082.0
gas_2000,200,0.28,48,S2,1145200.0,802090.0,246082.0
gas_2000,200,0.3,51,S2,1145200.0,846250.0,246082.0
gas_2000,200,0.32,55,S2,1145200.0,905130.0,246082.0
gas_2000,200,0.34,58,S2,1145200.0,949290.0,246082.0
gas_2000,200,0.36,62,S2,1145200.0,1008170.0,246082.0
gas_2000,200,0.38,66,S2,1145200.0,1067050.0,246082.0
gas_2000,200,0.4,71,S2,1145200.0,1140650.0,246082.0
gas_2000,200,0.42,75,S2,1145200.0,1199530.0,246082.0
gas_2000,200,0.44,80,S2,1145200.0,1273130.0,246082.0
gas_2000,200,0.46,85,S2,1145200.0,1346730.0,246082.0
gas_2000,200,0.48,91,S2,1145200.0,1435050.0,246082.0
gas_2000,200,0.5,97,S2,1145200.0,1523370.0,246082.0
gas_2000,200,0.52,102,S2,1145200.0,1596970.0,246082.0
gas_2000,200,0.54,108,S2,1145200.0,1685290.0,246082.0
gas_2000,200,0.56,113,S2,1145200.0,1758890.0,246082.0
gas_2000,200,0.58,117,S2,1145200.0,1817770.0,246082.0
gas_2000,200,0.6,121,S2,1145200.0,1876650.0,246082.0
gas_2000,200,0.62,125,S2,1145200.0,1935530.0,246082.0
gas_2000,200,0.64,129,S2,1145200.0,1994410.0,246082.0
gas_2000,200,0.66,133,S2,1145200.0,2053290.0,246082.0
gas_2000,251,0.02,6,S3,1428360.0,183962.0,246082.0
gas_2000,251,0.04,11,S2,1428360.0,257562.0,246082.0
gas_2000,251,0.06,16,S2,1428360.0,331162.0,246082.0
gas_2000,251,0.08,21,S2,1428360.0,404762.0,246082.0
gas_2000,251,0.1,24,S2,1428360.0,448922.0,246082.0
gas_2000,251,0.12,27,S2,1428360.0,493082.0,246082.0
gas_2000,251,0.14,30,S2,1428360.0,537242.0,246082.0
gas_2000,251,0.16,33,S2,1428360.0,581402.0,246082.0
gas_2000,251,0.18,36,S2,1428360.0,625562.0,246082.0
gas_2000,251,0.2,39,S2,1428360.0,669722.0,246082.0
gas_2000,251,0.22,42,S2,1428360.0,713882.0,246082.0
gas_2000,251,0.24,45,S2,1428360.0,758042.0,246082.0
gas_2000,251,0.26,48,S2,1428360.0,802202.0,246082.0
gas_2000,251,0.28,52,S2,1428360.0,861082.0,246082.0
gas_2000,251,0.3,56,S2,1428360.0,919962.0,246082.0
gas_2000,251,0.32,59,S2,1428360.0,964122.0,246082.0
gas_2000,251,0.34,64,S2,1428360.0,1037722.0,246082.0
gas_2000,251,0.36,68,S2,1428360.0,1096602.0,246082.0
gas_2000,251,0.38,73,S2,1428360.0,1170202.0,246082.0
gas_2000,251,0.4,78,S2,1428360.0,1243802.0,246082.0
gas_2000,251,0.42,84,S2,1428360.0,1332122.0,246082.0
gas_2000,251,0.44,90,S2,1428360.0,1420442.0,246082.0
gas_2000,251,0.46,96,S2,1428360.0,1508762.0,246082.0
gas_2000,251,0.48,103,S2,1428360.0,1611802.0,246082.0
gas_2000,251,0.5,111,S2,1428360.0,1729562.0,246082.0
gas_2000,251,0.52,119,S2,1428360.0,1847322.0,246082.0
gas_2000,251,0.54,128,S2,1428360.0,1979802.0,246082.0
gas_2000,251,0.56,136,S2,1428360.0,2097562.0,246082.0
gas_2000,251,0.58,145,S2,1428360.0,2230042.0,246082.0
gas_2000,251,0.6,151,S2,1428360.0,2318362.0,246082.0
gas_2000,251,0.62,156,S2,1428360.0,2391962.0,246082.0
gas_2000,251,0.64,161,S2,1428360.0,2465562.0,246082.0
gas_2000,251,0.66,166,S2,1428360.0,2539162.0,246082.0
gas_2000,316,0.02,7,S3,1788360.0,208324.0,246082.0
gas_2000,316,0.04,13,S2,1788360.0,304324.0,246082.0
gas_2000,316,0.06,19,S2,1788360.0,400324.0,246082.0
gas_2000,316,0.08,23,S2,1788360.0,464324.0,246082.0
gas_2000,316,0.1,26,S2,1788360.0,512324.0,246082.0
gas_2000,316,0.12,29,S2,1788360.0,560324.0,246082.0
gas_2000,316,0.14,32,S2,1788360.0,608324.0,246082.0
gas_2000,316,0.16,35,S2,1788360.0,656324.0,246082.0
gas_2000,316,0.18,38,S2,1788360.0,704324.0,246082.0
gas_2000,316,0.2,41,S2,1788360.0,752324.0,246082.0
gas_2000,316,0.22,44,S2,1788360.0,800324.0,246082.0
gas_2000,316,0.24,48,S2,1788360.0,864324.0,246082.0
gas_2000,316,0.26,52,S2,1788360.0,928324.0,246082.0
gas_2000,316,0.28,55,S2,1788360.0,976324.0,246082.0
gas_2000,316,0.3,59,S2,1788360.0,1040324.0,246082.0
gas_2000,316,0.32,64,S2,1788360.0,1120324.0,246082.0
gas_2000,316,0.34,69,S2,1788360.0,1200324.0,246082.0
gas_2000,316,0.36,74,S2,1788360.0,1280324.0,246082.0
gas_2000,316,0.38,80,S2,1788360.0,1376324.0,246082.0
gas_2000,316,0.4,85,S2,1788360.0,1456324.0,246082.0
gas_2000,316,0.42,92,S2,1788360.0,1568324.0,246082.0
gas_2000,316,0.44,100,S2,1788360.0,1696324.0,246082.0
gas_2000,316,0.46,107,S2,1788360.0,1808324.0,246082.0
gas_2000,316,0.48,116,S2,1788360.0,1952324.0,246082.0
gas_2000,316,0.5,127,S2,1788360.0,2128324.0,246082.0
gas_2000,316,0.52,137,S2,1788360.0,2288324.0,246082.0
gas_2000,316,0.54,148,S2,1788360.0,2464324.0,246082.0
gas_2000,316,0.56,160,S2,1788360.0,2656324.0,246082.0
gas_2000,316,0.58,175,S2,1788360.0,2896324.0,246082.0
gas_2000,316,0.6,187,S2,1788360.0,3088324.0,246082.0
gas_2000,316,0.62,196,S2,1788360.0,3232324.0,246082.0
gas_2000,316,0.64,203,S2,1788360.0,3344324.0,246082.0
gas_2000,316,0.66,209,S2,1788360.0,3440324.0,246082.0
gas_2000,398,0.02,8,S3,2244440.0,224484.0,246082.0
gas_2000,398,0.04,16,S2,2244440.0,352484.0,246082.0
gas_2000,398,0.06,21,S2,2244440.0,432484.0,246082.0
gas_2000,398,0.08,24,S2,2244440.0,480484.0,246082.0
gas_2000,398,0.1,27,S2,2244440.0,528484.0,246082.0
gas_2000,398,0.12,30,S2,2244440.0,576484.0,246082.0
gas_2000,398,0.14,34,S2,2244440.0,640484.0,246082.0
gas_2000,398,0.16,37,S2,2244440.0,688484.0,246082.0
gas_2000,398,0.18,40,S2,2244440.0,736484.0,246082.0
gas_2000,398,0.2,43,S2,2244440.0,784484.0,246082.0
gas_2000,398,0.22,47,S2,2244440.0,848484.0,246082.0
gas_2000,398,0.24,50,S2,2244440.0,896484.0,246082.0
gas_2000,398,0.26,54,S2,2244440.0,960484.0,246082.0
gas_2000,398,0.28,58,S2,2244440.0,1024484.0,246082.0
gas_2000,398,0.3,63,S2,2244440.0,1104484.0,246082.0
gas_2000,398,0.32,68,S2,2244440.0,1184484.0,246082.0
gas_2000,398,0.34,73,S2,2244440.0,1264484.0,246082.0
gas_2000,398,0.36,79,S2,2244440.0,1360484.0,246082.0
gas_2000,398,0.38,85,S2,2244440.0,1456484.0,246082.0
gas_2000,398,0.4,92,S2,2244440.0,1568484.0,246082.0
gas_2000,398,0.42,99,S2,2244440.0,1680484.0,246082.0
gas_2000,398,0.44,108,S2,2244440.0,1824484.0,246082.0
gas_2000,398,0.46,117,S2,2244440.0,1968484.0,246082.0
gas_2000,398,0.48,128,S2,2244440.0,2144484.0,246082.0
gas_2000,398,0.5,140,S2,2244440.0,2336484.0,246082.0
gas_2000,398,0.52,152,S2,2244440.0,2528484.0,246082.0
gas_2000,398,0.54,167,S2,2244440.0,2768484.0,246082.0
gas_2000,398,0.56,184,S2,2244440.0,3040484.0,246082.0
gas_2000,398,0.58,204,S2,2244440.0,3360484.0,246082.0
gas_2000,398,0.6,225,S2,2244440.0,3696484.0,246082.0
gas_2000,398,0.62,244,S2,2244440.0,4000484.0,246082.0
gas_2000,398,0.64,255,S2,2244440.0,4176484.0,246082.0
gas_2000,398,0.66,263,S2,2244440.0,4304484.0,246082.0
gas_2000,501,0.02,11,S2,2817120.0,272692.0,246082.0
gas_2000,501,0.04,18,S2,2817120.0,384692.0,246082.0
gas_2000,501,0.06,22,S2,2817120.0,448692.0,246082.0
gas_2000,501,0.08,26,S2,2817120.0,512692.0,246082.0
gas_2000,501,0.1,29,S2,2817120.0,560692.0,246082.0
gas_2000,501,0.12,32,S2,2817120.0,608692.0,246082.0
gas_2000,501,0.14,35,S2,2817120.0,656692.0,246082.0
gas_2000,501,0.16,38,S2,2817120.0,704692.0,246082.0
gas_2000,501,0.18,42,S2,2817120.0,768692.0,246082.0
gas_2000,501,0.2,45,S2,2817120.0,816692.0,246082.0
gas_2000,501,0.22,49,S2,2817120.0,880692.0,246082.0
gas_2000,501,0.24,53,S2,2817120.0,944692.0,246082.0
gas_2000,501,0.26,57,S2,2817120.0,1008692.0,246082.0
gas_2000,501,0.28,61,S2,2817120.0,1072692.0,246082.0
gas_2000,501,0.3,66,S2,2817120.0,1152692.0,246082.0
gas_2000,501,0.32,71,S2,2817120.0,1232692.0,246082.0
gas_2000,501,0.34,77,S2,2817120.0,1328692.0,246082.0
gas_2000,501,0.36,83,S2,2817120.0,1424692.0,246082.0
gas_2000,501,0.38,89,S2,2817120.0,1520692.0,246082.0
gas_2000,501,0.4,97,S2,2817120.0,1648692.0,246082.0
gas_2000,501,0.42,105,S2,2817120.0,1776692.0,246082.0
gas_2000,501,0.44,115,S2,2817120.0,1936692.0,246082.0
gas_2000,501,0.46,125,S2,2817120.0,2096692.0,246082.0
gas_2000,501,0.48,137,S2,2817120.0,2288692.0,246082.0
gas_2000,501,0.5,151,S2,2817120.0,2512692.0,246082.0
gas_2000,501,0.52,167,S2,2817120.0,2768692.0,246082.0
gas_2000,501,0.54,186,S2,2817120.0,3072692.0,246082.0
gas_2000,501,0.56,208,S2,2817120.0,3424692.0,246082.0
gas_2000,501,0.58,234,S2,2817120.0,3840692.0,246082.0
gas_2000,501,0.6,264,S2,2817120.0,4320692.0,246082.0
gas_2000,501,0.62,296,S2,2817120.0,4832692.0,246082.0
gas_2000,501,0.64,321,S2,2817120.0,5232692.0,246082.0
gas_2000,501,0.66,331,S2,2817120.0,5392692.0,246082.0
gas_2000,631,0.02,13,S2,3537120.0,322142.0,246082.0
gas_2000,631,0.04,19,S2,3537120.0,425822.0,246082.0
gas_2000,631,0.06,23,S2,3537120.0,494942.0,246082.0
gas_2000,631,0.08,26,S2,3537120.0,546782.0,246082.0
gas_2000,631,0.1,30,S2,3537120.0,615902.0,246082.0
gas_2000,631,0.12,33,S2,3537120.0,667742.0,246082.0
gas_2000,631,0.14,36,S2,3537120.0,719582.0,246082.0
gas_2000,631,0.16,39,S2,3537120.0,771422.0,246082.0
gas_2000,631,0.18,43,S2,3537120.0,840542.0,246082.0
gas_2000,631,0.2,47,S2,3537120.0,909662.0,246082.0
gas_2000,631,0.22,50,S2,3537120.0,961502.0,246082.0
gas_2000,631,0.24,54,S2,3537120.0,1030622.0,246082.0
gas_2000,631,0.26,59,S2,3537120.0,1117022.0,246082.0
gas_2000,631,0.28,63,S2,3537120.0,1186142.0,246082.0
gas_2000,631,0.3,68,S2,3537120.0,1272542.0,246082.0
gas_2000,631,0.32,74,S2,3537120.0,1376222.0,246082.0
gas_2000,631,0.34,80,S2,3537120.0,1479902.0,246082.0
gas_2000,631,0.36,86,S2,3537120.0,1583582.0,246082.0
gas_2000,631,0.38,93,S2,3537120.0,1704542.0,246082.0
gas_2000,631,0.4,102,S2,3537120.0,1860062.0,246082.0
gas_2000,631,0.42,111,S2,3537120.0,2015582.0,246082.0
gas_2000,631,0.44,121,S2,3537120.0,2188382.0,246082.0
gas_2000,631,0.46,133,S2,3537120.0,2395742.0,246082.0
gas_2000,631,0.48,146,S2,3537120.0,2620382.0,246082.0
gas_2000,631,0.5,163,S2,3537120.0,2914142.0,246082.0
gas_2000,631,0.52,182,S2,3537120.0,3242462.0,246082.0
gas_2000,631,0.54,204,S2,3537120.0,3622622.0,246082.0
gas_2000,631,0.56,232,S2,3537120.0,4106462.0,246082.0
gas_2000,631,0.58,264,S2,3537120.0,4659422.0,246082.0
gas_2000,631,0.6,306,S2,3537120.0,5385182.0,246082.0
gas_2000,631,0.62,355,S2,3537120.0,6231902.0,246082.0
gas_2000,631,0.64,399,S2,3537120.0,6992222.0,246082.0
gas_2000,631,0.66,417,S2,3537120.0,7303262.0,246082.0
gas_2000,794,0.02,15,S2,4442920.0,357038.0,246082.0
gas_2000,794,0.04,20,S2,4442920.0,443438.0,246082.0
gas_2000,794,0.06,24,S2,4442920.0,512558.0,246082.0
gas_2000,794,0.08,27,S2,4442920.0,564398.0,246082.0
gas_2000,794,0.1,30,S2,4442920.0,616238.0,246082.0
gas_2000,794,0.12,34,S2,4442920.0,685358.0,246082.0
gas_2000,794,0.14,37,S2,4442920.0,737198.0,246082.0
gas_2000,794,0.16,40,S2,4442920.0,789038.0,246082.0
gas_2000,794,0.18,44,S2,4442920.0,858158.0,246082.0
gas_2000,794,0.2,47,S2,4442920.0,909998.0,246082.0
gas_2000,794,0.22,51,S2,4442920.0,979118.0,246082.0
gas_2000,794,0.24,56,S2,4442920.0,1065518.0,246082.0
gas_2000,794,0.26,60,S2,4442920.0,1134638.0,246082.0
gas_2000,794,0.28,65,S2,4442920.0,1221038.0,246082.0
gas_2000,794,0.3,70,S2,4442920.0,1307438.0,246082.0
gas_2000,794,0.32,76,S2,4442920.0,1411118.0,246082.0
gas_2000,794,0.34,82,S2,4442920.0,1514798.0,246082.0
gas_2000,794,0.36,89,S2,4442920.0,1635758.0,246082.0
gas_2000,794,0.38,97,S2,4442920.0,1773998.0,246082.0
gas_2000,794,0.4,105,S2,4442920.0,1912238.0,246082.0
gas_2000,794,0.42,115,S2,4442920.0,2085038.0,246082.0
gas_2000,794,0.44,127,S2,4442920.0,2292398.0,246082.0
gas_2000,794,0.46,140,S2,4442920.0,2517038.0,246082.0
gas_2000,794,0.48,155,S2,4442920.0,2776238.0,246082.0
gas_2000,794,0.5,173,S2,4442920.0,3087278.0,246082.0
gas_2000,794,0.52,193,S2,4442920.0,3432878.0,246082.0
gas_2000,794,0.54,219,S2,4442920.0,3882158.0,246082.0
gas_2000,794,0.56,251,S2,4442920.0,4435118.0,246082.0
gas_2000,794,0.58,292,S2,4442920.0,5143598.0,246082.0
gas_2000,794,0.6,345,S2,4442920.0,6059438.0,246082.0
gas_2000,794,0.62,412,S2,4442920.0,7217198.0,246082.0
gas_2000,794,0.64,489,S2,4442920.0,8547758.0,246082.0
gas_2000,794,0.66,525,S2,4442920.0,9169838.0,246082.0
gas_2000,1000,0.02,16,S2,5585680.0,374718.0,246082.0
gas_2000,1000,0.04,21,S2,5585680.0,461118.0,246082.0
gas_2000,1000,0.06,24,S2,5585680.0,512958.0,246082.0
gas_2000,1000,0.08,28,S2,5585680.0,582078.0,246082.0
gas_2000,1000,0.1,31,S2,5585680.0,633918.0,246082.0
gas_2000,1000,0.12,34,S2,5585680.0,685758.0,246082.0
gas_2000,1000,0.14,38,S2,5585680.0,754878.0,246082.0
gas_2000,1000,0.16,41,S2,5585680.0,806718.0,246082.0
gas_2000,1000,0.18,45,S2,5585680.0,875838.0,246082.0
gas_2000,1000,0.2,49,S2,5585680.0,944958.0,246082.0
gas_2000,1000,0.22,53,S2,5585680.0,1014078.0,246082.0
gas_2000,1000,0.24,57,S2,5585680.0,1083198.0,246082.0
gas_2000,1000,0.26,62,S2,5585680.0,1169598.0,246082.0
gas_2000,1000,0.28,67,S2,5585680.0,1255998.0,246082.0
gas_2000,1000,0.3,72,S2,5585680.0,1342398.0,246082.0
gas_2000,1000,0.32,78,S2,5585680.0,1446078.0,246082.0
gas_2000,1000,0.34,85,S2,5585680.0,1567038.0,246082.0
gas_2000,1000,0.36,92,S2,5585680.0,1687998.0,246082.0
gas_2000,1000,0.38,100,S2,5585680.0,1826238.0,246082.0
gas_2000,1000,0.4,109,S2,5585680.0,1981758.0,246082.0
gas_2000,1000,0.42,119,S2,5585680.0,2154558.0,246082.0
gas_2000,1000,0.44,131,S2,5585680.0,2361918.0,246082.0
gas_2000,1000,0.46,145,S2,5585680.0,2603838.0,246082.0
gas_2000,1000,0.48,162,S2,5585680.0,2897598.0,246082.0
gas_2000,1000,0.5,181,S2,5585680.0,3225918.0,246082.0
gas_2000,1000,0.52,205,S2,5585680.0,3640638.0,246082.0
gas_2000,1000,0.54,234,S2,5585680.0,4141758.0,246082.0
gas_2000,1000,0.56,271,S2,5585680.0,4781118.0,246082.0
gas_2000,1000,0.58,319,S2,5585680.0,5610558.0,246082.0
gas_2000,1000,0.6,384,S2,5585680.0,6733758.0,246082.0
gas_2000,1000,0.62,473,S2,5585680.0,8271678.0,246082.0
gas_2000,1000,0.64,589,S2,5585680.0,10276158.0,246082.0
gas_2000,1000,0.66,661,S2,5585680.0,11520318.0,246082.0
gas_2000,1259,0.02,16,S2,7024440.0,396280.0,246082.0
gas_2000,1259,0.04,21,S2,7024440.0,489080.0,246082.0
gas_2000,1259,0.06,25,S2,7024440.0,563320.0,246082.0
gas_2000,1259,0.08,28,S2,7024440.0,619000.0,246082.0
gas_2000,1259,0.1,31,S2,7024440.0,674680.0,246082.0
gas_2000,1259,0.12,35,S2,7024440.0,748920.0,246082.0
gas_2000,1259,0.14,38,S2,7024440.0,804600.0,246082.0
gas_2000,1259,0.16,42,S2,7024440.0,878840.0,246082.0
gas_2000,1259,0.18,45,S2,7024440.0,934520.0,246082.0
gas_2000,1259,0.2,49,S2,7024440.0,1008760.0,246082.0
gas_2000,1259,0.22,53,S2,7024440.0,1083000.0,246082.0
gas_2000,1259,0.24,58,S2,7024440.0,1175800.0,246082.0
gas_2000,1259,0.26,63,S2,7024440.0,1268600.0,246082.0
gas_2000,1259,0.28,68,S2,7024440.0,1361400.0,246082.0
gas_2000,1259,0.3,73,S2,7024440.0,1454200.0,246082.0
gas_2000,1259,0.32,79,S2,7024440.0,1565560.0,246082.0
gas_2000,1259,0.34,86,S2,7024440.0,1695480.0,246082.0
gas_2000,1259,0.36,94,S2,7024440.0,1843960.0,246082.0
gas_2000,1259,0.38,102,S2,7024440.0,1992440.0,246082.0
gas_2000,1259,0.4,111,S2,7024440.0,2159480.0,246082.0
gas_2000,1259,0.42,122,S2,7024440.0,2363640.0,246082.0
gas_2000,1259,0.44,134,S2,7024440.0,2586360.0,246082.0
gas_2000,1259,0.46,149,S2,7024440.0,2864760.0,246082.0
gas_2000,1259,0.48,167,S2,7024440.0,3198840.0,246082.0
gas_2000,1259,0.5,187,S2,7024440.0,3570040.0,246082.0
gas_2000,1259,0.52,212,S2,7024440.0,4034040.0,246082.0
gas_2000,1259,0.54,244,S2,7024440.0,4627960.0,246082.0
gas_2000,1259,0.56,286,S2,7024440.0,5407480.0,246082.0
gas_2000,1259,0.58,340,S2,7024440.0,6409720.0,246082.0
gas_2000,1259,0.6,415,S2,7024440.0,7801720.0,246082.0
gas_2000,1259,0.62,524,S2,7024440.0,9824760.0,246082.0
gas_2000,1259,0.64,685,S2,7024440.0,12812920.0,246082.0
gas_2000,1259,0.66,831,S2,7024440.0,15522680.0,246082.0
gas_2000,1585,0.02,17,S2,8833440.0,415496.0,246082.0
gas_2000,1585,0.04,21,S2,8833440.0,489736.0,246082.0
gas_2000,1585,0.06,25,S2,8833440.0,563976.0,246082.0
gas_2000,1585,0.08,28,S2,8833440.0,619656.0,246082.0
gas_2000,1585,0.1,32,S2,8833440.0,693896.0,246082.0
gas_2000,1585,0.12,35,S2,8833440.0,749576.0,246082.0
gas_2000,1585,0.14,39,S2,8833440.0,823816.0,246082.0
gas_2000,1585,0.16,42,S2,8833440.0,879496.0,246082.0
gas_2000,1585,0.18,46,S2,8833440.0,953736.0,246082.0
gas_2000,1585,0.2,50,S2,8833440.0,1027976.0,246082.0
gas_2000,1585,0.22,54,S2,8833440.0,1102216.0,246082.0
gas_2000,1585,0.24,59,S2,8833440.0,1195016.0,246082.0
gas_2000,1585,0.26,63,S2,8833440.0,1269256.0,246082.0
gas_2000,1585,0.28,69,S2,8833440.0,1380616.0,246082.0
gas_2000,1585,0.3,74,S2,8833440.0,1473416.0,246082.0
gas_2000,1585,0.32,81,S2,8833440.0,1603336.0,246082.0
gas_2000,1585,0.34,87,S2,8833440.0,1714696.0,246082.0
gas_2000,1585,0.36,95,S2,8833440.0,1863176.0,246082.0
gas_2000,1585,0.38,104,S2,8833440.0,2030216.0,246082.0
gas_2000,1585,0.4,114,S2,8833440.0,2215816.0,246082.0
gas_2000,1585,0.42,125,S2,8833440.0,2419976.0,246082.0
gas_2000,1585,0.44,138,S2,8833440.0,2661256.0,246082.0
gas_2000,1585,0.46,153,S2,8833440.0,2939656.0,246082.0
gas_2000,1585,0.48,171,S2,8833440.0,3273736.0,246082.0
gas_2000,1585,0.5,193,S2,8833440.0,3682056.0,246082.0
gas_2000,1585,0.52,220,S2,8833440.0,4183176.0,246082.0
gas_2000,1585,0.54,254,S2,8833440.0,4814216.0,246082.0
gas_2000,1585,0.56,298,S2,8833440.0,5630856.0,246082.0
gas_2000,1585,0.58,359,S2,8833440.0,6763016.0,246082.0
gas_2000,1585,0.6,447,S2,8833440.0,8396296.0,246082.0
gas_2000,1585,0.62,576,S2,8833440.0,10790536.0,246082.0
gas_2000,1585,0.64,793,S2,8833440.0,14818056.0,246082.0
gas_2000,1585,0.66,1047,S2,8833440.0,19532296.0,246082.0
gas_2000,1995,0.02,17,S2,11111320.0,416312.0,246082.0
gas_2000,1995,0.04,22,S2,11111320.0,509112.0,246082.0
gas_2000,1995,0.06,25,S2,11111320.0,564792.0,246082.0
gas_2000,1995,0.08,29,S2,11111320.0,639032.0,246082.0
gas_2000,1995,0.1,32,S2,11111320.0,694712.0,246082.0
gas_2000,1995,0.12,36,S2,11111320.0,768952.0,246082.0
gas_2000,1995,0.14,39,S2,11111320.0,824632.0,246082.0
gas_2000,1995,0.16,43,S2,11111320.0,898872.0,246082.0
gas_2000,1995,0.18,46,S2,11111320.0,954552.0,246082.0
gas_2000,1995,0.2,50,S2,11111320.0,1028792.0,246082.0
gas_2000,1995,0.22,55,S2,11111320.0,1121592.0,246082.0
gas_2000,1995,0.24,59,S2,11111320.0,1195832.0,246082.0
gas_2000,1995,0.26,64,S2,11111320.0,1288632.0,246082.0
gas_2000,1995,0.28,69,S2,11111320.0,1381432.0,246082.0
gas_2000,1995,0.3,75,S2,11111320.0,1492792.0,246082.0
gas_2000,1995,0.32,81,S2,11111320.0,1604152.0,246082.0
gas_2000,1995,0.34,89,S2,11111320.0,1752632.0,246082.0
gas_2000,1995,0.36,96,S2,11111320.0,1882552.0,246082.0
gas_2000,1995,0.38,105,S2,11111320.0,2049592.0,246082.0
gas_2000,1995,0.4,115,S2,11111320.0,2235192.0,246082.0
gas_2000,1995,0.42,127,S2,11111320.0,2457912.0,246082.0
gas_2000,1995,0.44,140,S2,11111320.0,2699192.0,246082.0
gas_2000,1995,0.46,156,S2,11111320.0,2996152.0,246082.0
gas_2000,1995,0.48,175,S2,11111320.0,3348792.0,246082.0
gas_2000,1995,0.5,197,S2,11111320.0,3757112.0,246082.0
gas_2000,1995,0.52,226,S2,11111320.0,4295352.0,246082.0
gas_2000,1995,0.54,262,S2,11111320.0,4963512.0,246082.0
gas_2000,1995,0.56,309,S2,11111320.0,5835832.0,246082.0
gas_2000,1995,0.58,375,S2,11111320.0,7060792.0,246082.0
gas_2000,1995,0.6,471,S2,11111320.0,8842552.0,246082.0
gas_2000,1995,0.62,618,S2,11111320.0,11570872.0,246082.0
gas_2000,1995,0.64,885,S2,11111320.0,16526392.0,246082.0
gas_2000,1995,0.66,1303,S2,11111320.0,24284472.0,246082.0
gas_2000,2512,0.02,17,S2,13979800.0,439650.0,246082.0
gas_2000,2512,0.04,22,S2,13979800.0,538850.0,246082.0
gas_2000,2512,0.06,26,S2,13979800.0,618210.0,246082.0
gas_2000,2512,0.08,29,S2,13979800.0,677730.0,246082.0
gas_2000,2512,0.1,32,S2,13979800.0,737250.0,246082.0
gas_2000,2512,0.12,36,S2,13979800.0,816610.0,246082.0
gas_2000,2512,0.14,39,S2,13979800.0,876130.0,246082.0
gas_2000,2512,0.16,43,S2,13979800.0,955490.0,246082.0
gas_2000,2512,0.18,47,S2,13979800.0,1034850.0,246082.0
gas_2000,2512,0.2,51,S2,13979800.0,1114210.0,246082.0
gas_2000,2512,0.22,55,S2,13979800.0,1193570.0,246082.0
gas_2000,2512,0.24,60,S2,13979800.0,1292770.0,246082.0
gas_2000,2512,0.26,65,S2,13979800.0,1391970.0,246082.0
gas_2000,2512,0.28,70,S2,13979800.0,1491170.0,246082.0
gas_2000,2512,0.3,76,S2,13979800.0,1610210.0,246082.0
gas_2000,2512,0.32,82,S2,13979800.0,1729250.0,246082.0
gas_2000,2512,0.34,90,S2,13979800.0,1887970.0,246082.0
gas_2000,2512,0.36,98,S2,13979800.0,2046690.0,246082.0
gas_2000,2512,0.38,107,S2,13979800.0,2225250.0,246082.0
gas_2000,2512,0.4,117,S2,13979800.0,2423650.0,246082.0
gas_2000,2512,0.42,129,S2,13979800.0,2661730.0,246082.0
gas_2000,2512,0.44,142,S2,13979800.0,2919650.0,246082.0
gas_2000,2512,0.46,159,S2,13979800.0,3256930.0,246082.0
gas_2000,2512,0.48,178,S2,13979800.0,3633890.0,246082.0
gas_2000,2512,0.5,202,S2,13979800.0,4110050.0,246082.0
gas_2000,2512,0.52,231,S2,13979800.0,4685410.0,246082.0
gas_2000,2512,0.54,269,S2,13979800.0,5439330.0,246082.0
gas_2000,2512,0.56,319,S2,13979800.0,6431330.0,246082.0
gas_2000,2512,0.58,388,S2,13979800.0,7800290.0,246082.0
gas_2000,2512,0.6,494,S2,13979800.0,9903330.0,246082.0
gas_2000,2512,0.62,664,S2,13979800.0,13276130.0,246082.0
gas_2000,2512,0.64,986,S2,13979800.0,19664610.0,246082.0
gas_2000,2512,0.66,1615,S2,13979800.0,32143970.0,246082.0
gas_2000,3162,0.02,18,S2,17590120.0,460802.0,246082.0
gas_2000,3162,0.04,22,S2,17590120.0,540162.0,246082.0
gas_2000,3162,0.06,26,S2,17590120.0,619522.0,246082.0
gas_2000,3162,0.08,29,S2,17590120.0,679042.0,246082.0
gas_2000,3162,0.1,33,S2,17590120.0,758402.0,246082.0
gas_2000,3162,0.12,36,S2,17590120.0,817922.0,246082.0
gas_2000,3162,0.14,40,S2,17590120.0,897282.0,246082.0
gas_2000,3162,0.16,43,S2,17590120.0,956802.0,246082.0
gas_2000,3162,0.18,47,S2,17590120.0,1036162.0,246082.0
gas_2000,3162,0.2,51,S2,17590120.0,1115522.0,246082.0
gas_2000,3162,0.22,55,S2,17590120.0,1194882.0,246082.0
gas_2000,3162,0.24,60,S2,17590120.0,1294082.0,246082.0
gas_2000,3162,0.26,65,S2,17590120.0,1393282.0,246082.0
gas_2000,3162,0.28,70,S2,17590120.0,1492482.0,246082.0
gas_2000,3162,0.3,76,S2,17590120.0,1611522.0,246082.0
gas_2000,3162,0.32,83,S2,17590120.0,1750402.0,246082.0
gas_2000,3162,0.34,90,S2,17590120.0,1889282.0,246082.0
gas_2000,3162,0.36,98,S2,17590120.0,2048002.0,246082.0
gas_2000,3162,0.38,108,S2,17590120.0,2246402.0,246082.0
gas_2000,3162,0.4,118,S2,17590120.0,2444802.0,246082.0
gas_2000,3162,0.42,130,S2,17590120.0,2682882.0,246082.0
gas_2000,3162,0.44,144,S2,17590120.0,2960642.0,246082.0
gas_2000,3162,0.46,160,S2,17590120.0,3278082.0,246082.0
gas_2000,3162,0.48,180,S2,17590120.0,3674882.0,246082.0
gas_2000,3162,0.5,205,S2,17590120.0,4170882.0,246082.0
gas_2000,3162,0.52,235,S2,17590120.0,4766082.0,246082.0
gas_2000,3162,0.54,274,S2,17590120.0,5539842.0,246082.0
gas_2000,3162,0.56,326,S2,17590120.0,6571522.0,246082.0
gas_2000,3162,0.58,399,S2,17590120.0,8019842.0,246082.0
gas_2000,3162,0.6,511,S2,17590120.0,10241922.0,246082.0
gas_2000,3162,0.62,696,S2,17590120.0,13912322.0,246082.0
gas_2000,3162,0.64,1066,S2,17590120.0,21253122.0,246082.0
gas_2000,3162,0.66,1959,S2,17590120.0,38970242.0,246082.0
gas_2000,3981,0.02,18,S2,22136920.0,462434.0,246082.0
gas_2000,3981,0.04,22,S2,22136920.0,541794.0,246082.0
gas_2000,3981,0.06,26,S2,22136920.0,621154.0,246082.0
gas_2000,3981,0.08,29,S2,22136920.0,680674.0,246082.0
gas_2000,3981,0.1,33,S2,22136920.0,760034.0,246082.0
gas_2000,3981,0.12,36,S2,22136920.0,819554.0,246082.0
gas_2000,3981,0.14,40,S2,22136920.0,898914.0,246082.0
gas_2000,3981,0.16,43,S2,22136920.0,958434.0,246082.0
gas_2000,3981,0.18,47,S2,22136920.0,1037794.0,246082.0
gas_2000,3981,0.2,51,S2,22136920.0,1117154.0,246082.0
gas_2000,3981,0.22,56,S2,22136920.0,1216354.0,246082.0
gas_2000,3981,0.24,60,S2,22136920.0,1295714.0,246082.0
gas_2000,3981,0.26,65,S2,22136920.0,1394914.0,246082.0
gas_2000,3981,0.28,71,S2,22136920.0,1513954.0,246082.0
gas_2000,3981,0.3,77,S2,22136920.0,1632994.0,246082.0
gas_2000,3981,0.32,83,S2,22136920.0,1752034.0,246082.0
gas_2000,3981,0.34,91,S2,22136920.0,1910754.0,246082.0
gas_2000,3981,0.36,99,S2,22136920.0,2069474.0,246082.0
gas_2000,3981,0.38,108,S2,22136920.0,2248034.0,246082.0
gas_2000,3981,0.4,119,S2,22136920.0,2466274.0,246082.0
gas_2000,3981,0.42,131,S2,22136920.0,2704354.0,246082.0
gas_2000,3981,0.44,145,S2,22136920.0,2982114.0,246082.0
gas_2000,3981,0.46,162,S2,22136920.0,3319394.0,246082.0
gas_2000,3981,0.48,182,S2,22136920.0,3716194.0,246082.0
gas_2000,3981,0.5,207,S2,22136920.0,4212194.0,246082.0
gas_2000,3981,0.52,238,S2,22136920.0,4827234.0,246082.0
gas_2000,3981,0.54,278,S2,22136920.0,5620834.0,246082.0
gas_2000,3981,0.56,332,S2,22136920.0,6692194.0,246082.0
gas_2000,3981,0.58,408,S2,22136920.0,8200034.0,246082.0
gas_2000,3981,0.6,525,S2,22136920.0,10521314.0,246082.0
gas_2000,3981,0.62,727,S2,22136920.0,14528994.0,246082.0
gas_2000,3981,0.64,1142,S2,22136920.0,22762594.0,246082.0
gas_2000,3981,0.66,2357,S2,22136920.0,46868194.0,246082.0
gas_2000,5012,0.02,18,S2,27859840.0,488092.0,246082.0
gas_2000,5012,0.04,22,S2,27859840.0,572572.0,246082.0
gas_2000,5012,0.06,26,S2,27859840.0,657052.0,246082.0
gas_2000,5012,0.08,29,S2,27859840.0,720412.0,246082.0
gas_2000,5012,0.1,33,S2,27859840.0,804892.0,246082.0
gas_2000,5012,0.12,36,S2,27859840.0,868252.0,246082.0
gas_2000,5012,0.14,40,S2,27859840.0,952732.0,246082.0
gas_2000,5012,0.16,44,S2,27859840.0,1037212.0,246082.0
gas_2000,5012,0.18,47,S2,27859840.0,1100572.0,246082.0
gas_2000,5012,0.2,52,S2,27859840.0,1206172.0,246082.0
gas_2000,5012,0.22,56,S2,27859840.0,1290652.0,246082.0
gas_2000,5012,0.24,61,S2,27859840.0,1396252.0,246082.0
gas_2000,5012,0.26,66,S2,27859840.0,1501852.0,246082.0
gas_2000,5012,0.28,71,S2,27859840.0,1607452.0,246082.0
gas_2000,5012,0.3,77,S2,27859840.0,1734172.0,246082.0
gas_2000,5012,0.32,84,S2,27859840.0,1882012.0,246082.0
gas_2000,5012,0.34,91,S2,27859840.0,2029852.0,246082.0
gas_2000,5012,0.36,100,S2,27859840.0,2219932.0,246082.0
gas_2000,5012,0.38,109,S2,27859840.0,2410012.0,246082.0
gas_2000,5012,0.4,120,S2,27859840.0,2642332.0,246082.0
gas_2000,5012,0.42,132,S2,27859840.0,2895772.0,246082.0
gas_2000,5012,0.44,146,S2,27859840.0,3191452.0,246082.0
gas_2000,5012,0.46,163,S2,27859840.0,3550492.0,246082.0
gas_2000,5012,0.48,184,S2,27859840.0,3994012.0,246082.0
gas_2000,5012,0.5,209,S2,27859840.0,4522012.0,246082.0
gas_2000,5012,0.52,241,S2,27859840.0,5197852.0,246082.0
gas_2000,5012,0.54,282,S2,27859840.0,6063772.0,246082.0
gas_2000,5012,0.56,337,S2,27859840.0,7225372.0,246082.0
gas_2000,5012,0.58,416,S2,27859840.0,8893852.0,246082.0
gas_2000,5012,0.6,539,S2,27859840.0,11491612.0,246082.0
gas_2000,5012,0.62,752,S2,27859840.0,15990172.0,246082.0
gas_2000,5012,0.64,1212,S2,27859840.0,25705372.0,246082.0
gas_2000,5012,0.66,2766,S2,27859840.0,58525852.0,246082.0
gas_2000,6310,0.02,18,S2,35065040.0,490684.0,246082.0
gas_2000,6310,0.04,22,S2,35065040.0,575164.0,246082.0
gas_2000,6310,0.06,26,S2,35065040.0,659644.0,246082.0
gas_2000,6310,0.08,30,S2,35065040.0,744124.0,246082.0
gas_2000,6310,0.1,33,S2,35065040.0,807484.0,246082.0
gas_2000,6310,0.12,36,S2,35065040.0,870844.0,246082.0
gas_2000,6310,0.14,40,S2,35065040.0,955324.0,246082.0
gas_2000,6310,0.16,44,S2,35065040.0,1039804.0,246082.0
gas_2000,6310,0.18,48,S2,35065040.0,1124284.0,246082.0
gas_2000,6310,0.2,52,S2,35065040.0,1208764.0,246082.0
gas_2000,6310,0.22,56,S2,35065040.0,1293244.0,246082.0
gas_2000,6310,0.24,61,S2,35065040.0,1398844.0,246082.0
gas_2000,6310,0.26,66,S2,35065040.0,1504444.0,246082.0
gas_2000,6310,0.28,71,S2,35065040.0,1610044.0,246082.0
gas_2000,6310,0.3,78,S2,35065040.0,1757884.0,246082.0
gas_2000,6310,0.32,84,S2,35065040.0,1884604.0,246082.0
gas_2000,6310,0.34,92,S2,35065040.0,2053564.0,246082.0
gas_2000,6310,0.36,100,S2,35065040.0,2222524.0,246082.0
gas_2000,6310,0.38,109,S2,35065040.0,2412604.0,246082.0
gas_2000,6310,0.4,120,S2,35065040.0,2644924.0,246082.0
gas_2000,6310,0.42,133,S2,35065040.0,2919484.0,246082.0
gas_2000,6310,0.44,147,S2,35065040.0,3215164.0,246082.0
gas_2000,6310,0.46,165,S2,35065040.0,3595324.0,246082.0
gas_2000,6310,0.48,185,S2,35065040.0,4017724.0,246082.0
gas_2000,6310,0.5,211,S2,35065040.0,4566844.0,246082.0
gas_2000,6310,0.52,243,S2,35065040.0,5242684.0,246082.0
gas_2000,6310,0.54,285,S2,35065040.0,6129724.0,246082.0
gas_2000,6310,0.56,342,S2,35065040.0,7333564.0,246082.0
gas_2000,6310,0.58,423,S2,35065040.0,9044284.0,246082.0
gas_2000,6310,0.6,550,S2,35065040.0,11726524.0,246082.0
gas_2000,6310,0.62,774,S2,35065040.0,16457404.0,246082.0
gas_2000,6310,0.64,1273,S2,35065040.0,26996284.0,246082.0
gas_2000,6310,0.66,3205,S2,35065040.0,67800124.0,246082.0
gas_2000,7943,0.02,18,S2,44131760.0,495160.0,246082.0
gas_2000,7943,0.04,22,S2,44131760.0,579640.0,246082.0
gas_2000,7943,0.06,26,S2,44131760.0,664120.0,246082.0
gas_2000,7943,0.08,30,S2,44131760.0,748600.0,246082.0
gas_2000,7943,0.1,33,S2,44131760.0,811960.0,246082.0
gas_2000,7943,0.12,37,S2,44131760.0,896440.0,246082.0
gas_2000,7943,0.14,40,S2,44131760.0,959800.0,246082.0
gas_2000,7943,0.16,44,S2,44131760.0,1044280.0,246082.0
gas_2000,7943,0.18,48,S2,44131760.0,1128760.0,246082.0
gas_2000,7943,0.2,52,S2,44131760.0,1213240.0,246082.0
gas_2000,7943,0.22,56,S2,44131760.0,1297720.0,246082.0
gas_2000,7943,0.24,61,S2,44131760.0,1403320.0,246082.0
gas_2000,7943,0.26,66,S2,44131760.0,1508920.0,246082.0
gas_2000,7943,0.28,72,S2,44131760.0,1635640.0,246082.0
gas_2000,7943,0.3,78,S2,44131760.0,1762360.0,246082.0
gas_2000,7943,0.32,84,S2,44131760.0,1889080.0,246082.0
gas_2000,7943,0.34,92,S2,44131760.0,2058040.0,246082.0
gas_2000,7943,0.36,100,S2,44131760.0,2227000.0,246082.0
gas_2000,7943,0.38,110,S2,44131760.0,2438200.0,246082.0
gas_2000,7943,0.4,121,S2,44131760.0,2670520.0,246082.0
gas_2000,7943,0.42,133,S2,44131760.0,2923960.0,246082.0
gas_2000,7943,0.44,148,S2,44131760.0,3240760.0,246082.0
gas_2000,7943,0.46,165,S2,44131760.0,3599800.0,246082.0
gas_2000,7943,0.48,186,S2,44131760.0,4043320.0,246082.0
gas_2000,7943,0.5,212,S2,44131760.0,4592440.0,246082.0
gas_2000,7943,0.52,245,S2,44131760.0,5289400.0,246082.0
gas_2000,7943,0.54,287,S2,44131760.0,6176440.0,246082.0
gas_2000,7943,0.56,345,S2,44131760.0,7401400.0,246082.0
gas_2000,7943,0.58,428,S2,44131760.0,9154360.0,246082.0
gas_2000,7943,0.6,558,S2,44131760.0,11899960.0,246082.0
gas_2000,7943,0.62,789,S2,44131760.0,16778680.0,246082.0
gas_2000,7943,0.64,1318,S2,44131760.0,27951160.0,246082.0
gas_2000,7943,0.66,3610,S2,44131760.0,76358200.0,246082.0
gas_2000,10000,0.02,18,S2,55550680.0,529760.0,246082.0
gas_2000,10000,0.04,22,S2,55550680.0,619360.0,246082.0
gas_2000,10000,0.06,26,S2,55550680.0,708960.0,246082.0
gas_2000,10000,0.08,30,S2,55550680.0,798560.0,246082.0
gas_2000,10000,0.1,33,S2,55550680.0,865760.0,246082.0
gas_2000,10000,0.12,37,S2,55550680.0,955360.0,246082.0
gas_2000,10000,0.14,40,S2,55550680.0,1022560.0,246082.0
gas_2000,10000,0.16,44,S2,55550680.0,1112160.0,246082.0
gas_2000,10000,0.18,48,S2,55550680.0,1201760.0,246082.0
gas_2000,10000,0.2,52,S2,55550680.0,1291360.0,246082.0
gas_2000,10000,0.22,56,S2,55550680.0,1380960.0,246082.0
gas_2000,10000,0.24,61,S2,55550680.0,1492960.0,246082.0
gas_2000,10000,0.26,66,S2,55550680.0,1604960.0,246082.0
gas_2000,10000,0.28,72,S2,55550680.0,1739360.0,246082.0
gas_2000,10000,0.3,78,S2,55550680.0,1873760.0,246082.0
gas_2000,10000,0.32,85,S2,55550680.0,2030560.0,246082.0
gas_2000,10000,0.34,92,S2,55550680.0,2187360.0,246082.0
gas_2000,10000,0.36,101,S2,55550680.0,2388960.0,246082.0
gas_2000,10000,0.38,110,S2,55550680.0,2590560.0,246082.0
gas_2000,10000,0.4,121,S2,55550680.0,2836960.0,246082.0
gas_2000,10000,0.42,134,S2,55550680.0,3128160.0,246082.0
gas_2000,10000,0.44,149,S2,55550680.0,3464160.0,246082.0
gas_2000,10000,0.46,166,S2,55550680.0,3844960.0,246082.0
gas_2000,10000,0.48,187,S2,55550680.0,4315360.0,246082.0
gas_2000,10000,0.5,213,S2,55550680.0,4897760.0,246082.0
gas_2000,10000,0.52,246,S2,55550680.0,5636960.0,246082.0
gas_2000,10000,0.54,289,S2,55550680.0,6600160.0,246082.0
gas_2000,10000,0.56,348,S2,55550680.0,7921760.0,246082.0
gas_2000,10000,0.58,433,S2,55550680.0,9825760.0,246082.0
gas_2000,10000,0.6,566,S2,55550680.0,12804960.0,246082.0
gas_2000,10000,0.62,805,S2,55550680.0,18158560.0,246082.0
gas_2000,10000,0.64,1362,S2,55550680.0,30635360.0,246082.0
gas_2000,10000,0.66,4020,S2,55550680.0,90174560.0,246082.0
gas_2000,12589,0.02,18,S2,69923960.0,542720.0,246082.0
gas_2000,12589,0.04,23,S2,69923960.0,654720.0,246082.0
gas_2000,12589,0.06,26,S2,69923960.0,721920.0,246082.0
gas_2000,12589,0.08,30,S2,69923960.0,811520.0,246082.0
gas_2000,12589,0.1,33,S2,69923960.0,878720.0,246082.0
gas_2000,12589,0.12,37,S2,69923960.0,968320.0,246082.0
gas_2000,12589,0.14,40,S2,69923960.0,1035520.0,246082.0
gas_2000,12589,0.16,44,S2,69923960.0,1125120.0,246082.0
gas_2000,12589,0.18,48,S2,69923960.0,1214720.0,246082.0
gas_2000,12589,0.2,52,S2,69923960.0,1304320.0,246082.0
gas_2000,12589,0.22,56,S2,69923960.0,1393920.0,246082.0
gas_2000,12589,0.24,61,S2,69923960.0,1505920.0,246082.0
gas_2000,12589,0.26,66,S2,69923960.0,1617920.0,246082.0
gas_2000,12589,0.28,72,S2,69923960.0,1752320.0,246082.0
gas_2000,12589,0.3,78,S2,69923960.0,1886720.0,246082.0
gas_2000,12589,0.32,85,S2,69923960.0,2043520.0,246082.0
gas_2000,12589,0.34,92,S2,69923960.0,2200320.0,246082.0
gas_2000,12589,0.36,101,S2,69923960.0,2401920.0,246082.0
gas_2000,12589,0.38,110,S2,69923960.0,2603520.0,246082.0
gas_2000,12589,0.4,121,S2,69923960.0,2849920.0,246082.0
gas_2000,12589,0.42,134,S2,69923960.0,3141120.0,246082.0
gas_2000,12589,0.44,149,S2,69923960.0,3477120.0,246082.0
gas_2000,12589,0.46,167,S2,69923960.0,3880320.0,246082.0
gas_2000,12589,0.48,188,S2,69923960.0,4350720.0,246082.0
gas_2000,12589,0.5,214,S2,69923960.0,4933120.0,246082.0
gas_2000,12589,0.52,247,S2,69923960.0,5672320.0,246082.0
gas_2000,12589,0.54,291,S2,69923960.0,6657920.0,246082.0
gas_2000,12589,0.56,350,S2,69923960.0,7979520.0,246082.0
gas_2000,12589,0.58,436,S2,69923960.0,9905920.0,246082.0
gas_2000,12589,0.6,571,S2,69923960.0,12929920.0,246082.0
gas_2000,12589,0.62,815,S2,69923960.0,18395520.0,246082.0
gas_2000,12589,0.64,1390,S2,69923960.0,31275520.0,246082.0
gas_2000,12589,0.66,4343,S2,69923960.0,97422720.0,246082.0
gas_2000,15849,0.02,18,S2,88024120.0,559040.0,246082.0
gas_2000,15849,0.04,23,S2,88024120.0,671040.0,246082.0
gas_2000,15849,0.06,26,S2,88024120.0,738240.0,246082.0
gas_2000,15849,0.08,30,S2,88024120.0,827840.0,246082.0
gas_2000,15849,0.1,33,S2,88024120.0,895040.0,246082.0
gas_2000,15849,0.12,37,S2,88024120.0,984640.0,246082.0
gas_2000,15849,0.14,40,S2,88024120.0,1051840.0,246082.0
gas_2000,15849,0.16,44,S2,88024120.0,1141440.0,246082.0
gas_2000,15849,0.18,48,S2,88024120.0,1231040.0,246082.0
gas_2000,15849,0.2,52,S2,88024120.0,1320640.0,246082.0
gas_2000,15849,0.22,56,S2,88024120.0,1410240.0,246082.0
gas_2000,15849,0.24,61,S2,88024120.0,1522240.0,246082.0
gas_2000,15849,0.26,66,S2,88024120.0,1634240.0,246082.0
gas_2000,15849,0.28,72,S2,88024120.0,1768640.0,246082.0
gas_2000,15849,0.3,78,S2,88024120.0,1903040.0,246082.0
gas_2000,15849,0.32,85,S2,88024120.0,2059840.0,246082.0
gas_2000,15849,0.34,93,S2,88024120.0,2239040.0,246082.0
gas_2000,15849,0.36,101,S2,88024120.0,2418240.0,246082.0
gas_2000,15849,0.38,111,S2,88024120.0,2642240.0,246082.0
gas_2000,15849,0.4,122,S2,88024120.0,2888640.0,246082.0
gas_2000,15849,0.42,134,S2,88024120.0,3157440.0,246082.0
gas_2000,15849,0.44,149,S2,88024120.0,3493440.0,246082.0
gas_2000,15849,0.46,167,S2,88024120.0,3896640.0,246082.0
gas_2000,15849,0.48,188,S2,88024120.0,4367040.0,246082.0
gas_2000,15849,0.5,215,S2,88024120.0,4971840.0,246082.0
gas_2000,15849,0.52,248,S2,88024120.0,5711040.0,246082.0
gas_2000,15849,0.54,292,S2,88024120.0,6696640.0,246082.0
gas_2000,15849,0.56,351,S2,88024120.0,8018240.0,246082.0
gas_2000,15849,0.58,438,S2,88024120.0,9967040.0,246082.0
gas_2000,15849,0.6,575,S2,88024120.0,13035840.0,246082.0
gas_2000,15849,0.62,823,S2,88024120.0,18591040.0,246082.0
gas_2000,15849,0.64,1417,S2,88024120.0,31896640.0,246082.0
gas_2000,15849,0.66,4645,S2,88024120.0,104203840.0,246082.0
gas_2000,19953,0.02,18,S2,110808160.0,603880.0,246082.0
gas_2000,19953,0.04,23,S2,110808160.0,722280.0,246082.0
gas_2000,19953,0.06,26,S2,110808160.0,793320.0,246082.0
gas_2000,19953,0.08,30,S2,110808160.0,888040.0,246082.0
gas_2000,19953,0.1,33,S2,110808160.0,959080.0,246082.0
gas_2000,19953,0.12,37,S2,110808160.0,1053800.0,246082.0
gas_2000,19953,0.14,40,S2,110808160.0,1124840.0,246082.0
gas_2000,19953,0.16,44,S2,110808160.0,1219560.0,246082.0
gas_2000,19953,0.18,48,S2,110808160.0,1314280.0,246082.0
gas_2000,19953,0.2,52,S2,110808160.0,1409000.0,246082.0
gas_2000,19953,0.22,57,S2,110808160.0,1527400.0,246082.0
gas_2000,19953,0.24,61,S2,110808160.0,1622120.0,246082.0
gas_2000,19953,0.26,66,S2,110808160.0,1740520.0,246082.0
gas_2000,19953,0.28,72,S2,110808160.0,1882600.0,246082.0
gas_2000,19953,0.3,78,S2,110808160.0,2024680.0,246082.0
gas_2000,19953,0.32,85,S2,110808160.0,2190440.0,246082.0
gas_2000,19953,0.34,93,S2,110808160.0,2379880.0,246082.0
gas_2000,19953,0.36,101,S2,110808160.0,2569320.0,246082.0
gas_2000,19953,0.38,111,S2,110808160.0,2806120.0,246082.0
gas_2000,19953,0.4,122,S2,110808160.0,3066600.0,246082.0
gas_2000,19953,0.42,135,S2,110808160.0,3374440.0,246082.0
gas_2000,19953,0.44,150,S2,110808160.0,3729640.0,246082.0
gas_2000,19953,0.46,167,S2,110808160.0,4132200.0,246082.0
gas_2000,19953,0.48,189,S2,110808160.0,4653160.0,246082.0
gas_2000,19953,0.5,215,S2,110808160.0,5268840.0,246082.0
gas_2000,19953,0.52,249,S2,110808160.0,6073960.0,246082.0
gas_2000,19953,0.54,293,S2,110808160.0,7115880.0,246082.0
gas_2000,19953,0.56,353,S2,110808160.0,8536680.0,246082.0
gas_2000,19953,0.58,440,S2,110808160.0,10596840.0,246082.0
gas_2000,19953,0.6,578,S2,110808160.0,13864680.0,246082.0
gas_2000,19953,0.62,830,S2,110808160.0,19832040.0,246082.0
gas_2000,19953,0.64,1438,S2,110808160.0,34229480.0,246082.0
gas_2000,19953,0.66,4898,S2,110808160.0,116162280.0,246082.0
gas_2000,25119,0.02,18,S2,139488040.0,629680.0,246082.0
gas_2000,25119,0.04,23,S2,139488040.0,748080.0,246082.0
gas_2000,25119,0.06,26,S2,139488040.0,819120.0,246082.0
gas_2000,25119,0.08,30,S2,139488040.0,913840.0,246082.0
gas_2000,25119,0.1,33,S2,139488040.0,984880.0,246082.0
gas_2000,25119,0.12,37,S2,139488040.0,1079600.0,246082.0
gas_2000,25119,0.14,40,S2,139488040.0,1150640.0,246082.0
gas_2000,25119,0.16,44,S2,139488040.0,1245360.0,246082.0
gas_2000,25119,0.18,48,S2,139488040.0,1340080.0,246082.0
gas_2000,25119,0.2,52,S2,139488040.0,1434800.0,246082.0
gas_2000,25119,0.22,57,S2,139488040.0,1553200.0,246082.0
gas_2000,25119,0.24,61,S2,139488040.0,1647920.0,246082.0
gas_2000,25119,0.26,67,S2,139488040.0,1790000.0,246082.0
gas_2000,25119,0.28,72,S2,139488040.0,1908400.0,246082.0
gas_2000,25119,0.3,78,S2,139488040.0,2050480.0,246082.0
gas_2000,25119,0.32,85,S2,139488040.0,2216240.0,246082.0
gas_2000,25119,0.34,93,S2,139488040.0,2405680.0,246082.0
gas_2000,25119,0.36,101,S2,139488040.0,2595120.0,246082.0
gas_2000,25119,0.38,111,S2,139488040.0,2831920.0,246082.0
gas_2000,25119,0.4,122,S2,139488040.0,3092400.0,246082.0
gas_2000,25119,0.42,135,S2,139488040.0,3400240.0,246082.0
gas_2000,25119,0.44,150,S2,139488040.0,3755440.0,246082.0
gas_2000,25119,0.46,168,S2,139488040.0,4181680.0,246082.0
gas_2000,25119,0.48,189,S2,139488040.0,4678960.0,246082.0
gas_2000,25119,0.5,216,S2,139488040.0,5318320.0,246082.0
gas_2000,25119,0.52,249,S2,139488040.0,6099760.0,246082.0
gas_2000,25119,0.54,294,S2,139488040.0,7165360.0,246082.0
gas_2000,25119,0.56,354,S2,139488040.0,8586160.0,246082.0
gas_2000,25119,0.58,442,S2,139488040.0,10670000.0,246082.0
gas_2000,25119,0.6,581,S2,139488040.0,13961520.0,246082.0
gas_2000,25119,0.62,836,S2,139488040.0,19999920.0,246082.0
gas_2000,25119,0.64,1457,S2,139488040.0,34705200.0,246082.0
gas_2000,25119,0.66,5144,S2,139488040.0,122013360.0,246082.0
gas_2000,31623,0.02,18,S2,175596080.0,662200.0,246082.0
gas_2000,31623,0.04,23,S2,175596080.0,780600.0,246082.0
gas_2000,31623,0.06,26,S2,175596080.0,851640.0,246082.0
gas_2000,31623,0.08,30,S2,175596080.0,946360.0,246082.0
gas_2000,31623,0.1,33,S2,175596080.0,1017400.0,246082.0
gas_2000,31623,0.12,37,S2,175596080.0,1112120.0,246082.0
gas_2000,31623,0.14,40,S2,175596080.0,1183160.0,246082.0
gas_2000,31623,0.16,44,S2,175596080.0,1277880.0,246082.0
gas_2000,31623,0.18,48,S2,175596080.0,1372600.0,246082.0
gas_2000,31623,0.2,52,S2,175596080.0,1467320.0,246082.0
gas_2000,31623,0.22,57,S2,175596080.0,1585720.0,246082.0
gas_2000,31623,0.24,61,S2,175596080.0,1680440.0,246082.0
gas_2000,31623,0.26,67,S2,175596080.0,1822520.0,246082.0
gas_2000,31623,0.28,72,S2,175596080.0,1940920.0,246082.0
gas_2000,31623,0.3,78,S2,175596080.0,2083000.0,246082.0
gas_2000,31623,0.32,85,S2,175596080.0,2248760.0,246082.0
gas_2000,31623,0.34,93,S2,175596080.0,2438200.0,246082.0
gas_2000,31623,0.36,101,S2,175596080.0,2627640.0,246082.0
gas_2000,31623,0.38,111,S2,175596080.0,2864440.0,246082.0
gas_2000,31623,0.4,122,S2,175596080.0,3124920.0,246082.0
gas_2000,31623,0.42,135,S2,175596080.0,3432760.0,246082.0
gas_2000,31623,0.44,150,S2,175596080.0,3787960.0,246082.0
gas_2000,31623,0.46,168,S2,175596080.0,4214200.0,246082.0
gas_2000,31623,0.48,189,S2,175596080.0,4711480.0,246082.0
gas_2000,31623,0.5,216,S2,175596080.0,5350840.0,246082.0
gas_2000,31623,0.52,250,S2,175596080.0,6155960.0,246082.0
gas_2000,31623,0.54,294,S2,175596080.0,7197880.0,246082.0
gas_2000,31623,0.56,355,S2,175596080.0,8642360.0,246082.0
gas_2000,31623,0.58,443,S2,175596080.0,10726200.0,246082.0
gas_2000,31623,0.6,583,S2,175596080.0,14041400.0,246082.0
gas_2000,31623,0.62,842,S2,175596080.0,20174520.0,246082.0
gas_2000,31623,0.64,1471,S2,175596080.0,35069240.0,246082.0
gas_2000,31623,0.66,5348,S2,175596080.0,126876600.0,246082.0
gas_2000,39811,0.02,18,S2,221051440.0,727480.0,246082.0
gas_2000,39811,0.04,23,S2,221051440.0,852280.0,246082.0
gas_2000,39811,0.06,26,S2,221051440.0,927160.0,246082.0
gas_2000,39811,0.08,30,S2,221051440.0,1027000.0,246082.0
gas_2000,39811,0.1,33,S2,221051440.0,1101880.0,246082.0
gas_2000,39811,0.12,37,S2,221051440.0,1201720.0,246082.0
gas_2000,39811,0.14,40,S2,221051440.0,1276600.0,246082.0
gas_2000,39811,0.16,44,S2,221051440.0,1376440.0,246082.0
gas_2000,39811,0.18,48,S2,221051440.0,1476280.0,246082.0
gas_2000,39811,0.2,52,S2,221051440.0,1576120.0,246082.0
gas_2000,39811,0.22,57,S2,221051440.0,1700920.0,246082.0
gas_2000,39811,0.24,61,S2,221051440.0,1800760.0,246082.0
gas_2000,39811,0.26,67,S2,221051440.0,1950520.0,246082.0
gas_2000,39811,0.28,72,S2,221051440.0,2075320.0,246082.0
gas_2000,39811,0.3,78,S2,221051440.0,2225080.0,246082.0
gas_2000,39811,0.32,85,S2,221051440.0,2399800.0,246082.0
gas_2000,39811,0.34,93,S2,221051440.0,2599480.0,246082.0
gas_2000,39811,0.36,101,S2,221051440.0,2799160.0,246082.0
gas_2000,39811,0.38,111,S2,221051440.0,3048760.0,246082.0
gas_2000,39811,0.4,122,S2,221051440.0,3323320.0,246082.0
gas_2000,39811,0.42,135,S2,221051440.0,3647800.0,246082.0
gas_2000,39811,0.44,150,S2,221051440.0,4022200.0,246082.0
gas_2000,39811,0.46,168,S2,221051440.0,4471480.0,246082.0
gas_2000,39811,0.48,190,S2,221051440.0,5020600.0,246082.0
gas_2000,39811,0.5,216,S2,221051440.0,5669560.0,246082.0
gas_2000,39811,0.52,250,S2,221051440.0,6518200.0,246082.0
gas_2000,39811,0.54,295,S2,221051440.0,7641400.0,246082.0
gas_2000,39811,0.56,356,S2,221051440.0,9163960.0,246082.0
gas_2000,39811,0.58,444,S2,221051440.0,11360440.0,246082.0
gas_2000,39811,0.6,585,S2,221051440.0,14879800.0,246082.0
gas_2000,39811,0.62,845,S2,221051440.0,21369400.0,246082.0
gas_2000,39811,0.64,1484,S2,221051440.0,37318840.0,246082.0
gas_2000,39811,0.66,5521,S2,221051440.0,138082360.0,246082.0
gas_2000,50119,0.02,18,S2,278278000.0,779000.0,246082.0
gas_2000,50119,0.04,23,S2,278278000.0,903800.0,246082.0
gas_2000,50119,0.06,26,S2,278278000.0,978680.0,246082.0
gas_2000,50119,0.08,30,S2,278278000.0,1078520.0,246082.0
gas_2000,50119,0.1,33,S2,278278000.0,1153400.0,246082.0
gas_2000,50119,0.12,37,S2,278278000.0,1253240.0,246082.0
gas_2000,50119,0.14,40,S2,278278000.0,1328120.0,246082.0
gas_2000,50119,0.16,44,S2,278278000.0,1427960.0,246082.0
gas_2000,50119,0.18,48,S2,278278000.0,1527800.0,246082.0
gas_2000,50119,0.2,52,S2,278278000.0,1627640.0,246082.0
gas_2000,50119,0.22,57,S2,278278000.0,1752440.0,246082.0
gas_2000,50119,0.24,61,S2,278278000.0,1852280.0,246082.0
gas_2000,50119,0.26,67,S2,278278000.0,2002040.0,246082.0
gas_2000,50119,0.28,72,S2,278278000.0,2126840.0,246082.0
gas_2000,50119,0.3,78,S2,278278000.0,2276600.0,246082.0
gas_2000,50119,0.32,85,S2,278278000.0,2451320.0,246082.0
gas_2000,50119,0.34,93,S2,278278000.0,2651000.0,246082.0
gas_2000,50119,0.36,102,S2,278278000.0,2875640.0,246082.0
gas_2000,50119,0.38,111,S2,278278000.0,3100280.0,246082.0
gas_2000,50119,0.4,122,S2,278278000.0,3374840.0,246082.0
gas_2000,50119,0.42,135,S2,278278000.0,3699320.0,246082.0
gas_2000,50119,0.44,150,S2,278278000.0,4073720.0,246082.0
gas_2000,50119,0.46,168,S2,278278000.0,4523000.0,246082.0
gas_2000,50119,0.48,190,S2,278278000.0,5072120.0,246082.0
gas_2000,50119,0.5,217,S2,278278000.0,5746040.0,246082.0
gas_2000,50119,0.52,250,S2,278278000.0,6569720.0,246082.0
gas_2000,50119,0.54,295,S2,278278000.0,7692920.0,246082.0
gas_2000,50119,0.56,356,S2,278278000.0,9215480.0,246082.0
gas_2000,50119,0.58,445,S2,278278000.0,11436920.0,246082.0
gas_2000,50119,0.6,587,S2,278278000.0,14981240.0,246082.0
gas_2000,50119,0.62,848,S2,278278000.0,21495800.0,246082.0
gas_2000,50119,0.64,1493,S2,278278000.0,37595000.0,246082.0
gas_2000,50119,0.66,5649,S2,278278000.0,141328760.0,246082.0
gas_2000,63096,0.02,18,S2,350323680.0,843880.0,246082.0
gas_2000,63096,0.04,23,S2,350323680.0,968680.0,246082.0
gas_2000,63096,0.06,26,S2,350323680.0,1043560.0,246082.0
gas_2000,63096,0.08,30,S2,350323680.0,1143400.0,246082.0
gas_2000,63096,0.1,33,S2,350323680.0,1218280.0,246082.0
gas_2000,63096,0.12,37,S2,350323680.0,1318120.0,246082.0
gas_2000,63096,0.14,40,S2,350323680.0,1393000.0,246082.0
gas_2000,63096,0.16,44,S2,350323680.0,1492840.0,246082.0
gas_2000,63096,0.18,48,S2,350323680.0,1592680.0,246082.0
gas_2000,63096,0.2,52,S2,350323680.0,1692520.0,246082.0
gas_2000,63096,0.22,57,S2,350323680.0,1817320.0,246082.0
gas_2000,63096,0.24,61,S2,350323680.0,1917160.0,246082.0
gas_2000,63096,0.26,67,S2,350323680.0,2066920.0,246082.0
gas_2000,63096,0.28,72,S2,350323680.0,2191720.0,246082.0
gas_2000,63096,0.3,79,S2,350323680.0,2366440.0,246082.0
gas_2000,63096,0.32,85,S2,350323680.0,2516200.0,246082.0
gas_2000,63096,0.34,93,S2,350323680.0,2715880.0,246082.0
gas_2000,63096,0.36,102,S2,350323680.0,2940520.0,246082.0
gas_2000,63096,0.38,111,S2,350323680.0,3165160.0,246082.0
gas_2000,63096,0.4,122,S2,350323680.0,3439720.0,246082.0
gas_2000,63096,0.42,135,S2,350323680.0,3764200.0,246082.0
gas_2000,63096,0.44,150,S2,350323680.0,4138600.0,246082.0
gas_2000,63096,0.46,168,S2,350323680.0,4587880.0,246082.0
gas_2000,63096,0.48,190,S2,350323680.0,5137000.0,246082.0
gas_2000,63096,0.5,217,S2,350323680.0,5810920.0,246082.0
gas_2000,63096,0.52,251,S2,350323680.0,6659560.0,246082.0
gas_2000,63096,0.54,295,S2,350323680.0,7757800.0,246082.0
gas_2000,63096,0.56,357,S2,350323680.0,9305320.0,246082.0
gas_2000,63096,0.58,446,S2,350323680.0,11526760.0,246082.0
gas_2000,63096,0.6,588,S2,350323680.0,15071080.0,246082.0
gas_2000,63096,0.62,851,S2,350323680.0,21635560.0,246082.0
gas_2000,63096,0.64,1499,S2,350323680.0,37809640.0,246082.0
gas_2000,63096,0.66,5752,S2,350323680.0,143964520.0,246082.0
gas_2000,79433,0.02,18,S2,441020440.0,949920.0,246082.0
gas_2000,79433,0.04,23,S2,441020440.0,1081120.0,246082.0
gas_2000,79433,0.06,26,S2,441020440.0,1159840.0,246082.0
gas_2000,79433,0.08,30,S2,441020440.0,1264800.0,246082.0
gas_2000,79433,0.1,33,S2,441020440.0,1343520.0,246082.0
gas_2000,79433,0.12,37,S2,441020440.0,1448480.0,246082.0
gas_2000,79433,0.14,40,S2,441020440.0,1527200.0,246082.0
gas_2000,79433,0.16,44,S2,441020440.0,1632160.0,246082.0
gas_2000,79433,0.18,48,S2,441020440.0,1737120.0,246082.0
gas_2000,79433,0.2,52,S2,441020440.0,1842080.0,246082.0
gas_2000,79433,0.22,57,S2,441020440.0,1973280.0,246082.0
gas_2000,79433,0.24,61,S2,441020440.0,2078240.0,246082.0
gas_2000,79433,0.26,67,S2,441020440.0,2235680.0,246082.0
gas_2000,79433,0.28,72,S2,441020440.0,2366880.0,246082.0
gas_2000,79433,0.3,79,S2,441020440.0,2550560.0,246082.0
gas_2000,79433,0.32,85,S2,441020440.0,2708000.0,246082.0
gas_2000,79433,0.34,93,S2,441020440.0,2917920.0,246082.0
gas_2000,79433,0.36,102,S2,441020440.0,3154080.0,246082.0
gas_2000,79433,0.38,111,S2,441020440.0,3390240.0,246082.0
gas_2000,79433,0.4,122,S2,441020440.0,3678880.0,246082.0
gas_2000,79433,0.42,135,S2,441020440.0,4020000.0,246082.0
gas_2000,79433,0.44,150,S2,441020440.0,4413600.0,246082.0
gas_2000,79433,0.46,168,S2,441020440.0,4885920.0,246082.0
gas_2000,79433,0.48,190,S2,441020440.0,5463200.0,246082.0
gas_2000,79433,0.5,217,S2,441020440.0,6171680.0,246082.0
gas_2000,79433,0.52,251,S2,441020440.0,7063840.0,246082.0
gas_2000,79433,0.54,296,S2,441020440.0,8244640.0,246082.0
gas_2000,79433,0.56,357,S2,441020440.0,9845280.0,246082.0
gas_2000,79433,0.58,446,S2,441020440.0,12180640.0,246082.0
gas_2000,79433,0.6,589,S2,441020440.0,15932960.0,246082.0
gas_2000,79433,0.62,853,S2,441020440.0,22860320.0,246082.0
gas_2000,79433,0.64,1506,S2,441020440.0,39995040.0,246082.0
gas_2000,79433,0.66,5841,S2,441020440.0,153745440.0,246082.0
gas_2000,100000,0.02,18,S2,555200680.0,1052720.0,246082.0
gas_2000,100000,0.04,23,S2,555200680.0,1183920.0,246082.0
gas_2000,100000,0.06,26,S2,555200680.0,1262640.0,246082.0
gas_2000,100000,0.08,30,S2,555200680.0,1367600.0,246082.0
gas_2000,100000,0.1,33,S2,555200680.0,1446320.0,246082.0
gas_2000,100000,0.12,37,S2,555200680.0,1551280.0,246082.0
gas_2000,100000,0.14,40,S2,555200680.0,1630000.0,246082.0
gas_2000,100000,0.16,44,S2,555200680.0,1734960.0,246082.0
gas_2000,100000,0.18,48,S2,555200680.0,1839920.0,246082.0
gas_2000,100000,0.2,52,S2,555200680.0,1944880.0,246082.0
gas_2000,100000,0.22,57,S2,555200680.0,2076080.0,246082.0
gas_2000,100000,0.24,62,S2,555200680.0,2207280.0,246082.0
gas_2000,100000,0.26,67,S2,555200680.0,2338480.0,246082.0
gas_2000,100000,0.28,72,S2,555200680.0,2469680.0,246082.0
gas_2000,100000,0.3,79,S2,555200680.0,2653360.0,246082.0
gas_2000,100000,0.32,85,S2,555200680.0,2810800.0,246082.0
gas_2000,100000,0.34,93,S2,555200680.0,3020720.0,246082.0
gas_2000,100000,0.36,102,S2,555200680.0,3256880.0,246082.0
gas_2000,100000,0.38,111,S2,555200680.0,3493040.0,246082.0
gas_2000,100000,0.4,122,S2,555200680.0,3781680.0,246082.0
gas_2000,100000,0.42,135,S2,555200680.0,4122800.0,246082.0
gas_2000,100000,0.44,150,S2,555200680.0,4516400.0,246082.0
gas_2000,100000,0.46,168,S2,555200680.0,4988720.0,246082.0
gas_2000,100000,0.48,190,S2,555200680.0,5566000.0,246082.0
gas_2000,100000,0.5,217,S2,555200680.0,6274480.0,246082.0
gas_2000,100000,0.52,251,S2,555200680.0,7166640.0,246082.0
gas_2000,100000,0.54,296,S2,555200680.0,8347440.0,246082.0
gas_2000,100000,0.56,357,S2,555200680.0,9948080.0,246082.0
gas_2000,100000,0.58,447,S2,555200680.0,12309680.0,246082.0
gas_2000,100000,0.6,590,S2,555200680.0,16062000.0,246082.0
gas_2000,100000,0.62,854,S2,555200680.0,22989360.0,246082.0
gas_2000,100000,0.64,1511,S2,555200680.0,40229040.0,246082.0
gas_2000,100000,0.66,5923,S2,555200680.0,155999920.0,246082.0
gas_1e5,10,0.02,1,S2,768904.0,314996.0,246082.0
gas_1e5,10,0.04,1,S2,768904.0,314996.0,246082.0
gas_1e5,10,0.06,1,S2,768904.0,314996.0,246082.0
gas_1e5,10,0.08,1,S2,768904.0,314996.0,246082.0
gas_1e5,10,0.1,2,S2,768904.0,419046.0,246082.0
gas_1e5,10,0.12,2,S2,768904.0,419046.0,246082.0
gas_1e5,10,0.14,2,S2,768904.0,419046.0,246082.0
gas_1e5,10,0.16,2,S2,768904.0,419046.0,246082.0
gas_1e5,10,0.18,2,S2,768904.0,419046.0,246082.0
gas_1e5,10,0.2,3,S2,768904.0,523096.0,246082.0
gas_1e5,10,0.22,3,S2,768904.0,523096.0,246082.0
gas_1e5,10,0.24,3,S2,768904.0,523096.0,246082.0
gas_1e5,10,0.26,3,S2,768904.0,523096.0,246082.0
gas_1e5,10,0.28,3,S2,768904.0,523096.0,246082.0
gas_1e5,10,0.3,4,S2,768904.0,627146.0,246082.0
gas_1e5,10,0.32,4,S2,768904.0,627146.0,246082.0
gas_1e5,10,0.34,4,S2,768904.0,627146.0,246082.0
gas_1e5,10,0.36,4,S2,768904.0,627146.0,246082.0
gas_1e5,10,0.38,4,S2,768904.0,627146.0,246082.0
gas_1e5,10,0.4,5,S2,768904.0,731196.0,246082.0
gas_1e5,10,0.42,5,S2,768904.0,731196.0,246082.0
gas_1e5,10,0.44,5,S2,768904.0,731196.0,246082.0
gas_1e5,10,0.46,5,S2,768904.0,731196.0,246082.0
gas_1e5,10,0.48,5,S2,768904.0,731196.0,246082.0
gas_1e5,10,0.5,6,S2,768904.0,835246.0,246082.0
gas_1e5,10,0.52,6,S2,768904.0,835246.0,246082.0
gas_1e5,10,0.54,6,S2,768904.0,835246.0,246082.0
gas_1e5,10,0.56,6,S2,768904.0,835246.0,246082.0
gas_1e5,10,0.58,6,S2,768904.0,835246.0,246082.0
gas_1e5,10,0.6,7,S2,768904.0,939296.0,246082.0
gas_1e5,10,0.62,7,S2,768904.0,939296.0,246082.0
gas_1e5,10,0.64,7,S2,768904.0,939296.0,246082.0
gas_1e5,10,0.66,7,S2,768904.0,939296.0,246082.0
gas_1e5,13,0.02,1,S2,975680.0,314996.0,246082.0
gas_1e5,13,0.04,1,S2,975680.0,314996.0,246082.0
gas_1e5,13,0.06,1,S2,975680.0,314996.0,246082.0
gas_1e5,13,0.08,2,S2,975680.0,419046.0,246082.0
gas_1e5,13,0.1,2,S2,975680.0,419046.0,246082.0
gas_1e5,13,0.12,2,S2,975680.0,419046.0,246082.0
gas_1e5,13,0.14,2,S2,975680.0,419046.0,246082.0
gas_1e5,13,0.16,3,S2,975680.0,523096.0,246082.0
gas_1e5,13,0.18,3,S2,975680.0,523096.0,246082.0
gas_1e5,13,0.2,3,S2,975680.0,523096.0,246082.0
gas_1e5,13,0.22,3,S2,975680.0,523096.0,246082.0
gas_1e5,13,0.24,4,S2,975680.0,627146.0,246082.0
gas_1e5,13,0.26,4,S2,975680.0,627146.0,246082.0
gas_1e5,13,0.28,4,S2,975680.0,627146.0,246082.0
gas_1e5,13,0.3,4,S2,975680.0,627146.0,246082.0
gas_1e5,13,0.32,5,S2,975680.0,731196.0,246082.0
gas_1e5,13,0.34,5,S2,975680.0,731196.0,246082.0
gas_1e5,13,0.36,5,S2,975680.0,731196.0,246082.0
gas_1e5,13,0.38,5,S2,975680.0,731196.0,246082.0
gas_1e5,13,0.4,6,S2,975680.0,835246.0,246082.0
gas_1e5,13,0.42,6,S2,975680.0,835246.0,246082.0
gas_1e5,13,0.44,6,S2,975680.0,835246.0,246082.0
gas_1e5,13,0.46,6,S2,975680.0,835246.0,246082.0
gas_1e5,13,0.48,7,S2,975680.0,939296.0,246082.0
gas_1e5,13,0.5,7,S2,975680.0,939296.0,246082.0
gas_1e5,13,0.52,7,S2,975680.0,939296.0,246082.0
gas_1e5,13,0.54,8,S2,975680.0,1043346.0,246082.0
gas_1e5,13,0.56,8,S2,975680.0,1043346.0,246082.0
gas_1e5,13,0.58,8,S2,975680.0,1043346.0,246082.0
gas_1e5,13,0.6,8,S2,975680.0,1043346.0,246082.0
gas_1e5,13,0.62,9,S2,975680.0,1147396.0,246082.0
gas_1e5,13,0.64,9,S2,975680.0,1147396.0,246082.0
gas_1e5,13,0.66,9,S2,975680.0,1147396.0,246082.0
gas_1e5,16,0.02,1,S2,1182432.0,314996.0,246082.0
gas_1e5,16,0.04,1,S2,1182432.0,314996.0,246082.0
gas_1e5,16,0.06,1,S2,1182432.0,314996.0,246082.0
gas_1e5,16,0.08,2,S2,1182432.0,419046.0,246082.0
gas_1e5,16,0.1,2,S2,1182432.0,419046.0,246082.0
gas_1e5,16,0.12,2,S2,1182432.0,419046.0,246082.0
gas_1e5,16,0.14,3,S2,1182432.0,523096.0,246082.0
gas_1e5,16,0.16,3,S2,1182432.0,523096.0,246082.0
gas_1e5,16,0.18,3,S2,1182432.0,523096.0,246082.0
gas_1e5,16,0.2,4,S2,1182432.0,627146.0,246082.0
gas_1e5,16,0.22,4,S2,1182432.0,627146.0,246082.0
gas_1e5,16,0.24,4,S2,1182432.0,627146.0,246082.0
gas_1e5,16,0.26,5,S2,1182432.0,731196.0,246082.0
gas_1e5,16,0.28,5,S2,1182432.0,731196.0,246082.0
gas_1e5,16,0.3,5,S2,1182432.0,731196.0,246082.0
gas_1e5,16,0.32,6,S2,1182432.0,835246.0,246082.0
gas_1e5,16,0.34,6,S2,1182432.0,835246.0,246082.0
gas_1e5,16,0.36,6,S2,1182432.0,835246.0,246082.0
gas_1e5,16,0.38,7,S2,1182432.0,939296.0,246082.0
gas_1e5,16,0.4,7,S2,1182432.0,939296.0,246082.0
gas_1e5,16,0.42,7,S2,1182432.0,939296.0,246082.0
gas_1e5,16,0.44,8,S2,1182432.0,1043346.0,246082.0
gas_1e5,16,0.46,8,S2,1182432.0,1043346.0,246082.0
gas_1e5,16,0.48,8,S2,1182432.0,1043346.0,246082.0
gas_1e5,16,0.5,9,S2,1182432.0,1147396.0,246082.0
gas_1e5,16,0.52,9,S2,1182432.0,1147396.0,246082.0
gas_1e5,16,0.54,9,S2,1182432.0,1147396.0,246082.0
gas_1e5,16,0.56,9,S2,1182432.0,1147396.0,246082.0
gas_1e5,16,0.58,10,S2,1182432.0,1251446.0,246082.0
gas_1e5,16,0.6,10,S2,1182432.0,1251446.0,246082.0
gas_1e5,16,0.62,10,S2,1182432.0,1251446.0,246082.0
gas_1e5,16,0.64,11,S2,1182432.0,1355496.0,246082.0
gas_1e5,16,0.66,11,S2,1182432.0,1355496.0,246082.0
gas_1e5,20,0.02,1,S2,1491808.0,316120.0,246082.0
gas_1e5,20,0.04,1,S2,1491808.0,316120.0,246082.0
gas_1e5,20,0.06,2,S2,1491808.0,420724.0,246082.0
gas_1e5,20,0.08,2,S2,1491808.0,420724.0,246082.0
gas_1e5,20,0.1,3,S2,1491808.0,525328.0,246082.0
gas_1e5,20,0.12,3,S2,1491808.0,525328.0,246082.0
gas_1e5,20,0.14,3,S2,1491808.0,525328.0,246082.0
gas_1e5,20,0.16,4,S2,1491808.0,629932.0,246082.0
gas_1e5,20,0.18,4,S2,1491808.0,629932.0,246082.0
gas_1e5,20,0.2,5,S2,1491808.0,734536.0,246082.0
gas_1e5,20,0.22,5,S2,1491808.0,734536.0,246082.0
gas_1e5,20,0.24,5,S2,1491808.0,734536.0,246082.0
gas_1e5,20,0.26,6,S2,1491808.0,839140.0,246082.0
gas_1e5,20,0.28,6,S2,1491808.0,839140.0,246082.0
gas_1e5,20,0.3,7,S2,1491808.0,943744.0,246082.0
gas_1e5,20,0.32,7,S2,1491808.0,943744.0,246082.0
gas_1e5,20,0.34,7,S2,1491808.0,943744.0,246082.0
gas_1e5,20,0.36,8,S2,1491808.0,1048348.0,246082.0
gas_1e5,20,0.38,8,S2,1491808.0,1048348.0,246082.0
gas_1e5,20,0.4,9,S2,1491808.0,1152952.0,246082.0
gas_1e5,20,0.42,9,S2,1491808.0,1152952.0,246082.0
gas_1e5,20,0.44,9,S2,1491808.0,1152952.0,246082.0
gas_1e5,20,0.46,10,S2,1491808.0,1257556.0,246082.0
gas_1e5,20,0.48,10,S2,1491808.0,1257556.0,246082.0
gas_1e5,20,0.5,11,S2,1491808.0,1362160.0,246082.0
gas_1e5,20,0.52,11,S2,1491808.0,1362160.0,246082.0
gas_1e5,20,0.54,11,S2,1491808.0,1362160.0,246082.0
gas_1e5,20,0.56,12,S2,1491808.0,1466764.0,246082.0
gas_1e5,20,0.58,12,S2,1491808.0,1466764.0,246082.0
gas_1e5,20,0.6,13,S2,1491808.0,1571368.0,246082.0
gas_1e5,20,0.62,13,S2,1491808.0,1571368.0,246082.0
gas_1e5,20,0.64,13,S2,1491808.0,1571368.0,246082.0
gas_1e5,20,0.66,14,S2,1491808.0,1675972.0,246082.0
gas_1e5,25,0.02,1,S2,1802768.0,316136.0,246082.0
gas_1e5,25,0.04,2,S2,1802768.0,420740.0,246082.0
gas_1e5,25,0.06,2,S2,1802768.0,420740.0,246082.0
gas_1e5,25,0.08,3,S2,1802768.0,525344.0,246082.0
gas_1e5,25,0.1,3,S2,1802768.0,525344.0,246082.0
gas_1e5,25,0.12,4,S2,1802768.0,629948.0,246082.0
gas_1e5,25,0.14,4,S2,1802768.0,629948.0,246082.0
gas_1e5,25,0.16,5,S2,1802768.0,734552.0,246082.0
gas_1e5,25,0.18,5,S2,1802768.0,734552.0,246082.0
gas_1e5,25,0.2,6,S2,1802768.0,839156.0,246082.0
gas_1e5,25,0.22,6,S2,1802768.0,839156.0,246082.0
gas_1e5,25,0.24,7,S2,1802768.0,943760.0,246082.0
gas_1e5,25,0.26,7,S2,1802768.0,943760.0,246082.0
gas_1e5,25,0.28,8,S2,1802768.0,1048364.0,246082.0
gas_1e5,25,0.3,8,S2,1802768.0,1048364.0,246082.0
gas_1e5,25,0.32,9,S2,1802768.0,1152968.0,246082.0
gas_1e5,25,0.34,9,S2,1802768.0,1152968.0,246082.0
gas_1e5,25,0.36,10,S2,1802768.0,1257572.0,246082.0
gas_1e5,25,0.38,10,S2,1802768.0,1257572.0,246082.0
gas_1e5,25,0.4,11,S2,1802768.0,1362176.0,246082.0
gas_1e5,25,0.42,11,S2,1802768.0,1362176.0,246082.0
gas_1e5,25,0.44,12,S2,1802768.0,1466780.0,246082.0
gas_1e5,25,0.46,12,S2,1802768.0,1466780.0,246082.0
gas_1e5,25,0.48,13,S2,1802768.0,1571384.0,246082.0
gas_1e5,25,0.5,13,S2,1802768.0,1571384.0,246082.0
gas_1e5,25,0.52,14,S2,1802768.0,1675988.0,246082.0
gas_1e5,25,0.54,14,S2,1802768.0,1675988.0,246082.0
gas_1e5,25,0.56,15,S2,1802768.0,1780592.0,246082.0
gas_1e5,25,0.58,15,S2,1802768.0,1780592.0,246082.0
gas_1e5,25,0.6,16,S2,1802768.0,1885196.0,246082.0
gas_1e5,25,0.62,16,S2,1802768.0,1885196.0,246082.0
gas_1e5,25,0.64,17,S2,1802768.0,1989800.0,246082.0
gas_1e5,25,0.66,17,S2,1802768.0,1989800.0,246082.0
gas_1e5,32,0.02,1,S2,2318880.0,316136.0,246082.0
gas_1e5,32,0.04,2,S2,2318880.0,420740.0,246082.0
gas_1e5,32,0.06,2,S2,2318880.0,420740.0,246082.0
gas_1e5,32,0.08,3,S2,2318880.0,525344.0,246082.0
gas_1e5,32,0.1,4,S2,2318880.0,629948.0,246082.0
gas_1e5,32,0.12,4,S2,2318880.0,629948.0,246082.0
gas_1e5,32,0.14,5,S2,2318880.0,734552.0,246082.0
gas_1e5,32,0.16,6,S2,2318880.0,839156.0,246082.0
gas_1e5,32,0.18,6,S2,2318880.0,839156.0,246082.0
gas_1e5,32,0.2,7,S2,2318880.0,943760.0,246082.0
gas_1e5,32,0.22,8,S2,2318880.0,1048364.0,246082.0
gas_1e5,32,0.24,8,S2,2318880.0,1048364.0,246082.0
gas_1e5,32,0.26,9,S2,2318880.0,1152968.0,246082.0
gas_1e5,32,0.28,9,S2,2318880.0,1152968.0,246082.0
gas_1e5,32,0.3,10,S2,2318880.0,1257572.0,246082.0
gas_1e5,32,0.32,11,S2,2318880.0,1362176.0,246082.0
gas_1e5,32,0.34,11,S2,2318880.0,1362176.0,246082.0
gas_1e5,32,0.36,12,S2,2318880.0,1466780.0,246082.0
gas_1e5,32,0.38,13,S2,2318880.0,1571384.0,246082.0
gas_1e5,32,0.4,13,S2,2318880.0,1571384.0,246082.0
gas_1e5,32,0.42,14,S2,2318880.0,1675988.0,246082.0
gas_1e5,32,0.44,15,S2,2318880.0,1780592.0,246082.0
gas_1e5,32,0.46,15,S2,2318880.0,1780592.0,246082.0
gas_1e5,32,0.48,16,S2,2318880.0,1885196.0,246082.0
gas_1e5,32,0.5,17,S2,2318880.0,1989800.0,246082.0
gas_1e5,32,0.52,17,S2,2318880.0,1989800.0,246082.0
gas_1e5,32,0.54,18,S2,2318880.0,2094404.0,246082.0
gas_1e5,32,0.56,18,S2,2318880.0,2094404.0,246082.0
gas_1e5,32,0.58,19,S2,2318880.0,2199008.0,246082.0
gas_1e5,32,0.6,20,S2,2318880.0,2303612.0,246082.0
gas_1e5,32,0.62,20,S2,2318880.0,2303612.0,246082.0
gas_1e5,32,0.64,21,S2,2318880.0,2408216.0,246082.0
gas_1e5,32,0.66,22,S2,2318880.0,2512820.0,246082.0
gas_1e5,40,0.02,1,S2,2836592.0,317260.0,246082.0
gas_1e5,40,0.04,2,S2,2836592.0,422418.0,246082.0
gas_1e5,40,0.06,3,S2,2836592.0,527576.0,246082.0
gas_1e5,40,0.08,4,S2,2836592.0,632734.0,246082.0
gas_1e5,40,0.1,5,S2,2836592.0,737892.0,246082.0
gas_1e5,40,0.12,5,S2,2836592.0,737892.0,246082.0
gas_1e5,40,0.14,6,S2,2836592.0,843050.0,246082.0
gas_1e5,40,0.16,7,S2,2836592.0,948208.0,246082.0
gas_1e5,40,0.18,8,S2,2836592.0,1053366.0,246082.0
gas_1e5,40,0.2,9,S2,2836592.0,1158524.0,246082.0
gas_1e5,40,0.22,9,S2,2836592.0,1158524.0,246082.0
gas_1e5,40,0.24,10,S2,2836592.0,1263682.0,246082.0
gas_1e5,40,0.26,11,S2,2836592.0,1368840.0,246082.0
gas_1e5,40,0.28,12,S2,2836592.0,1473998.0,246082.0
gas_1e5,40,0.3,13,S2,2836592.0,1579156.0,246082.0
gas_1e5,40,0.32,13,S2,2836592.0,1579156.0,246082.0
gas_1e5,40,0.34,14,S2,2836592.0,1684314.0,246082.0
gas_1e5,40,0.36,15,S2,2836592.0,1789472.0,246082.0
gas_1e5,40,0.38,16,S2,2836592.0,1894630.0,246082.0
gas_1e5,40,0.4,17,S2,2836592.0,1999788.0,246082.0
gas_1e5,40,0.42,17,S2,2836592.0,1999788.0,246082.0
gas_1e5,40,0.44,18,S2,2836592.0,2104946.0,246082.0
gas_1e5,40,0.46,19,S2,2836592.0,2210104.0,246082.0
gas_1e5,40,0.48,20,S2,2836592.0,2315262.0,246082.0
gas_1e5,40,0.5,21,S2,2836592.0,2420420.0,246082.0
gas_1e5,40,0.52,21,S2,2836592.0,2420420.0,246082.0
gas_1e5,40,0.54,22,S2,2836592.0,2525578.0,246082.0
gas_1e5,40,0.56,23,S2,2836592.0,2630736.0,246082.0
gas_1e5,40,0.58,24,S2,2836592.0,2735894.0,246082.0
gas_1e5,40,0.6,25,S2,2836592.0,2841052.0,246082.0
gas_1e5,40,0.62,25,S2,2836592.0,2841052.0,246082.0
gas_1e5,40,0.64,26,S2,2836592.0,2946210.0,246082.0
gas_1e5,40,0.66,27,S2,2836592.0,3051368.0,246082.0
gas_1e5,50,0.02,2,S2,3559512.0,422450.0,246082.0
gas_1e5,50,0.04,3,S2,3559512.0,527608.0,246082.0
gas_1e5,50,0.06,4,S2,3559512.0,632766.0,246082.0
gas_1e5,50,0.08,5,S2,3559512.0,737924.0,246082.0
gas_1e5,50,0.1,6,S2,3559512.0,843082.0,246082.0
gas_1e5,50,0.12,7,S2,3559512.0,948240.0,246082.0
gas_1e5,50,0.14,8,S2,3559512.0,1053398.0,246082.0
gas_1e5,50,0.16,9,S2,3559512.0,1158556.0,246082.0
gas_1e5,50,0.18,10,S2,3559512.0,1263714.0,246082.0
gas_1e5,50,0.2,11,S2,3559512.0,1368872.0,246082.0
gas_1e5,50,0.22,12,S2,3559512.0,1474030.0,246082.0
gas_1e5,50,0.24,13,S2,3559512.0,1579188.0,246082.0
gas_1e5,50,0.26,14,S2,3559512.0,1684346.0,246082.0
gas_1e5,50,0.28,15,S2,3559512.0,1789504.0,246082.0
gas_1e5,50,0.3,16,S2,3559512.0,1894662.0,246082.0
gas_1e5,50,0.32,17,S2,3559512.0,1999820.0,246082.0
gas_1e5,50,0.34,18,S2,3559512.0,2104978.0,246082.0
gas_1e5,50,0.36,19,S2,3559512.0,2210136.0,246082.0
gas_1e5,50,0.38,20,S2,3559512.0,2315294.0,246082.0
gas_1e5,50,0.4,21,S2,3559512.0,2420452.0,246082.0
gas_1e5,50,0.42,22,S2,3559512.0,2525610.0,246082.0
gas_1e5,50,0.44,23,S2,3559512.0,2630768.0,246082.0
gas_1e5,50,0.46,24,S2,3559512.0,2735926.0,246082.0
gas_1e5,50,0.48,25,S2,3559512.0,2841084.0,246082.0
gas_1e5,50,0.5,26,S2,3559512.0,2946242.0,246082.0
gas_1e5,50,0.52,27,S2,3559512.0,3051400.0,246082.0
gas_1e5,50,0.54,28,S2,3559512.0,3156558.0,246082.0
gas_1e5,50,0.56,29,S2,3559512.0,3261716.0,246082.0
gas_1e5,50,0.58,30,S2,3559512.0,3366874.0,246082.0
gas_1e5,50,0.6,31,S2,3559512.0,3472032.0,246082.0
gas_1e5,50,0.62,32,S2,3559512.0,3577190.0,246082.0
gas_1e5,50,0.64,33,S2,3559512.0,3682348.0,246082.0
gas_1e5,50,0.66,34,S2,3559512.0,3787506.0,246082.0
gas_1e5,63,0.02,2,S2,4489192.0,422466.0,246082.0
gas_1e5,63,0.04,3,S2,4489192.0,527624.0,246082.0
gas_1e5,63,0.06,4,S2,4489192.0,632782.0,246082.0
gas_1e5,63,0.08,6,S2,4489192.0,843098.0,246082.0
gas_1e5,63,0.1,7,S2,4489192.0,948256.0,246082.0
gas_1e5,63,0.12,8,S2,4489192.0,1053414.0,246082.0
gas_1e5,63,0.14,9,S2,4489192.0,1158572.0,246082.0
gas_1e5,63,0.16,11,S2,4489192.0,1368888.0,246082.0
gas_1e5,63,0.18,12,S2,4489192.0,1474046.0,246082.0
gas_1e5,63,0.2,13,S2,4489192.0,1579204.0,246082.0
gas_1e5,63,0.22,14,S2,4489192.0,1684362.0,246082.0
gas_1e5,63,0.24,16,S2,4489192.0,1894678.0,246082.0
gas_1e5,63,0.26,17,S2,4489192.0,1999836.0,246082.0
gas_1e5,63,0.28,18,S2,4489192.0,2104994.0,246082.0
gas_1e5,63,0.3,19,S2,4489192.0,2210152.0,246082.0
gas_1e5,63,0.32,21,S2,4489192.0,2420468.0,246082.0
gas_1e5,63,0.34,22,S2,4489192.0,2525626.0,246082.0
gas_1e5,63,0.36,23,S2,4489192.0,2630784.0,246082.0
gas_1e5,63,0.38,24,S2,4489192.0,2735942.0,246082.0
gas_1e5,63,0.4,26,S2,4489192.0,2946258.0,246082.0
gas_1e5,63,0.42,27,S2,4489192.0,3051416.0,246082.0
gas_1e5,63,0.44,28,S2,4489192.0,3156574.0,246082.0
gas_1e5,63,0.46,29,S2,4489192.0,3261732.0,246082.0
gas_1e5,63,0.48,31,S2,4489192.0,3472048.0,246082.0
gas_1e5,63,0.5,32,S2,4489192.0,3577206.0,246082.0
gas_1e5,63,0.52,33,S2,4489192.0,3682364.0,246082.0
gas_1e5,63,0.54,35,S2,4489192.0,3892680.0,246082.0
gas_1e5,63,0.56,36,S2,4489192.0,3997838.0,246082.0
gas_1e5,63,0.58,37,S2,4489192.0,4102996.0,246082.0
gas_1e5,63,0.6,38,S2,4489192.0,4208154.0,246082.0
gas_1e5,63,0.62,40,S2,4489192.0,4418470.0,246082.0
gas_1e5,63,0.64,41,S2,4489192.0,4523628.0,246082.0
gas_1e5,63,0.66,42,S2,4489192.0,4628786.0,246082.0
gas_1e5,79,0.02,2,S2,5524616.0,424160.0,246082.0
gas_1e5,79,0.04,4,S2,5524616.0,635584.0,246082.0
gas_1e5,79,0.06,5,S2,5524616.0,741296.0,246082.0
gas_1e5,79,0.08,7,S2,5524616.0,952720.0,246082.0
gas_1e5,79,0.1,8,S2,5524616.0,1058432.0,246082.0
gas_1e5,79,0.12,10,S2,5524616.0,1269856.0,246082.0
gas_1e5,79,0.14,12,S2,5524616.0,1481280.0,246082.0
gas_1e5,79,0.16,13,S2,5524616.0,1586992.0,246082.0
gas_1e5,79,0.18,15,S2,5524616.0,1798416.0,246082.0
gas_1e5,79,0.2,16,S2,5524616.0,1904128.0,246082.0
gas_1e5,79,0.22,18,S2,5524616.0,2115552.0,246082.0
gas_1e5,79,0.24,19,S2,5524616.0,2221264.0,246082.0
gas_1e5,79,0.26,21,S2,5524616.0,2432688.0,246082.0
gas_1e5,79,0.28,23,S2,5524616.0,2644112.0,246082.0
gas_1e5,79,0.3,24,S2,5524616.0,2749824.0,246082.0
gas_1e5,79,0.32,26,S2,5524616.0,2961248.0,246082.0
gas_1e5,79,0.34,27,S2,5524616.0,3066960.0,246082.0
gas_1e5,79,0.36,29,S2,5524616.0,3278384.0,246082.0
gas_1e5,79,0.38,31,S2,5524616.0,3489808.0,246082.0
gas_1e5,79,0.4,32,S2,5524616.0,3595520.0,246082.0
gas_1e5,79,0.42,34,S2,5524616.0,3806944.0,246082.0
gas_1e5,79,0.44,35,S2,5524616.0,3912656.0,246082.0
gas_1e5,79,0.46,37,S2,5524616.0,4124080.0,246082.0
gas_1e5,79,0.48,38,S2,5524616.0,4229792.0,246082.0
gas_1e5,79,0.5,40,S2,5524616.0,4441216.0,246082.0
gas_1e5,79,0.52,42,S2,5524616.0,4652640.0,246082.0
gas_1e5,79,0.54,43,S2,5524616.0,4758352.0,246082.0
gas_1e5,79,0.56,45,S2,5524616.0,4969776.0,246082.0
gas_1e5,79,0.58,46,S2,5524616.0,5075488.0,246082.0
gas_1e5,79,0.6,48,S2,5524616.0,5286912.0,246082.0
gas_1e5,79,0.62,49,S2,5524616.0,5392624.0,246082.0
gas_1e5,79,0.64,51,S2,5524616.0,5604048.0,246082.0
gas_1e5,79,0.66,53,S2,5524616.0,5815472.0,246082.0
gas_1e5,100,0.02,3,S2,6972000.0,529920.0,246082.0
gas_1e5,100,0.04,5,S2,6972000.0,741344.0,246082.0
gas_1e5,100,0.06,7,S2,6972000.0,952768.0,246082.0
gas_1e5,100,0.08,9,S2,6972000.0,1164192.0,246082.0
gas_1e5,100,0.1,11,S2,6972000.0,1375616.0,246082.0
gas_1e5,100,0.12,13,S2,6972000.0,1587040.0,246082.0
gas_1e5,100,0.14,15,S2,6972000.0,1798464.0,246082.0
gas_1e5,100,0.16,17,S2,6972000.0,2009888.0,246082.0
gas_1e5,100,0.18,19,S2,6972000.0,2221312.0,246082.0
gas_1e5,100,0.2,21,S2,6972000.0,2432736.0,246082.0
gas_1e5,100,0.22,23,S2,6972000.0,2644160.0,246082.0
gas_1e5,100,0.24,25,S2,6972000.0,2855584.0,246082.0
gas_1e5,100,0.26,27,S2,6972000.0,3067008.0,246082.0
gas_1e5,100,0.28,29,S2,6972000.0,3278432.0,246082.0
gas_1e5,100,0.3,31,S2,6972000.0,3489856.0,246082.0
gas_1e5,100,0.32,33,S2,6972000.0,3701280.0,246082.0
gas_1e5,100,0.34,35,S2,6972000.0,3912704.0,246082.0
gas_1e5,100,0.36,37,S2,6972000.0,4124128.0,246082.0
gas_1e5,100,0.38,39,S2,6972000.0,4335552.0,246082.0
gas_1e5,100,0.4,41,S2,6972000.0,4546976.0,246082.0
gas_1e5,100,0.42,43,S2,6972000.0,4758400.0,246082.0
gas_1e5,100,0.44,45,S2,6972000.0,4969824.0,246082.0
gas_1e5,100,0.46,47,S2,6972000.0,5181248.0,246082.0
gas_1e5,100,0.48,49,S2,6972000.0,5392672.0,246082.0
gas_1e5,100,0.5,51,S2,6972000.0,5604096.0,246082.0
gas_1e5,100,0.52,53,S2,6972000.0,5815520.0,246082.0
gas_1e5,100,0.54,55,S2,6972000.0,6026944.0,246082.0
gas_1e5,100,0.56,57,S2,6972000.0,6238368.0,246082.0
gas_1e5,100,0.58,59,S2,6972000.0,6449792.0,246082.0
gas_1e5,100,0.6,61,S2,6972000.0,6661216.0,246082.0
gas_1e5,100,0.62,63,S2,6972000.0,6872640.0,246082.0
gas_1e5,100,0.64,65,S2,6972000.0,7084064.0,246082.0
gas_1e5,100,0.66,67,S2,6972000.0,7295488.0,246082.0
gas_1e5,126,0.02,3,S2,8831352.0,529968.0,246082.0
gas_1e5,126,0.04,6,S2,8831352.0,847104.0,246082.0
gas_1e5,126,0.06,8,S2,8831352.0,1058528.0,246082.0
gas_1e5,126,0.08,11,S2,8831352.0,1375664.0,246082.0
gas_1e5,126,0.1,13,S2,8831352.0,1587088.0,246082.0
gas_1e5,126,0.12,16,S2,8831352.0,1904224.0,246082.0
gas_1e5,126,0.14,18,S2,8831352.0,2115648.0,246082.0
gas_1e5,126,0.16,21,S2,8831352.0,2432784.0,246082.0
gas_1e5,126,0.18,23,S2,8831352.0,2644208.0,246082.0
gas_1e5,126,0.2,26,S2,8831352.0,2961344.0,246082.0
gas_1e5,126,0.22,28,S2,8831352.0,3172768.0,246082.0
gas_1e5,126,0.24,31,S2,8831352.0,3489904.0,246082.0
gas_1e5,126,0.26,33,S2,8831352.0,3701328.0,246082.0
gas_1e5,126,0.28,36,S2,8831352.0,4018464.0,246082.0
gas_1e5,126,0.3,38,S2,8831352.0,4229888.0,246082.0
gas_1e5,126,0.32,41,S2,8831352.0,4547024.0,246082.0
gas_1e5,126,0.34,43,S2,8831352.0,4758448.0,246082.0
gas_1e5,126,0.36,46,S2,8831352.0,5075584.0,246082.0
gas_1e5,126,0.38,48,S2,8831352.0,5287008.0,246082.0
gas_1e5,126,0.4,51,S2,8831352.0,5604144.0,246082.0
gas_1e5,126,0.42,53,S2,8831352.0,5815568.0,246082.0
gas_1e5,126,0.44,56,S2,8831352.0,6132704.0,246082.0
gas_1e5,126,0.46,58,S2,8831352.0,6344128.0,246082.0
gas_1e5,126,0.48,61,S2,8831352.0,6661264.0,246082.0
gas_1e5,126,0.5,64,S2,8831352.0,6978400.0,246082.0
gas_1e5,126,0.52,66,S2,8831352.0,7189824.0,246082.0
gas_1e5,126,0.54,69,S2,8831352.0,7506960.0,246082.0
gas_1e5,126,0.56,71,S2,8831352.0,7718384.0,246082.0
gas_1e5,126,0.58,74,S2,8831352.0,8035520.0,246082.0
gas_1e5,126,0.6,76,S2,8831352.0,8246944.0,246082.0
gas_1e5,126,0.62,79,S2,8831352.0,8564080.0,246082.0
gas_1e5,126,0.64,81,S2,8831352.0,8775504.0,246082.0
gas_1e5,126,0.66,84,S2,8831352.0,9092640.0,246082.0
gas_1e5,158,0.02,4,S2,11003224.0,638514.0,246082.0
gas_1e5,158,0.04,7,S2,11003224.0,957312.0,246082.0
gas_1e5,158,0.06,10,S2,11003224.0,1276110.0,246082.0
gas_1e5,158,0.08,13,S2,11003224.0,1594908.0,246082.0
gas_1e5,158,0.1,16,S2,11003224.0,1913706.0,246082.0
gas_1e5,158,0.12,19,S2,11003224.0,2232504.0,246082.0
gas_1e5,158,0.14,23,S2,11003224.0,2657568.0,246082.0
gas_1e5,158,0.16,26,S2,11003224.0,2976366.0,246082.0
gas_1e5,158,0.18,29,S2,11003224.0,3295164.0,246082.0
gas_1e5,158,0.2,32,S2,11003224.0,3613962.0,246082.0
gas_1e5,158,0.22,34,S2,11003224.0,3826494.0,246082.0
gas_1e5,158,0.24,37,S2,11003224.0,4145292.0,246082.0
gas_1e5,158,0.26,40,S2,11003224.0,4464090.0,246082.0
gas_1e5,158,0.28,43,S2,11003224.0,4782888.0,246082.0
gas_1e5,158,0.3,45,S2,11003224.0,4995420.0,246082.0
gas_1e5,158,0.32,48,S2,11003224.0,5314218.0,246082.0
gas_1e5,158,0.34,51,S2,11003224.0,5633016.0,246082.0
gas_1e5,158,0.36,54,S2,11003224.0,5951814.0,246082.0
gas_1e5,158,0.38,58,S2,11003224.0,6376878.0,246082.0
gas_1e5,158,0.4,62,S2,11003224.0,6801942.0,246082.0
gas_1e5,158,0.42,65,S2,11003224.0,7120740.0,246082.0
gas_1e5,158,0.44,68,S2,11003224.0,7439538.0,246082.0
gas_1e5,158,0.46,72,S2,11003224.0,7864602.0,246082.0
gas_1e5,158,0.48,76,S2,11003224.0,8289666.0,246082.0
gas_1e5,158,0.5,80,S2,11003224.0,8714730.0,246082.0
gas_1e5,158,0.52,83,S2,11003224.0,9033528.0,246082.0
gas_1e5,158,0.54,86,S2,11003224.0,9352326.0,246082.0
gas_1e5,158,0.56,89,S2,11003224.0,9671124.0,246082.0
gas_1e5,158,0.58,92,S2,11003224.0,9989922.0,246082.0
gas_1e5,158,0.6,95,S2,11003224.0,10308720.0,246082.0
gas_1e5,158,0.62,98,S2,11003224.0,10627518.0,246082.0
gas_1e5,158,0.64,102,S2,11003224.0,11052582.0,246082.0
gas_1e5,158,0.66,105,S2,11003224.0,11371380.0,246082.0
gas_1e5,200,0.02,5,S2,13898000.0,744860.0,246082.0
gas_1e5,200,0.04,9,S2,13898000.0,1169924.0,246082.0
gas_1e5,200,0.06,13,S2,13898000.0,1594988.0,246082.0
gas_1e5,200,0.08,17,S2,13898000.0,2020052.0,246082.0
gas_1e5,200,0.1,21,S2,13898000.0,2445116.0,246082.0
gas_1e5,200,0.12,25,S2,13898000.0,2870180.0,246082.0
gas_1e5,200,0.14,28,S2,13898000.0,3188978.0,246082.0
gas_1e5,200,0.16,30,S2,13898000.0,3401510.0,246082.0
gas_1e5,200,0.18,33,S2,13898000.0,3720308.0,246082.0
gas_1e5,200,0.2,36,S2,13898000.0,4039106.0,246082.0
gas_1e5,200,0.22,39,S2,13898000.0,4357904.0,246082.0
gas_1e5,200,0.24,42,S2,13898000.0,4676702.0,246082.0
gas_1e5,200,0.26,45,S2,13898000.0,4995500.0,246082.0
gas_1e5,200,0.28,48,S2,13898000.0,5314298.0,246082.0
gas_1e5,200,0.3,51,S2,13898000.0,5633096.0,246082.0
gas_1e5,200,0.32,55,S2,13898000.0,6058160.0,246082.0
gas_1e5,200,0.34,58,S2,13898000.0,6376958.0,246082.0
gas_1e5,200,0.36,62,S2,13898000.0,6802022.0,246082.0
gas_1e5,200,0.38,66,S2,13898000.0,7227086.0,246082.0
gas_1e5,200,0.4,71,S2,13898000.0,7758416.0,246082.0
gas_1e5,200,0.42,75,S2,13898000.0,8183480.0,246082.0
gas_1e5,200,0.44,80,S2,13898000.0,8714810.0,246082.0
gas_1e5,200,0.46,85,S2,13898000.0,9246140.0,246082.0
gas_1e5,200,0.48,91,S2,13898000.0,9883736.0,246082.0
gas_1e5,200,0.5,97,S2,13898000.0,10521332.0,246082.0
gas_1e5,200,0.52,102,S2,13898000.0,11052662.0,246082.0
gas_1e5,200,0.54,108,S2,13898000.0,11690258.0,246082.0
gas_1e5,200,0.56,113,S2,13898000.0,12221588.0,246082.0
gas_1e5,200,0.58,117,S2,13898000.0,12646652.0,246082.0
gas_1e5,200,0.6,121,S2,13898000.0,13071716.0,246082.0
gas_1e5,200,0.62,125,S2,13898000.0,13496780.0,246082.0
gas_1e5,200,0.64,129,S2,13898000.0,13921844.0,246082.0
gas_1e5,200,0.66,133,S2,13898000.0,14346908.0,246082.0
gas_1e5,251,0.02,6,S2,17413112.0,851238.0,246082.0
gas_1e5,251,0.04,11,S2,17413112.0,1382568.0,246082.0
gas_1e5,251,0.06,16,S2,17413112.0,1913898.0,246082.0
gas_1e5,251,0.08,21,S2,17413112.0,2445228.0,246082.0
gas_1e5,251,0.1,24,S2,17413112.0,2764026.0,246082.0
gas_1e5,251,0.12,27,S2,17413112.0,3082824.0,246082.0
gas_1e5,251,0.14,30,S2,17413112.0,3401622.0,246082.0
gas_1e5,251,0.16,33,S2,17413112.0,3720420.0,246082.0
gas_1e5,251,0.18,36,S2,17413112.0,4039218.0,246082.0
gas_1e5,251,0.2,39,S2,17413112.0,4358016.0,246082.0
gas_1e5,251,0.22,42,S2,17413112.0,4676814.0,246082.0
gas_1e5,251,0.24,45,S2,17413112.0,4995612.0,246082.0
gas_1e5,251,0.26,48,S2,17413112.0,5314410.0,246082.0
gas_1e5,251,0.28,52,S2,17413112.0,5739474.0,246082.0
gas_1e5,251,0.3,56,S2,17413112.0,6164538.0,246082.0
gas_1e5,251,0.32,59,S2,17413112.0,6483336.0,246082.0
gas_1e5,251,0.34,64,S2,17413112.0,7014666.0,246082.0
gas_1e5,251,0.36,68,S2,17413112.0,7439730.0,246082.0
gas_1e5,251,0.38,73,S2,17413112.0,7971060.0,246082.0
gas_1e5,251,0.4,78,S2,17413112.0,8502390.0,246082.0
gas_1e5,251,0.42,84,S2,17413112.0,9139986.0,246082.0
gas_1e5,251,0.44,90,S2,17413112.0,9777582.0,246082.0
gas_1e5,251,0.46,96,S2,17413112.0,10415178.0,246082.0
gas_1e5,251,0.48,103,S2,17413112.0,11159040.0,246082.0
gas_1e5,251,0.5,111,S2,17413112.0,12009168.0,246082.0
gas_1e5,251,0.52,119,S2,17413112.0,12859296.0,246082.0
gas_1e5,251,0.54,128,S2,17413112.0,13815690.0,246082.0
gas_1e5,251,0.56,136,S2,17413112.0,14665818.0,246082.0
gas_1e5,251,0.58,145,S2,17413112.0,15622212.0,246082.0
gas_1e5,251,0.6,151,S2,17413112.0,16259808.0,246082.0
gas_1e5,251,0.62,156,S2,17413112.0,16791138.0,246082.0
gas_1e5,251,0.64,161,S2,17413112.0,17322468.0,246082.0
gas_1e5,251,0.66,166,S2,17413112.0,17853798.0,246082.0
gas_1e5,316,0.02,7,S2,21859440.0,962064.0,246082.0
gas_1e5,316,0.04,13,S2,21859440.0,1602984.0,246082.0
gas_1e5,316,0.06,19,S2,21859440.0,2243904.0,246082.0
gas_1e5,316,0.08,23,S2,21859440.0,2671184.0,246082.0
gas_1e5,316,0.1,26,S2,21859440.0,2991644.0,246082.0
gas_1e5,316,0.12,29,S2,21859440.0,3312104.0,246082.0
gas_1e5,316,0.14,32,S2,21859440.0,3632564.0,246082.0
gas_1e5,316,0.16,35,S2,21859440.0,3953024.0,246082.0
gas_1e5,316,0.18,38,S2,21859440.0,4273484.0,246082.0
gas_1e5,316,0.2,41,S2,21859440.0,4593944.0,246082.0
gas_1e5,316,0.22,44,S2,21859440.0,4914404.0,246082.0
gas_1e5,316,0.24,48,S2,21859440.0,5341684.0,246082.0
gas_1e5,316,0.26,52,S2,21859440.0,5768964.0,246082.0
gas_1e5,316,0.28,55,S2,21859440.0,6089424.0,246082.0
gas_1e5,316,0.3,59,S2,21859440.0,6516704.0,246082.0
gas_1e5,316,0.32,64,S2,21859440.0,7050804.0,246082.0
gas_1e5,316,0.34,69,S2,21859440.0,7584904.0,246082.0
gas_1e5,316,0.36,74,S2,21859440.0,8119004.0,246082.0
gas_1e5,316,0.38,80,S2,21859440.0,8759924.0,246082.0
gas_1e5,316,0.4,85,S2,21859440.0,9294024.0,246082.0
gas_1e5,316,0.42,92,S2,21859440.0,10041764.0,246082.0
gas_1e5,316,0.44,100,S2,21859440.0,10896324.0,246082.0
gas_1e5,316,0.46,107,S2,21859440.0,11644064.0,246082.0
gas_1e5,316,0.48,116,S2,21859440.0,12605444.0,246082.0
gas_1e5,316,0.5,127,S2,21859440.0,13780464.0,246082.0
gas_1e5,316,0.52,137,S2,21859440.0,14848664.0,246082.0
gas_1e5,316,0.54,148,S2,21859440.0,16023684.0,246082.0
gas_1e5,316,0.56,160,S2,21859440.0,17305524.0,246082.0
gas_1e5,316,0.58,175,S2,21859440.0,18907824.0,246082.0
gas_1e5,316,0.6,187,S2,21859440.0,20189664.0,246082.0
gas_1e5,316,0.62,196,S2,21859440.0,21151044.0,246082.0
gas_1e5,316,0.64,203,S2,21859440.0,21898784.0,246082.0
gas_1e5,316,0.66,209,S2,21859440.0,22539704.0,246082.0
gas_1e5,398,0.02,8,S2,27544824.0,1069044.0,246082.0
gas_1e5,398,0.04,16,S2,27544824.0,1923604.0,246082.0
gas_1e5,398,0.06,21,S2,27544824.0,2457704.0,246082.0
gas_1e5,398,0.08,24,S2,27544824.0,2778164.0,246082.0
gas_1e5,398,0.1,27,S2,27544824.0,3098624.0,246082.0
gas_1e5,398,0.12,30,S2,27544824.0,3419084.0,246082.0
gas_1e5,398,0.14,34,S2,27544824.0,3846364.0,246082.0
gas_1e5,398,0.16,37,S2,27544824.0,4166824.0,246082.0
gas_1e5,398,0.18,40,S2,27544824.0,4487284.0,246082.0
gas_1e5,398,0.2,43,S2,27544824.0,4807744.0,246082.0
gas_1e5,398,0.22,47,S2,27544824.0,5235024.0,246082.0
gas_1e5,398,0.24,50,S2,27544824.0,5555484.0,246082.0
gas_1e5,398,0.26,54,S2,27544824.0,5982764.0,246082.0
gas_1e5,398,0.28,58,S2,27544824.0,6410044.0,246082.0
gas_1e5,398,0.3,63,S2,27544824.0,6944144.0,246082.0
gas_1e5,398,0.32,68,S2,27544824.0,7478244.0,246082.0
gas_1e5,398,0.34,73,S2,27544824.0,8012344.0,246082.0
gas_1e5,398,0.36,79,S2,27544824.0,8653264.0,246082.0
gas_1e5,398,0.38,85,S2,27544824.0,9294184.0,246082.0
gas_1e5,398,0.4,92,S2,27544824.0,10041924.0,246082.0
gas_1e5,398,0.42,99,S2,27544824.0,10789664.0,246082.0
gas_1e5,398,0.44,108,S2,27544824.0,11751044.0,246082.0
gas_1e5,398,0.46,117,S2,27544824.0,12712424.0,246082.0
gas_1e5,398,0.48,128,S2,27544824.0,13887444.0,246082.0
gas_1e5,398,0.5,140,S2,27544824.0,15169284.0,246082.0
gas_1e5,398,0.52,152,S2,27544824.0,16451124.0,246082.0
gas_1e5,398,0.54,167,S2,27544824.0,18053424.0,246082.0
gas_1e5,398,0.56,184,S2,27544824.0,19869364.0,246082.0
gas_1e5,398,0.58,204,S2,27544824.0,22005764.0,246082.0
gas_1e5,398,0.6,225,S2,27544824.0,24248984.0,246082.0
gas_1e5,398,0.62,244,S2,27544824.0,26278564.0,246082.0
gas_1e5,398,0.64,255,S2,27544824.0,27453584.0,246082.0
gas_1e5,398,0.66,263,S2,27544824.0,28308144.0,246082.0
gas_1e5,501,0.02,11,S2,34677616.0,1389712.0,246082.0
gas_1e5,501,0.04,18,S2,34677616.0,2137452.0,246082.0
gas_1e5,501,0.06,22,S2,34677616.0,2564732.0,246082.0
gas_1e5,501,0.08,26,S2,34677616.0,2992012.0,246082.0
gas_1e5,501,0.1,29,S2,34677616.0,3312472.0,246082.0
gas_1e5,501,0.12,32,S2,34677616.0,3632932.0,246082.0
gas_1e5,501,0.14,35,S2,34677616.0,3953392.0,246082.0
gas_1e5,501,0.16,38,S2,34677616.0,4273852.0,246082.0
gas_1e5,501,0.18,42,S2,34677616.0,4701132.0,246082.0
gas_1e5,501,0.2,45,S2,34677616.0,5021592.0,246082.0
gas_1e5,501,0.22,49,S2,34677616.0,5448872.0,246082.0
gas_1e5,501,0.24,53,S2,34677616.0,5876152.0,246082.0
gas_1e5,501,0.26,57,S2,34677616.0,6303432.0,246082.0
gas_1e5,501,0.28,61,S2,34677616.0,6730712.0,246082.0
gas_1e5,501,0.3,66,S2,34677616.0,7264812.0,246082.0
gas_1e5,501,0.32,71,S2,34677616.0,7798912.0,246082.0
gas_1e5,501,0.34,77,S2,34677616.0,8439832.0,246082.0
gas_1e5,501,0.36,83,S2,34677616.0,9080752.0,246082.0
gas_1e5,501,0.38,89,S2,34677616.0,9721672.0,246082.0
gas_1e5,501,0.4,97,S2,34677616.0,10576232.0,246082.0
gas_1e5,501,0.42,105,S2,34677616.0,11430792.0,246082.0
gas_1e5,501,0.44,115,S2,34677616.0,12498992.0,246082.0
gas_1e5,501,0.46,125,S2,34677616.0,13567192.0,246082.0
gas_1e5,501,0.48,137,S2,34677616.0,14849032.0,246082.0
gas_1e5,501,0.5,151,S2,34677616.0,16344512.0,246082.0
gas_1e5,501,0.52,167,S2,34677616.0,18053632.0,246082.0
gas_1e5,501,0.54,186,S2,34677616.0,20083212.0,246082.0
gas_1e5,501,0.56,208,S2,34677616.0,22433252.0,246082.0
gas_1e5,501,0.58,234,S2,34677616.0,25210572.0,246082.0
gas_1e5,501,0.6,264,S2,34677616.0,28415172.0,246082.0
gas_1e5,501,0.62,296,S2,34677616.0,31833412.0,246082.0
gas_1e5,501,0.64,321,S2,34677616.0,34503912.0,246082.0
gas_1e5,501,0.66,331,S2,34677616.0,35572112.0,246082.0
gas_1e5,631,0.02,13,S2,43570296.0,1611364.0,246082.0
gas_1e5,631,0.04,19,S2,43570296.0,2255608.0,246082.0
gas_1e5,631,0.06,23,S2,43570296.0,2685104.0,246082.0
gas_1e5,631,0.08,26,S2,43570296.0,3007226.0,246082.0
gas_1e5,631,0.1,30,S2,43570296.0,3436722.0,246082.0
gas_1e5,631,0.12,33,S2,43570296.0,3758844.0,246082.0
gas_1e5,631,0.14,36,S2,43570296.0,4080966.0,246082.0
gas_1e5,631,0.16,39,S2,43570296.0,4403088.0,246082.0
gas_1e5,631,0.18,43,S2,43570296.0,4832584.0,246082.0
gas_1e5,631,0.2,47,S2,43570296.0,5262080.0,246082.0
gas_1e5,631,0.22,50,S2,43570296.0,5584202.0,246082.0
gas_1e5,631,0.24,54,S2,43570296.0,6013698.0,246082.0
gas_1e5,631,0.26,59,S2,43570296.0,6550568.0,246082.0
gas_1e5,631,0.28,63,S2,43570296.0,6980064.0,246082.0
gas_1e5,631,0.3,68,S2,43570296.0,7516934.0,246082.0
gas_1e5,631,0.32,74,S2,43570296.0,8161178.0,246082.0
gas_1e5,631,0.34,80,S2,43570296.0,8805422.0,246082.0
gas_1e5,631,0.36,86,S2,43570296.0,9449666.0,246082.0
gas_1e5,631,0.38,93,S2,43570296.0,10201284.0,246082.0
gas_1e5,631,0.4,102,S2,43570296.0,11167650.0,246082.0
gas_1e5,631,0.42,111,S2,43570296.0,12134016.0,246082.0
gas_1e5,631,0.44,121,S2,43570296.0,13207756.0,246082.0
gas_1e5,631,0.46,133,S2,43570296.0,14496244.0,246082.0
gas_1e5,631,0.48,146,S2,43570296.0,15892106.0,246082.0
gas_1e5,631,0.5,163,S2,43570296.0,17717464.0,246082.0
gas_1e5,631,0.52,182,S2,43570296.0,19757570.0,246082.0
gas_1e5,631,0.54,204,S2,43570296.0,22119798.0,246082.0
gas_1e5,631,0.56,232,S2,43570296.0,25126270.0,246082.0
gas_1e5,631,0.58,264,S2,43570296.0,28562238.0,246082.0
gas_1e5,631,0.6,306,S2,43570296.0,33071946.0,246082.0
gas_1e5,631,0.62,355,S2,43570296.0,38333272.0,246082.0
gas_1e5,631,0.64,399,S2,43570296.0,43057728.0,246082.0
gas_1e5,631,0.66,417,S2,43570296.0,44990460.0,246082.0
gas_1e5,794,0.02,15,S2,54838472.0,1826448.0,246082.0
gas_1e5,794,0.04,20,S2,54838472.0,2363318.0,246082.0
gas_1e5,794,0.06,24,S2,54838472.0,2792814.0,246082.0
gas_1e5,794,0.08,27,S2,54838472.0,3114936.0,246082.0
gas_1e5,794,0.1,30,S2,54838472.0,3437058.0,246082.0
gas_1e5,794,0.12,34,S2,54838472.0,3866554.0,246082.0
gas_1e5,794,0.14,37,S2,54838472.0,4188676.0,246082.0
gas_1e5,794,0.16,40,S2,54838472.0,4510798.0,246082.0
gas_1e5,794,0.18,44,S2,54838472.0,4940294.0,246082.0
gas_1e5,794,0.2,47,S2,54838472.0,5262416.0,246082.0
gas_1e5,794,0.22,51,S2,54838472.0,5691912.0,246082.0
gas_1e5,794,0.24,56,S2,54838472.0,6228782.0,246082.0
gas_1e5,794,0.26,60,S2,54838472.0,6658278.0,246082.0
gas_1e5,794,0.28,65,S2,54838472.0,7195148.0,246082.0
gas_1e5,794,0.3,70,S2,54838472.0,7732018.0,246082.0
gas_1e5,794,0.32,76,S2,54838472.0,8376262.0,246082.0
gas_1e5,794,0.34,82,S2,54838472.0,9020506.0,246082.0
gas_1e5,794,0.36,89,S2,54838472.0,9772124.0,246082.0
gas_1e5,794,0.38,97,S2,54838472.0,10631116.0,246082.0
gas_1e5,794,0.4,105,S2,54838472.0,11490108.0,246082.0
gas_1e5,794,0.42,115,S2,54838472.0,12563848.0,246082.0
gas_1e5,794,0.44,127,S2,54838472.0,13852336.0,246082.0
gas_1e5,794,0.46,140,S2,54838472.0,15248198.0,246082.0
gas_1e5,794,0.48,155,S2,54838472.0,16858808.0,246082.0
gas_1e5,794,0.5,173,S2,54838472.0,18791540.0,246082.0
gas_1e5,794,0.52,193,S2,54838472.0,20939020.0,246082.0
gas_1e5,794,0.54,219,S2,54838472.0,23730744.0,246082.0
gas_1e5,794,0.56,251,S2,54838472.0,27166712.0,246082.0
gas_1e5,794,0.58,292,S2,54838472.0,31569046.0,246082.0
gas_1e5,794,0.6,345,S2,54838472.0,37259868.0,246082.0
gas_1e5,794,0.62,412,S2,54838472.0,44453926.0,246082.0
gas_1e5,794,0.64,489,S2,54838472.0,52721724.0,246082.0
gas_1e5,794,0.66,525,S2,54838472.0,56587188.0,246082.0
gas_1e5,1000,0.02,16,S2,69002992.0,1934222.0,246082.0
gas_1e5,1000,0.04,21,S2,69002992.0,2471092.0,246082.0
gas_1e5,1000,0.06,24,S2,69002992.0,2793214.0,246082.0
gas_1e5,1000,0.08,28,S2,69002992.0,3222710.0,246082.0
gas_1e5,1000,0.1,31,S2,69002992.0,3544832.0,246082.0
gas_1e5,1000,0.12,34,S2,69002992.0,3866954.0,246082.0
gas_1e5,1000,0.14,38,S2,69002992.0,4296450.0,246082.0
gas_1e5,1000,0.16,41,S2,69002992.0,4618572.0,246082.0
gas_1e5,1000,0.18,45,S2,69002992.0,5048068.0,246082.0
gas_1e5,1000,0.2,49,S2,69002992.0,5477564.0,246082.0
gas_1e5,1000,0.22,53,S2,69002992.0,5907060.0,246082.0
gas_1e5,1000,0.24,57,S2,69002992.0,6336556.0,246082.0
gas_1e5,1000,0.26,62,S2,69002992.0,6873426.0,246082.0
gas_1e5,1000,0.28,67,S2,69002992.0,7410296.0,246082.0
gas_1e5,1000,0.3,72,S2,69002992.0,7947166.0,246082.0
gas_1e5,1000,0.32,78,S2,69002992.0,8591410.0,246082.0
gas_1e5,1000,0.34,85,S2,69002992.0,9343028.0,246082.0
gas_1e5,1000,0.36,92,S2,69002992.0,10094646.0,246082.0
gas_1e5,1000,0.38,100,S2,69002992.0,10953638.0,246082.0
gas_1e5,1000,0.4,109,S2,69002992.0,11920004.0,246082.0
gas_1e5,1000,0.42,119,S2,69002992.0,12993744.0,246082.0
gas_1e5,1000,0.44,131,S2,69002992.0,14282232.0,246082.0
gas_1e5,1000,0.46,145,S2,69002992.0,15785468.0,246082.0
gas_1e5,1000,0.48,162,S2,69002992.0,17610826.0,246082.0
gas_1e5,1000,0.5,181,S2,69002992.0,19650932.0,246082.0
gas_1e5,1000,0.52,205,S2,69002992.0,22227908.0,246082.0
gas_1e5,1000,0.54,234,S2,69002992.0,25341754.0,246082.0
gas_1e5,1000,0.56,271,S2,69002992.0,29314592.0,246082.0
gas_1e5,1000,0.58,319,S2,69002992.0,34468544.0,246082.0
gas_1e5,1000,0.6,384,S2,69002992.0,41447854.0,246082.0
gas_1e5,1000,0.62,473,S2,69002992.0,51004140.0,246082.0
gas_1e5,1000,0.64,589,S2,69002992.0,63459524.0,246082.0
gas_1e5,1000,0.66,661,S2,69002992.0,71190452.0,246082.0
gas_1e5,1259,0.02,16,S2,86887832.0,1944168.0,246082.0
gas_1e5,1259,0.04,21,S2,86887832.0,2483808.0,246082.0
gas_1e5,1259,0.06,25,S2,86887832.0,2915520.0,246082.0
gas_1e5,1259,0.08,28,S2,86887832.0,3239304.0,246082.0
gas_1e5,1259,0.1,31,S2,86887832.0,3563088.0,246082.0
gas_1e5,1259,0.12,35,S2,86887832.0,3994800.0,246082.0
gas_1e5,1259,0.14,38,S2,86887832.0,4318584.0,246082.0
gas_1e5,1259,0.16,42,S2,86887832.0,4750296.0,246082.0
gas_1e5,1259,0.18,45,S2,86887832.0,5074080.0,246082.0
gas_1e5,1259,0.2,49,S2,86887832.0,5505792.0,246082.0
gas_1e5,1259,0.22,53,S2,86887832.0,5937504.0,246082.0
gas_1e5,1259,0.24,58,S2,86887832.0,6477144.0,246082.0
gas_1e5,1259,0.26,63,S2,86887832.0,7016784.0,246082.0
gas_1e5,1259,0.28,68,S2,86887832.0,7556424.0,246082.0
gas_1e5,1259,0.3,73,S2,86887832.0,8096064.0,246082.0
gas_1e5,1259,0.32,79,S2,86887832.0,8743632.0,246082.0
gas_1e5,1259,0.34,86,S2,86887832.0,9499128.0,246082.0
gas_1e5,1259,0.36,94,S2,86887832.0,10362552.0,246082.0
gas_1e5,1259,0.38,102,S2,86887832.0,11225976.0,246082.0
gas_1e5,1259,0.4,111,S2,86887832.0,12197328.0,246082.0
gas_1e5,1259,0.42,122,S2,86887832.0,13384536.0,246082.0
gas_1e5,1259,0.44,134,S2,86887832.0,14679672.0,246082.0
gas_1e5,1259,0.46,149,S2,86887832.0,16298592.0,246082.0
gas_1e5,1259,0.48,167,S2,86887832.0,18241296.0,246082.0
gas_1e5,1259,0.5,187,S2,86887832.0,20399856.0,246082.0
gas_1e5,1259,0.52,212,S2,86887832.0,23098056.0,246082.0
gas_1e5,1259,0.54,244,S2,86887832.0,26551752.0,246082.0
gas_1e5,1259,0.56,286,S2,86887832.0,31084728.0,246082.0
gas_1e5,1259,0.58,340,S2,86887832.0,36912840.0,246082.0
gas_1e5,1259,0.6,415,S2,86887832.0,45007440.0,246082.0
gas_1e5,1259,0.62,524,S2,86887832.0,56771592.0,246082.0
gas_1e5,1259,0.64,685,S2,86887832.0,74148000.0,246082.0
gas_1e5,1259,0.66,831,S2,86887832.0,89905488.0,246082.0
gas_1e5,1585,0.02,17,S2,109323168.0,2052752.0,246082.0
gas_1e5,1585,0.04,21,S2,109323168.0,2484464.0,246082.0
gas_1e5,1585,0.06,25,S2,109323168.0,2916176.0,246082.0
gas_1e5,1585,0.08,28,S2,109323168.0,3239960.0,246082.0
gas_1e5,1585,0.1,32,S2,109323168.0,3671672.0,246082.0
gas_1e5,1585,0.12,35,S2,109323168.0,3995456.0,246082.0
gas_1e5,1585,0.14,39,S2,109323168.0,4427168.0,246082.0
gas_1e5,1585,0.16,42,S2,109323168.0,4750952.0,246082.0
gas_1e5,1585,0.18,46,S2,109323168.0,5182664.0,246082.0
gas_1e5,1585,0.2,50,S2,109323168.0,5614376.0,246082.0
gas_1e5,1585,0.22,54,S2,109323168.0,6046088.0,246082.0
gas_1e5,1585,0.24,59,S2,109323168.0,6585728.0,246082.0
gas_1e5,1585,0.26,63,S2,109323168.0,7017440.0,246082.0
gas_1e5,1585,0.28,69,S2,109323168.0,7665008.0,246082.0
gas_1e5,1585,0.3,74,S2,109323168.0,8204648.0,246082.0
gas_1e5,1585,0.32,81,S2,109323168.0,8960144.0,246082.0
gas_1e5,1585,0.34,87,S2,109323168.0,9607712.0,246082.0
gas_1e5,1585,0.36,95,S2,109323168.0,10471136.0,246082.0
gas_1e5,1585,0.38,104,S2,109323168.0,11442488.0,246082.0
gas_1e5,1585,0.4,114,S2,109323168.0,12521768.0,246082.0
gas_1e5,1585,0.42,125,S2,109323168.0,13708976.0,246082.0
gas_1e5,1585,0.44,138,S2,109323168.0,15112040.0,246082.0
gas_1e5,1585,0.46,153,S2,109323168.0,16730960.0,246082.0
gas_1e5,1585,0.48,171,S2,109323168.0,18673664.0,246082.0
gas_1e5,1585,0.5,193,S2,109323168.0,21048080.0,246082.0
gas_1e5,1585,0.52,220,S2,109323168.0,23962136.0,246082.0
gas_1e5,1585,0.54,254,S2,109323168.0,27631688.0,246082.0
gas_1e5,1585,0.56,298,S2,109323168.0,32380520.0,246082.0
gas_1e5,1585,0.58,359,S2,109323168.0,38964128.0,246082.0
gas_1e5,1585,0.6,447,S2,109323168.0,48461792.0,246082.0
gas_1e5,1585,0.62,576,S2,109323168.0,62384504.0,246082.0
gas_1e5,1585,0.64,793,S2,109323168.0,85804880.0,246082.0
gas_1e5,1585,0.66,1047,S2,109323168.0,113218592.0,246082.0
gas_1e5,1995,0.02,17,S2,137649080.0,2053568.0,246082.0
gas_1e5,1995,0.04,22,S2,137649080.0,2593208.0,246082.0
gas_1e5,1995,0.06,25,S2,137649080.0,2916992.0,246082.0
gas_1e5,1995,0.08,29,S2,137649080.0,3348704.0,246082.0
gas_1e5,1995,0.1,32,S2,137649080.0,3672488.0,246082.0
gas_1e5,1995,0.12,36,S2,137649080.0,4104200.0,246082.0
gas_1e5,1995,0.14,39,S2,137649080.0,4427984.0,246082.0
gas_1e5,1995,0.16,43,S2,137649080.0,4859696.0,246082.0
gas_1e5,1995,0.18,46,S2,137649080.0,5183480.0,246082.0
gas_1e5,1995,0.2,50,S2,137649080.0,5615192.0,246082.0
gas_1e5,1995,0.22,55,S2,137649080.0,6154832.0,246082.0
gas_1e5,1995,0.24,59,S2,137649080.0,6586544.0,246082.0
gas_1e5,1995,0.26,64,S2,137649080.0,7126184.0,246082.0
gas_1e5,1995,0.28,69,S2,137649080.0,7665824.0,246082.0
gas_1e5,1995,0.3,75,S2,137649080.0,8313392.0,246082.0
gas_1e5,1995,0.32,81,S2,137649080.0,8960960.0,246082.0
gas_1e5,1995,0.34,89,S2,137649080.0,9824384.0,246082.0
gas_1e5,1995,0.36,96,S2,137649080.0,10579880.0,246082.0
gas_1e5,1995,0.38,105,S2,137649080.0,11551232.0,246082.0
gas_1e5,1995,0.4,115,S2,137649080.0,12630512.0,246082.0
gas_1e5,1995,0.42,127,S2,137649080.0,13925648.0,246082.0
gas_1e5,1995,0.44,140,S2,137649080.0,15328712.0,246082.0
gas_1e5,1995,0.46,156,S2,137649080.0,17055560.0,246082.0
gas_1e5,1995,0.48,175,S2,137649080.0,19106192.0,246082.0
gas_1e5,1995,0.5,197,S2,137649080.0,21480608.0,246082.0
gas_1e5,1995,0.52,226,S2,137649080.0,24610520.0,246082.0
gas_1e5,1995,0.54,262,S2,137649080.0,28495928.0,246082.0
gas_1e5,1995,0.56,309,S2,137649080.0,33568544.0,246082.0
gas_1e5,1995,0.58,375,S2,137649080.0,40691792.0,246082.0
gas_1e5,1995,0.6,471,S2,137649080.0,51052880.0,246082.0
gas_1e5,1995,0.62,618,S2,137649080.0,66918296.0,246082.0
gas_1e5,1995,0.64,885,S2,137649080.0,95735072.0,246082.0
gas_1e5,1995,0.66,1303,S2,137649080.0,140848976.0,246082.0
gas_1e5,2512,0.02,17,S2,173215072.0,2064564.0,246082.0
gas_1e5,2512,0.04,22,S2,173215072.0,2606974.0,246082.0
gas_1e5,2512,0.06,26,S2,173215072.0,3040902.0,246082.0
gas_1e5,2512,0.08,29,S2,173215072.0,3366348.0,246082.0
gas_1e5,2512,0.1,32,S2,173215072.0,3691794.0,246082.0
gas_1e5,2512,0.12,36,S2,173215072.0,4125722.0,246082.0
gas_1e5,2512,0.14,39,S2,173215072.0,4451168.0,246082.0
gas_1e5,2512,0.16,43,S2,173215072.0,4885096.0,246082.0
gas_1e5,2512,0.18,47,S2,173215072.0,5319024.0,246082.0
gas_1e5,2512,0.2,51,S2,173215072.0,5752952.0,246082.0
gas_1e5,2512,0.22,55,S2,173215072.0,6186880.0,246082.0
gas_1e5,2512,0.24,60,S2,173215072.0,6729290.0,246082.0
gas_1e5,2512,0.26,65,S2,173215072.0,7271700.0,246082.0
gas_1e5,2512,0.28,70,S2,173215072.0,7814110.0,246082.0
gas_1e5,2512,0.3,76,S2,173215072.0,8465002.0,246082.0
gas_1e5,2512,0.32,82,S2,173215072.0,9115894.0,246082.0
gas_1e5,2512,0.34,90,S2,173215072.0,9983750.0,246082.0
gas_1e5,2512,0.36,98,S2,173215072.0,10851606.0,246082.0
gas_1e5,2512,0.38,107,S2,173215072.0,11827944.0,246082.0
gas_1e5,2512,0.4,117,S2,173215072.0,12912764.0,246082.0
gas_1e5,2512,0.42,129,S2,173215072.0,14214548.0,246082.0
gas_1e5,2512,0.44,142,S2,173215072.0,15624814.0,246082.0
gas_1e5,2512,0.46,159,S2,173215072.0,17469008.0,246082.0
gas_1e5,2512,0.48,178,S2,173215072.0,19530166.0,246082.0
gas_1e5,2512,0.5,202,S2,173215072.0,22133734.0,246082.0
gas_1e5,2512,0.52,231,S2,173215072.0,25279712.0,246082.0
gas_1e5,2512,0.54,269,S2,173215072.0,29402028.0,246082.0
gas_1e5,2512,0.56,319,S2,173215072.0,34826128.0,246082.0
gas_1e5,2512,0.58,388,S2,173215072.0,42311386.0,246082.0
gas_1e5,2512,0.6,494,S2,173215072.0,53810478.0,246082.0
gas_1e5,2512,0.62,664,S2,173215072.0,72252418.0,246082.0
gas_1e5,2512,0.64,986,S2,173215072.0,107183622.0,246082.0
gas_1e5,2512,0.66,1615,S2,173215072.0,175418800.0,246082.0
gas_1e5,3162,0.02,18,S2,218082600.0,2174358.0,246082.0
gas_1e5,3162,0.04,22,S2,218082600.0,2608286.0,246082.0
gas_1e5,3162,0.06,26,S2,218082600.0,3042214.0,246082.0
gas_1e5,3162,0.08,29,S2,218082600.0,3367660.0,246082.0
gas_1e5,3162,0.1,33,S2,218082600.0,3801588.0,246082.0
gas_1e5,3162,0.12,36,S2,218082600.0,4127034.0,246082.0
gas_1e5,3162,0.14,40,S2,218082600.0,4560962.0,246082.0
gas_1e5,3162,0.16,43,S2,218082600.0,4886408.0,246082.0
gas_1e5,3162,0.18,47,S2,218082600.0,5320336.0,246082.0
gas_1e5,3162,0.2,51,S2,218082600.0,5754264.0,246082.0
gas_1e5,3162,0.22,55,S2,218082600.0,6188192.0,246082.0
gas_1e5,3162,0.24,60,S2,218082600.0,6730602.0,246082.0
gas_1e5,3162,0.26,65,S2,218082600.0,7273012.0,246082.0
gas_1e5,3162,0.28,70,S2,218082600.0,7815422.0,246082.0
gas_1e5,3162,0.3,76,S2,218082600.0,8466314.0,246082.0
gas_1e5,3162,0.32,83,S2,218082600.0,9225688.0,246082.0
gas_1e5,3162,0.34,90,S2,218082600.0,9985062.0,246082.0
gas_1e5,3162,0.36,98,S2,218082600.0,10852918.0,246082.0
gas_1e5,3162,0.38,108,S2,218082600.0,11937738.0,246082.0
gas_1e5,3162,0.4,118,S2,218082600.0,13022558.0,246082.0
gas_1e5,3162,0.42,130,S2,218082600.0,14324342.0,246082.0
gas_1e5,3162,0.44,144,S2,218082600.0,15843090.0,246082.0
gas_1e5,3162,0.46,160,S2,218082600.0,17578802.0,246082.0
gas_1e5,3162,0.48,180,S2,218082600.0,19748442.0,246082.0
gas_1e5,3162,0.5,205,S2,218082600.0,22460492.0,246082.0
gas_1e5,3162,0.52,235,S2,218082600.0,25714952.0,246082.0
gas_1e5,3162,0.54,274,S2,218082600.0,29945750.0,246082.0
gas_1e5,3162,0.56,326,S2,218082600.0,35586814.0,246082.0
gas_1e5,3162,0.58,399,S2,218082600.0,43506000.0,246082.0
gas_1e5,3162,0.6,511,S2,218082600.0,55655984.0,246082.0
gas_1e5,3162,0.62,696,S2,218082600.0,75725154.0,246082.0
gas_1e5,3162,0.64,1066,S2,218082600.0,115863494.0,246082.0
gas_1e5,3162,0.66,1959,S2,218082600.0,212737920.0,246082.0
gas_1e5,3981,0.02,18,S2,274530816.0,2175990.0,246082.0
gas_1e5,3981,0.04,22,S2,274530816.0,2609918.0,246082.0
gas_1e5,3981,0.06,26,S2,274530816.0,3043846.0,246082.0
gas_1e5,3981,0.08,29,S2,274530816.0,3369292.0,246082.0
gas_1e5,3981,0.1,33,S2,274530816.0,3803220.0,246082.0
gas_1e5,3981,0.12,36,S2,274530816.0,4128666.0,246082.0
gas_1e5,3981,0.14,40,S2,274530816.0,4562594.0,246082.0
gas_1e5,3981,0.16,43,S2,274530816.0,4888040.0,246082.0
gas_1e5,3981,0.18,47,S2,274530816.0,5321968.0,246082.0
gas_1e5,3981,0.2,51,S2,274530816.0,5755896.0,246082.0
gas_1e5,3981,0.22,56,S2,274530816.0,6298306.0,246082.0
gas_1e5,3981,0.24,60,S2,274530816.0,6732234.0,246082.0
gas_1e5,3981,0.26,65,S2,274530816.0,7274644.0,246082.0
gas_1e5,3981,0.28,71,S2,274530816.0,7925536.0,246082.0
gas_1e5,3981,0.3,77,S2,274530816.0,8576428.0,246082.0
gas_1e5,3981,0.32,83,S2,274530816.0,9227320.0,246082.0
gas_1e5,3981,0.34,91,S2,274530816.0,10095176.0,246082.0
gas_1e5,3981,0.36,99,S2,274530816.0,10963032.0,246082.0
gas_1e5,3981,0.38,108,S2,274530816.0,11939370.0,246082.0
gas_1e5,3981,0.4,119,S2,274530816.0,13132672.0,246082.0
gas_1e5,3981,0.42,131,S2,274530816.0,14434456.0,246082.0
gas_1e5,3981,0.44,145,S2,274530816.0,15953204.0,246082.0
gas_1e5,3981,0.46,162,S2,274530816.0,17797398.0,246082.0
gas_1e5,3981,0.48,182,S2,274530816.0,19967038.0,246082.0
gas_1e5,3981,0.5,207,S2,274530816.0,22679088.0,246082.0
gas_1e5,3981,0.52,238,S2,274530816.0,26042030.0,246082.0
gas_1e5,3981,0.54,278,S2,274530816.0,30381310.0,246082.0
gas_1e5,3981,0.56,332,S2,274530816.0,36239338.0,246082.0
gas_1e5,3981,0.58,408,S2,274530816.0,44483970.0,246082.0
gas_1e5,3981,0.6,525,S2,274530816.0,57176364.0,246082.0
gas_1e5,3981,0.62,727,S2,274530816.0,79089728.0,246082.0
gas_1e5,3981,0.64,1142,S2,274530816.0,124109758.0,246082.0
gas_1e5,3981,0.66,2357,S2,274530816.0,255915388.0,246082.0
gas_1e5,5012,0.02,18,S2,345557088.0,2188580.0,246082.0
gas_1e5,5012,0.04,22,S2,345557088.0,2624724.0,246082.0
gas_1e5,5012,0.06,26,S2,345557088.0,3060868.0,246082.0
gas_1e5,5012,0.08,29,S2,345557088.0,3387976.0,246082.0
gas_1e5,5012,0.1,33,S2,345557088.0,3824120.0,246082.0
gas_1e5,5012,0.12,36,S2,345557088.0,4151228.0,246082.0
gas_1e5,5012,0.14,40,S2,345557088.0,4587372.0,246082.0
gas_1e5,5012,0.16,44,S2,345557088.0,5023516.0,246082.0
gas_1e5,5012,0.18,47,S2,345557088.0,5350624.0,246082.0
gas_1e5,5012,0.2,52,S2,345557088.0,5895804.0,246082.0
gas_1e5,5012,0.22,56,S2,345557088.0,6331948.0,246082.0
gas_1e5,5012,0.24,61,S2,345557088.0,6877128.0,246082.0
gas_1e5,5012,0.26,66,S2,345557088.0,7422308.0,246082.0
gas_1e5,5012,0.28,71,S2,345557088.0,7967488.0,246082.0
gas_1e5,5012,0.3,77,S2,345557088.0,8621704.0,246082.0
gas_1e5,5012,0.32,84,S2,345557088.0,9384956.0,246082.0
gas_1e5,5012,0.34,91,S2,345557088.0,10148208.0,246082.0
gas_1e5,5012,0.36,100,S2,345557088.0,11129532.0,246082.0
gas_1e5,5012,0.38,109,S2,345557088.0,12110856.0,246082.0
gas_1e5,5012,0.4,120,S2,345557088.0,13310252.0,246082.0
gas_1e5,5012,0.42,132,S2,345557088.0,14618684.0,246082.0
gas_1e5,5012,0.44,146,S2,345557088.0,16145188.0,246082.0
gas_1e5,5012,0.46,163,S2,345557088.0,17998800.0,246082.0
gas_1e5,5012,0.48,184,S2,345557088.0,20288556.0,246082.0
gas_1e5,5012,0.5,209,S2,345557088.0,23014456.0,246082.0
gas_1e5,5012,0.52,241,S2,345557088.0,26503608.0,246082.0
gas_1e5,5012,0.54,282,S2,345557088.0,30974084.0,246082.0
gas_1e5,5012,0.56,337,S2,345557088.0,36971064.0,246082.0
gas_1e5,5012,0.58,416,S2,345557088.0,45584908.0,246082.0
gas_1e5,5012,0.6,539,S2,345557088.0,58996336.0,246082.0
gas_1e5,5012,0.62,752,S2,345557088.0,82221004.0,246082.0
gas_1e5,5012,0.64,1212,S2,345557088.0,132377564.0,246082.0
gas_1e5,5012,0.66,2766,S2,345557088.0,301819508.0,246082.0
gas_1e5,6310,0.02,18,S2,434985896.0,2191172.0,246082.0
gas_1e5,6310,0.04,22,S2,434985896.0,2627316.0,246082.0
gas_1e5,6310,0.06,26,S2,434985896.0,3063460.0,246082.0
gas_1e5,6310,0.08,30,S2,434985896.0,3499604.0,246082.0
gas_1e5,6310,0.1,33,S2,434985896.0,3826712.0,246082.0
gas_1e5,6310,0.12,36,S2,434985896.0,4153820.0,246082.0
gas_1e5,6310,0.14,40,S2,434985896.0,4589964.0,246082.0
gas_1e5,6310,0.16,44,S2,434985896.0,5026108.0,246082.0
gas_1e5,6310,0.18,48,S2,434985896.0,5462252.0,246082.0
gas_1e5,6310,0.2,52,S2,434985896.0,5898396.0,246082.0
gas_1e5,6310,0.22,56,S2,434985896.0,6334540.0,246082.0
gas_1e5,6310,0.24,61,S2,434985896.0,6879720.0,246082.0
gas_1e5,6310,0.26,66,S2,434985896.0,7424900.0,246082.0
gas_1e5,6310,0.28,71,S2,434985896.0,7970080.0,246082.0
gas_1e5,6310,0.3,78,S2,434985896.0,8733332.0,246082.0
gas_1e5,6310,0.32,84,S2,434985896.0,9387548.0,246082.0
gas_1e5,6310,0.34,92,S2,434985896.0,10259836.0,246082.0
gas_1e5,6310,0.36,100,S2,434985896.0,11132124.0,246082.0
gas_1e5,6310,0.38,109,S2,434985896.0,12113448.0,246082.0
gas_1e5,6310,0.4,120,S2,434985896.0,13312844.0,246082.0
gas_1e5,6310,0.42,133,S2,434985896.0,14730312.0,246082.0
gas_1e5,6310,0.44,147,S2,434985896.0,16256816.0,246082.0
gas_1e5,6310,0.46,165,S2,434985896.0,18219464.0,246082.0
gas_1e5,6310,0.48,185,S2,434985896.0,20400184.0,246082.0
gas_1e5,6310,0.5,211,S2,434985896.0,23235120.0,246082.0
gas_1e5,6310,0.52,243,S2,434985896.0,26724272.0,246082.0
gas_1e5,6310,0.54,285,S2,434985896.0,31303784.0,246082.0
gas_1e5,6310,0.56,342,S2,434985896.0,37518836.0,246082.0
gas_1e5,6310,0.58,423,S2,434985896.0,46350752.0,246082.0
gas_1e5,6310,0.6,550,S2,434985896.0,60198324.0,246082.0
gas_1e5,6310,0.62,774,S2,434985896.0,84622388.0,246082.0
gas_1e5,6310,0.64,1273,S2,434985896.0,139031352.0,246082.0
gas_1e5,6310,0.66,3205,S2,434985896.0,349688904.0,246082.0
gas_1e5,7943,0.02,18,S2,547571384.0,2194436.0,246082.0
gas_1e5,7943,0.04,22,S2,547571384.0,2630580.0,246082.0
gas_1e5,7943,0.06,26,S2,547571384.0,3066724.0,246082.0
gas_1e5,7943,0.08,30,S2,547571384.0,3502868.0,246082.0
gas_1e5,7943,0.1,33,S2,547571384.0,3829976.0,246082.0
gas_1e5,7943,0.12,37,S2,547571384.0,4266120.0,246082.0
gas_1e5,7943,0.14,40,S2,547571384.0,4593228.0,246082.0
gas_1e5,7943,0.16,44,S2,547571384.0,5029372.0,246082.0
gas_1e5,7943,0.18,48,S2,547571384.0,5465516.0,246082.0
gas_1e5,7943,0.2,52,S2,547571384.0,5901660.0,246082.0
gas_1e5,7943,0.22,56,S2,547571384.0,6337804.0,246082.0
gas_1e5,7943,0.24,61,S2,547571384.0,6882984.0,246082.0
gas_1e5,7943,0.26,66,S2,547571384.0,7428164.0,246082.0
gas_1e5,7943,0.28,72,S2,547571384.0,8082380.0,246082.0
gas_1e5,7943,0.3,78,S2,547571384.0,8736596.0,246082.0
gas_1e5,7943,0.32,84,S2,547571384.0,9390812.0,246082.0
gas_1e5,7943,0.34,92,S2,547571384.0,10263100.0,246082.0
gas_1e5,7943,0.36,100,S2,547571384.0,11135388.0,246082.0
gas_1e5,7943,0.38,110,S2,547571384.0,12225748.0,246082.0
gas_1e5,7943,0.4,121,S2,547571384.0,13425144.0,246082.0
gas_1e5,7943,0.42,133,S2,547571384.0,14733576.0,246082.0
gas_1e5,7943,0.44,148,S2,547571384.0,16369116.0,246082.0
gas_1e5,7943,0.46,165,S2,547571384.0,18222728.0,246082.0
gas_1e5,7943,0.48,186,S2,547571384.0,20512484.0,246082.0
gas_1e5,7943,0.5,212,S2,547571384.0,23347420.0,246082.0
gas_1e5,7943,0.52,245,S2,547571384.0,26945608.0,246082.0
gas_1e5,7943,0.54,287,S2,547571384.0,31525120.0,246082.0
gas_1e5,7943,0.56,345,S2,547571384.0,37849208.0,246082.0
gas_1e5,7943,0.58,428,S2,547571384.0,46899196.0,246082.0
gas_1e5,7943,0.6,558,S2,547571384.0,61073876.0,246082.0
gas_1e5,7943,0.62,789,S2,547571384.0,86261192.0,246082.0
gas_1e5,7943,0.64,1318,S2,547571384.0,143941236.0,246082.0
gas_1e5,7943,0.66,3610,S2,547571384.0,393851748.0,246082.0
gas_1e5,10000,0.02,18,S2,689312992.0,2209074.0,246082.0
gas_1e5,10000,0.04,22,S2,689312992.0,2647434.0,246082.0
gas_1e5,10000,0.06,26,S2,689312992.0,3085794.0,246082.0
gas_1e5,10000,0.08,30,S2,689312992.0,3524154.0,246082.0
gas_1e5,10000,0.1,33,S2,689312992.0,3852924.0,246082.0
gas_1e5,10000,0.12,37,S2,689312992.0,4291284.0,246082.0
gas_1e5,10000,0.14,40,S2,689312992.0,4620054.0,246082.0
gas_1e5,10000,0.16,44,S2,689312992.0,5058414.0,246082.0
gas_1e5,10000,0.18,48,S2,689312992.0,5496774.0,246082.0
gas_1e5,10000,0.2,52,S2,689312992.0,5935134.0,246082.0
gas_1e5,10000,0.22,56,S2,689312992.0,6373494.0,246082.0
gas_1e5,10000,0.24,61,S2,689312992.0,6921444.0,246082.0
gas_1e5,10000,0.26,66,S2,689312992.0,7469394.0,246082.0
gas_1e5,10000,0.28,72,S2,689312992.0,8126934.0,246082.0
gas_1e5,10000,0.3,78,S2,689312992.0,8784474.0,246082.0
gas_1e5,10000,0.32,85,S2,689312992.0,9551604.0,246082.0
gas_1e5,10000,0.34,92,S2,689312992.0,10318734.0,246082.0
gas_1e5,10000,0.36,101,S2,689312992.0,11305044.0,246082.0
gas_1e5,10000,0.38,110,S2,689312992.0,12291354.0,246082.0
gas_1e5,10000,0.4,121,S2,689312992.0,13496844.0,246082.0
gas_1e5,10000,0.42,134,S2,689312992.0,14921514.0,246082.0
gas_1e5,10000,0.44,149,S2,689312992.0,16565364.0,246082.0
gas_1e5,10000,0.46,166,S2,689312992.0,18428394.0,246082.0
gas_1e5,10000,0.48,187,S2,689312992.0,20729784.0,246082.0
gas_1e5,10000,0.5,213,S2,689312992.0,23579124.0,246082.0
gas_1e5,10000,0.52,246,S2,689312992.0,27195594.0,246082.0
gas_1e5,10000,0.54,289,S2,689312992.0,31907964.0,246082.0
gas_1e5,10000,0.56,348,S2,689312992.0,38373774.0,246082.0
gas_1e5,10000,0.58,433,S2,689312992.0,47688924.0,246082.0
gas_1e5,10000,0.6,566,S2,689312992.0,62264394.0,246082.0
gas_1e5,10000,0.62,805,S2,689312992.0,88456404.0,246082.0
gas_1e5,10000,0.64,1362,S2,689312992.0,149498034.0,246082.0
gas_1e5,10000,0.66,4020,S2,689312992.0,440788254.0,246082.0
gas_1e5,12589,0.02,18,S2,867755520.0,2214258.0,246082.0
gas_1e5,12589,0.04,23,S2,867755520.0,2762208.0,246082.0
gas_1e5,12589,0.06,26,S2,867755520.0,3090978.0,246082.0
gas_1e5,12589,0.08,30,S2,867755520.0,3529338.0,246082.0
gas_1e5,12589,0.1,33,S2,867755520.0,3858108.0,246082.0
gas_1e5,12589,0.12,37,S2,867755520.0,4296468.0,246082.0
gas_1e5,12589,0.14,40,S2,867755520.0,4625238.0,246082.0
gas_1e5,12589,0.16,44,S2,867755520.0,5063598.0,246082.0
gas_1e5,12589,0.18,48,S2,867755520.0,5501958.0,246082.0
gas_1e5,12589,0.2,52,S2,867755520.0,5940318.0,246082.0
gas_1e5,12589,0.22,56,S2,867755520.0,6378678.0,246082.0
gas_1e5,12589,0.24,61,S2,867755520.0,6926628.0,246082.0
gas_1e5,12589,0.26,66,S2,867755520.0,7474578.0,246082.0
gas_1e5,12589,0.28,72,S2,867755520.0,8132118.0,246082.0
gas_1e5,12589,0.3,78,S2,867755520.0,8789658.0,246082.0
gas_1e5,12589,0.32,85,S2,867755520.0,9556788.0,246082.0
gas_1e5,12589,0.34,92,S2,867755520.0,10323918.0,246082.0
gas_1e5,12589,0.36,101,S2,867755520.0,11310228.0,246082.0
gas_1e5,12589,0.38,110,S2,867755520.0,12296538.0,246082.0
gas_1e5,12589,0.4,121,S2,867755520.0,13502028.0,246082.0
gas_1e5,12589,0.42,134,S2,867755520.0,14926698.0,246082.0
gas_1e5,12589,0.44,149,S2,867755520.0,16570548.0,246082.0
gas_1e5,12589,0.46,167,S2,867755520.0,18543168.0,246082.0
gas_1e5,12589,0.48,188,S2,867755520.0,20844558.0,246082.0
gas_1e5,12589,0.5,214,S2,867755520.0,23693898.0,246082.0
gas_1e5,12589,0.52,247,S2,867755520.0,27310368.0,246082.0
gas_1e5,12589,0.54,291,S2,867755520.0,32132328.0,246082.0
gas_1e5,12589,0.56,350,S2,867755520.0,38598138.0,246082.0
gas_1e5,12589,0.58,436,S2,867755520.0,48022878.0,246082.0
gas_1e5,12589,0.6,571,S2,867755520.0,62817528.0,246082.0
gas_1e5,12589,0.62,815,S2,867755520.0,89557488.0,246082.0
gas_1e5,12589,0.64,1390,S2,867755520.0,152571738.0,246082.0
gas_1e5,12589,0.66,4343,S2,867755520.0,476191008.0,246082.0
gas_1e5,15849,0.02,18,S2,1092512944.0,2220786.0,246082.0
gas_1e5,15849,0.04,23,S2,1092512944.0,2768736.0,246082.0
gas_1e5,15849,0.06,26,S2,1092512944.0,3097506.0,246082.0
gas_1e5,15849,0.08,30,S2,1092512944.0,3535866.0,246082.0
gas_1e5,15849,0.1,33,S2,1092512944.0,3864636.0,246082.0
gas_1e5,15849,0.12,37,S2,1092512944.0,4302996.0,246082.0
gas_1e5,15849,0.14,40,S2,1092512944.0,4631766.0,246082.0
gas_1e5,15849,0.16,44,S2,1092512944.0,5070126.0,246082.0
gas_1e5,15849,0.18,48,S2,1092512944.0,5508486.0,246082.0
gas_1e5,15849,0.2,52,S2,1092512944.0,5946846.0,246082.0
gas_1e5,15849,0.22,56,S2,1092512944.0,6385206.0,246082.0
gas_1e5,15849,0.24,61,S2,1092512944.0,6933156.0,246082.0
gas_1e5,15849,0.26,66,S2,1092512944.0,7481106.0,246082.0
gas_1e5,15849,0.28,72,S2,1092512944.0,8138646.0,246082.0
gas_1e5,15849,0.3,78,S2,1092512944.0,8796186.0,246082.0
gas_1e5,15849,0.32,85,S2,1092512944.0,9563316.0,246082.0
gas_1e5,15849,0.34,93,S2,1092512944.0,10440036.0,246082.0
gas_1e5,15849,0.36,101,S2,1092512944.0,11316756.0,246082.0
gas_1e5,15849,0.38,111,S2,1092512944.0,12412656.0,246082.0
gas_1e5,15849,0.4,122,S2,1092512944.0,13618146.0,246082.0
gas_1e5,15849,0.42,134,S2,1092512944.0,14933226.0,246082.0
gas_1e5,15849,0.44,149,S2,1092512944.0,16577076.0,246082.0
gas_1e5,15849,0.46,167,S2,1092512944.0,18549696.0,246082.0
gas_1e5,15849,0.48,188,S2,1092512944.0,20851086.0,246082.0
gas_1e5,15849,0.5,215,S2,1092512944.0,23810016.0,246082.0
gas_1e5,15849,0.52,248,S2,1092512944.0,27426486.0,246082.0
gas_1e5,15849,0.54,292,S2,1092512944.0,32248446.0,246082.0
gas_1e5,15849,0.56,351,S2,1092512944.0,38714256.0,246082.0
gas_1e5,15849,0.58,438,S2,1092512944.0,48248586.0,246082.0
gas_1e5,15849,0.6,575,S2,1092512944.0,63262416.0,246082.0
gas_1e5,15849,0.62,823,S2,1092512944.0,90440736.0,246082.0
gas_1e5,15849,0.64,1417,S2,1092512944.0,155537196.0,246082.0
gas_1e5,15849,0.66,4645,S2,1092512944.0,509293716.0,246082.0
gas_1e5,19953,0.02,18,S2,1375374304.0,2239520.0,246082.0
gas_1e5,19953,0.04,23,S2,1375374304.0,2790240.0,246082.0
gas_1e5,19953,0.06,26,S2,1375374304.0,3120672.0,246082.0
gas_1e5,19953,0.08,30,S2,1375374304.0,3561248.0,246082.0
gas_1e5,19953,0.1,33,S2,1375374304.0,3891680.0,246082.0
gas_1e5,19953,0.12,37,S2,1375374304.0,4332256.0,246082.0
gas_1e5,19953,0.14,40,S2,1375374304.0,4662688.0,246082.0
gas_1e5,19953,0.16,44,S2,1375374304.0,5103264.0,246082.0
gas_1e5,19953,0.18,48,S2,1375374304.0,5543840.0,246082.0
gas_1e5,19953,0.2,52,S2,1375374304.0,5984416.0,246082.0
gas_1e5,19953,0.22,57,S2,1375374304.0,6535136.0,246082.0
gas_1e5,19953,0.24,61,S2,1375374304.0,6975712.0,246082.0
gas_1e5,19953,0.26,66,S2,1375374304.0,7526432.0,246082.0
gas_1e5,19953,0.28,72,S2,1375374304.0,8187296.0,246082.0
gas_1e5,19953,0.3,78,S2,1375374304.0,8848160.0,246082.0
gas_1e5,19953,0.32,85,S2,1375374304.0,9619168.0,246082.0
gas_1e5,19953,0.34,93,S2,1375374304.0,10500320.0,246082.0
gas_1e5,19953,0.36,101,S2,1375374304.0,11381472.0,246082.0
gas_1e5,19953,0.38,111,S2,1375374304.0,12482912.0,246082.0
gas_1e5,19953,0.4,122,S2,1375374304.0,13694496.0,246082.0
gas_1e5,19953,0.42,135,S2,1375374304.0,15126368.0,246082.0
gas_1e5,19953,0.44,150,S2,1375374304.0,16778528.0,246082.0
gas_1e5,19953,0.46,167,S2,1375374304.0,18650976.0,246082.0
gas_1e5,19953,0.48,189,S2,1375374304.0,21074144.0,246082.0
gas_1e5,19953,0.5,215,S2,1375374304.0,23937888.0,246082.0
gas_1e5,19953,0.52,249,S2,1375374304.0,27682784.0,246082.0
gas_1e5,19953,0.54,293,S2,1375374304.0,32529120.0,246082.0
gas_1e5,19953,0.56,353,S2,1375374304.0,39137760.0,246082.0
gas_1e5,19953,0.58,440,S2,1375374304.0,48720288.0,246082.0
gas_1e5,19953,0.6,578,S2,1375374304.0,63920160.0,246082.0
gas_1e5,19953,0.62,830,S2,1375374304.0,91676448.0,246082.0
gas_1e5,19953,0.64,1438,S2,1375374304.0,158644000.0,246082.0
gas_1e5,19953,0.66,4898,S2,1375374304.0,539742240.0,246082.0
gas_1e5,25119,0.02,18,S2,1731432232.0,2249840.0,246082.0
gas_1e5,25119,0.04,23,S2,1731432232.0,2800560.0,246082.0
gas_1e5,25119,0.06,26,S2,1731432232.0,3130992.0,246082.0
gas_1e5,25119,0.08,30,S2,1731432232.0,3571568.0,246082.0
gas_1e5,25119,0.1,33,S2,1731432232.0,3902000.0,246082.0
gas_1e5,25119,0.12,37,S2,1731432232.0,4342576.0,246082.0
gas_1e5,25119,0.14,40,S2,1731432232.0,4673008.0,246082.0
gas_1e5,25119,0.16,44,S2,1731432232.0,5113584.0,246082.0
gas_1e5,25119,0.18,48,S2,1731432232.0,5554160.0,246082.0
gas_1e5,25119,0.2,52,S2,1731432232.0,5994736.0,246082.0
gas_1e5,25119,0.22,57,S2,1731432232.0,6545456.0,246082.0
gas_1e5,25119,0.24,61,S2,1731432232.0,6986032.0,246082.0
gas_1e5,25119,0.26,67,S2,1731432232.0,7646896.0,246082.0
gas_1e5,25119,0.28,72,S2,1731432232.0,8197616.0,246082.0
gas_1e5,25119,0.3,78,S2,1731432232.0,8858480.0,246082.0
gas_1e5,25119,0.32,85,S2,1731432232.0,9629488.0,246082.0
gas_1e5,25119,0.34,93,S2,1731432232.0,10510640.0,246082.0
gas_1e5,25119,0.36,101,S2,1731432232.0,11391792.0,246082.0
gas_1e5,25119,0.38,111,S2,1731432232.0,12493232.0,246082.0
gas_1e5,25119,0.4,122,S2,1731432232.0,13704816.0,246082.0
gas_1e5,25119,0.42,135,S2,1731432232.0,15136688.0,246082.0
gas_1e5,25119,0.44,150,S2,1731432232.0,16788848.0,246082.0
gas_1e5,25119,0.46,168,S2,1731432232.0,18771440.0,246082.0
gas_1e5,25119,0.48,189,S2,1731432232.0,21084464.0,246082.0
gas_1e5,25119,0.5,216,S2,1731432232.0,24058352.0,246082.0
gas_1e5,25119,0.52,249,S2,1731432232.0,27693104.0,246082.0
gas_1e5,25119,0.54,294,S2,1731432232.0,32649584.0,246082.0
gas_1e5,25119,0.56,354,S2,1731432232.0,39258224.0,246082.0
gas_1e5,25119,0.58,442,S2,1731432232.0,48950896.0,246082.0
gas_1e5,25119,0.6,581,S2,1731432232.0,64260912.0,246082.0
gas_1e5,25119,0.62,836,S2,1731432232.0,92347632.0,246082.0
gas_1e5,25119,0.64,1457,S2,1731432232.0,160747056.0,246082.0
gas_1e5,25119,0.66,5144,S2,1731432232.0,566847984.0,246082.0
gas_1e5,31623,0.02,18,S2,2179709592.0,2262848.0,246082.0
gas_1e5,31623,0.04,23,S2,2179709592.0,2813568.0,246082.0
gas_1e5,31623,0.06,26,S2,2179709592.0,3144000.0,246082.0
gas_1e5,31623,0.08,30,S2,2179709592.0,3584576.0,246082.0
gas_1e5,31623,0.1,33,S2,2179709592.0,3915008.0,246082.0
gas_1e5,31623,0.12,37,S2,2179709592.0,4355584.0,246082.0
gas_1e5,31623,0.14,40,S2,2179709592.0,4686016.0,246082.0
gas_1e5,31623,0.16,44,S2,2179709592.0,5126592.0,246082.0
gas_1e5,31623,0.18,48,S2,2179709592.0,5567168.0,246082.0
gas_1e5,31623,0.2,52,S2,2179709592.0,6007744.0,246082.0
gas_1e5,31623,0.22,57,S2,2179709592.0,6558464.0,246082.0
gas_1e5,31623,0.24,61,S2,2179709592.0,6999040.0,246082.0
gas_1e5,31623,0.26,67,S2,2179709592.0,7659904.0,246082.0
gas_1e5,31623,0.28,72,S2,2179709592.0,8210624.0,246082.0
gas_1e5,31623,0.3,78,S2,2179709592.0,8871488.0,246082.0
gas_1e5,31623,0.32,85,S2,2179709592.0,9642496.0,246082.0
gas_1e5,31623,0.34,93,S2,2179709592.0,10523648.0,246082.0
gas_1e5,31623,0.36,101,S2,2179709592.0,11404800.0,246082.0
gas_1e5,31623,0.38,111,S2,2179709592.0,12506240.0,246082.0
gas_1e5,31623,0.4,122,S2,2179709592.0,13717824.0,246082.0
gas_1e5,31623,0.42,135,S2,2179709592.0,15149696.0,246082.0
gas_1e5,31623,0.44,150,S2,2179709592.0,16801856.0,246082.0
gas_1e5,31623,0.46,168,S2,2179709592.0,18784448.0,246082.0
gas_1e5,31623,0.48,189,S2,2179709592.0,21097472.0,246082.0
gas_1e5,31623,0.5,216,S2,2179709592.0,24071360.0,246082.0
gas_1e5,31623,0.52,250,S2,2179709592.0,27816256.0,246082.0
gas_1e5,31623,0.54,294,S2,2179709592.0,32662592.0,246082.0
gas_1e5,31623,0.56,355,S2,2179709592.0,39381376.0,246082.0
gas_1e5,31623,0.58,443,S2,2179709592.0,49074048.0,246082.0
gas_1e5,31623,0.6,583,S2,2179709592.0,64494208.0,246082.0
gas_1e5,31623,0.62,842,S2,2179709592.0,93021504.0,246082.0
gas_1e5,31623,0.64,1471,S2,2179709592.0,162302080.0,246082.0
gas_1e5,31623,0.66,5348,S2,2179709592.0,589330368.0,246082.0
gas_1e5,39811,0.02,18,S2,2743986504.0,2290764.0,246082.0
gas_1e5,39811,0.04,23,S2,2743986504.0,2844254.0,246082.0
gas_1e5,39811,0.06,26,S2,2743986504.0,3176348.0,246082.0
gas_1e5,39811,0.08,30,S2,2743986504.0,3619140.0,246082.0
gas_1e5,39811,0.1,33,S2,2743986504.0,3951234.0,246082.0
gas_1e5,39811,0.12,37,S2,2743986504.0,4394026.0,246082.0
gas_1e5,39811,0.14,40,S2,2743986504.0,4726120.0,246082.0
gas_1e5,39811,0.16,44,S2,2743986504.0,5168912.0,246082.0
gas_1e5,39811,0.18,48,S2,2743986504.0,5611704.0,246082.0
gas_1e5,39811,0.2,52,S2,2743986504.0,6054496.0,246082.0
gas_1e5,39811,0.22,57,S2,2743986504.0,6607986.0,246082.0
gas_1e5,39811,0.24,61,S2,2743986504.0,7050778.0,246082.0
gas_1e5,39811,0.26,67,S2,2743986504.0,7714966.0,246082.0
gas_1e5,39811,0.28,72,S2,2743986504.0,8268456.0,246082.0
gas_1e5,39811,0.3,78,S2,2743986504.0,8932644.0,246082.0
gas_1e5,39811,0.32,85,S2,2743986504.0,9707530.0,246082.0
gas_1e5,39811,0.34,93,S2,2743986504.0,10593114.0,246082.0
gas_1e5,39811,0.36,101,S2,2743986504.0,11478698.0,246082.0
gas_1e5,39811,0.38,111,S2,2743986504.0,12585678.0,246082.0
gas_1e5,39811,0.4,122,S2,2743986504.0,13803356.0,246082.0
gas_1e5,39811,0.42,135,S2,2743986504.0,15242430.0,246082.0
gas_1e5,39811,0.44,150,S2,2743986504.0,16902900.0,246082.0
gas_1e5,39811,0.46,168,S2,2743986504.0,18895464.0,246082.0
gas_1e5,39811,0.48,190,S2,2743986504.0,21330820.0,246082.0
gas_1e5,39811,0.5,216,S2,2743986504.0,24208968.0,246082.0
gas_1e5,39811,0.52,250,S2,2743986504.0,27972700.0,246082.0
gas_1e5,39811,0.54,295,S2,2743986504.0,32954110.0,246082.0
gas_1e5,39811,0.56,356,S2,2743986504.0,39706688.0,246082.0
gas_1e5,39811,0.58,444,S2,2743986504.0,49448112.0,246082.0
gas_1e5,39811,0.6,585,S2,2743986504.0,65056530.0,246082.0
gas_1e5,39811,0.62,845,S2,2743986504.0,93838010.0,246082.0
gas_1e5,39811,0.64,1484,S2,2743986504.0,164574032.0,246082.0
gas_1e5,39811,0.66,5521,S2,2743986504.0,611461858.0,246082.0
gas_1e5,50119,0.02,18,S2,3454448216.0,2342284.0,246082.0
gas_1e5,50119,0.04,23,S2,3454448216.0,2895774.0,246082.0
gas_1e5,50119,0.06,26,S2,3454448216.0,3227868.0,246082.0
gas_1e5,50119,0.08,30,S2,3454448216.0,3670660.0,246082.0
gas_1e5,50119,0.1,33,S2,3454448216.0,4002754.0,246082.0
gas_1e5,50119,0.12,37,S2,3454448216.0,4445546.0,246082.0
gas_1e5,50119,0.14,40,S2,3454448216.0,4777640.0,246082.0
gas_1e5,50119,0.16,44,S2,3454448216.0,5220432.0,246082.0
gas_1e5,50119,0.18,48,S2,3454448216.0,5663224.0,246082.0
gas_1e5,50119,0.2,52,S2,3454448216.0,6106016.0,246082.0
gas_1e5,50119,0.22,57,S2,3454448216.0,6659506.0,246082.0
gas_1e5,50119,0.24,61,S2,3454448216.0,7102298.0,246082.0
gas_1e5,50119,0.26,67,S2,3454448216.0,7766486.0,246082.0
gas_1e5,50119,0.28,72,S2,3454448216.0,8319976.0,246082.0
gas_1e5,50119,0.3,78,S2,3454448216.0,8984164.0,246082.0
gas_1e5,50119,0.32,85,S2,3454448216.0,9759050.0,246082.0
gas_1e5,50119,0.34,93,S2,3454448216.0,10644634.0,246082.0
gas_1e5,50119,0.36,102,S2,3454448216.0,11640916.0,246082.0
gas_1e5,50119,0.38,111,S2,3454448216.0,12637198.0,246082.0
gas_1e5,50119,0.4,122,S2,3454448216.0,13854876.0,246082.0
gas_1e5,50119,0.42,135,S2,3454448216.0,15293950.0,246082.0
gas_1e5,50119,0.44,150,S2,3454448216.0,16954420.0,246082.0
gas_1e5,50119,0.46,168,S2,3454448216.0,18946984.0,246082.0
gas_1e5,50119,0.48,190,S2,3454448216.0,21382340.0,246082.0
gas_1e5,50119,0.5,217,S2,3454448216.0,24371186.0,246082.0
gas_1e5,50119,0.52,250,S2,3454448216.0,28024220.0,246082.0
gas_1e5,50119,0.54,295,S2,3454448216.0,33005630.0,246082.0
gas_1e5,50119,0.56,356,S2,3454448216.0,39758208.0,246082.0
gas_1e5,50119,0.58,445,S2,3454448216.0,49610330.0,246082.0
gas_1e5,50119,0.6,587,S2,3454448216.0,65329446.0,246082.0
gas_1e5,50119,0.62,848,S2,3454448216.0,94221624.0,246082.0
gas_1e5,50119,0.64,1493,S2,3454448216.0,165621834.0,246082.0
gas_1e5,50119,0.66,5649,S2,3454448216.0,625682722.0,246082.0
gas_1e5,63096,0.02,18,S2,4348933648.0,2407164.0,246082.0
gas_1e5,63096,0.04,23,S2,4348933648.0,2960654.0,246082.0
gas_1e5,63096,0.06,26,S2,4348933648.0,3292748.0,246082.0
gas_1e5,63096,0.08,30,S2,4348933648.0,3735540.0,246082.0
gas_1e5,63096,0.1,33,S2,4348933648.0,4067634.0,246082.0
gas_1e5,63096,0.12,37,S2,4348933648.0,4510426.0,246082.0
gas_1e5,63096,0.14,40,S2,4348933648.0,4842520.0,246082.0
gas_1e5,63096,0.16,44,S2,4348933648.0,5285312.0,246082.0
gas_1e5,63096,0.18,48,S2,4348933648.0,5728104.0,246082.0
gas_1e5,63096,0.2,52,S2,4348933648.0,6170896.0,246082.0
gas_1e5,63096,0.22,57,S2,4348933648.0,6724386.0,246082.0
gas_1e5,63096,0.24,61,S2,4348933648.0,7167178.0,246082.0
gas_1e5,63096,0.26,67,S2,4348933648.0,7831366.0,246082.0
gas_1e5,63096,0.28,72,S2,4348933648.0,8384856.0,246082.0
gas_1e5,63096,0.3,79,S2,4348933648.0,9159742.0,246082.0
gas_1e5,63096,0.32,85,S2,4348933648.0,9823930.0,246082.0
gas_1e5,63096,0.34,93,S2,4348933648.0,10709514.0,246082.0
gas_1e5,63096,0.36,102,S2,4348933648.0,11705796.0,246082.0
gas_1e5,63096,0.38,111,S2,4348933648.0,12702078.0,246082.0
gas_1e5,63096,0.4,122,S2,4348933648.0,13919756.0,246082.0
gas_1e5,63096,0.42,135,S2,4348933648.0,15358830.0,246082.0
gas_1e5,63096,0.44,150,S2,4348933648.0,17019300.0,246082.0
gas_1e5,63096,0.46,168,S2,4348933648.0,19011864.0,246082.0
gas_1e5,63096,0.48,190,S2,4348933648.0,21447220.0,246082.0
gas_1e5,63096,0.5,217,S2,4348933648.0,24436066.0,246082.0
gas_1e5,63096,0.52,251,S2,4348933648.0,28199798.0,246082.0
gas_1e5,63096,0.54,295,S2,4348933648.0,33070510.0,246082.0
gas_1e5,63096,0.56,357,S2,4348933648.0,39933786.0,246082.0
gas_1e5,63096,0.58,446,S2,4348933648.0,49785908.0,246082.0
gas_1e5,63096,0.6,588,S2,4348933648.0,65505024.0,246082.0
gas_1e5,63096,0.62,851,S2,4348933648.0,94618598.0,246082.0
gas_1e5,63096,0.64,1499,S2,4348933648.0,166350902.0,246082.0
gas_1e5,63096,0.66,5752,S2,4348933648.0,637149496.0,246082.0
gas_1e5,79433,0.02,18,S2,5474900496.0,2500136.0,246082.0
gas_1e5,79433,0.04,23,S2,5474900496.0,3056396.0,246082.0
gas_1e5,79433,0.06,26,S2,5474900496.0,3390152.0,246082.0
gas_1e5,79433,0.08,30,S2,5474900496.0,3835160.0,246082.0
gas_1e5,79433,0.1,33,S2,5474900496.0,4168916.0,246082.0
gas_1e5,79433,0.12,37,S2,5474900496.0,4613924.0,246082.0
gas_1e5,79433,0.14,40,S2,5474900496.0,4947680.0,246082.0
gas_1e5,79433,0.16,44,S2,5474900496.0,5392688.0,246082.0
gas_1e5,79433,0.18,48,S2,5474900496.0,5837696.0,246082.0
gas_1e5,79433,0.2,52,S2,5474900496.0,6282704.0,246082.0
gas_1e5,79433,0.22,57,S2,5474900496.0,6838964.0,246082.0
gas_1e5,79433,0.24,61,S2,5474900496.0,7283972.0,246082.0
gas_1e5,79433,0.26,67,S2,5474900496.0,7951484.0,246082.0
gas_1e5,79433,0.28,72,S2,5474900496.0,8507744.0,246082.0
gas_1e5,79433,0.3,79,S2,5474900496.0,9286508.0,246082.0
gas_1e5,79433,0.32,85,S2,5474900496.0,9954020.0,246082.0
gas_1e5,79433,0.34,93,S2,5474900496.0,10844036.0,246082.0
gas_1e5,79433,0.36,102,S2,5474900496.0,11845304.0,246082.0
gas_1e5,79433,0.38,111,S2,5474900496.0,12846572.0,246082.0
gas_1e5,79433,0.4,122,S2,5474900496.0,14070344.0,246082.0
gas_1e5,79433,0.42,135,S2,5474900496.0,15516620.0,246082.0
gas_1e5,79433,0.44,150,S2,5474900496.0,17185400.0,246082.0
gas_1e5,79433,0.46,168,S2,5474900496.0,19187936.0,246082.0
gas_1e5,79433,0.48,190,S2,5474900496.0,21635480.0,246082.0
gas_1e5,79433,0.5,217,S2,5474900496.0,24639284.0,246082.0
gas_1e5,79433,0.52,251,S2,5474900496.0,28421852.0,246082.0
gas_1e5,79433,0.54,296,S2,5474900496.0,33428192.0,246082.0
gas_1e5,79433,0.56,357,S2,5474900496.0,40214564.0,246082.0
gas_1e5,79433,0.58,446,S2,5474900496.0,50115992.0,246082.0
gas_1e5,79433,0.6,589,S2,5474900496.0,66025028.0,246082.0
gas_1e5,79433,0.62,853,S2,5474900496.0,95395556.0,246082.0
gas_1e5,79433,0.64,1506,S2,5474900496.0,168043112.0,246082.0
gas_1e5,79433,0.66,5841,S2,5474900496.0,650320532.0,246082.0
gas_1e5,100000,0.02,18,S2,6892412992.0,2602936.0,246082.0
gas_1e5,100000,0.04,23,S2,6892412992.0,3159196.0,246082.0
gas_1e5,100000,0.06,26,S2,6892412992.0,3492952.0,246082.0
gas_1e5,100000,0.08,30,S2,6892412992.0,3937960.0,246082.0
gas_1e5,100000,0.1,33,S2,6892412992.0,4271716.0,246082.0
gas_1e5,100000,0.12,37,S2,6892412992.0,4716724.0,246082.0
gas_1e5,100000,0.14,40,S2,6892412992.0,5050480.0,246082.0
gas_1e5,100000,0.16,44,S2,6892412992.0,5495488.0,246082.0
gas_1e5,100000,0.18,48,S2,6892412992.0,5940496.0,246082.0
gas_1e5,100000,0.2,52,S2,6892412992.0,6385504.0,246082.0
gas_1e5,100000,0.22,57,S2,6892412992.0,6941764.0,246082.0
gas_1e5,100000,0.24,62,S2,6892412992.0,7498024.0,246082.0
gas_1e5,100000,0.26,67,S2,6892412992.0,8054284.0,246082.0
gas_1e5,100000,0.28,72,S2,6892412992.0,8610544.0,246082.0
gas_1e5,100000,0.3,79,S2,6892412992.0,9389308.0,246082.0
gas_1e5,100000,0.32,85,S2,6892412992.0,10056820.0,246082.0
gas_1e5,100000,0.34,93,S2,6892412992.0,10946836.0,246082.0
gas_1e5,100000,0.36,102,S2,6892412992.0,11948104.0,246082.0
gas_1e5,100000,0.38,111,S2,6892412992.0,12949372.0,246082.0
gas_1e5,100000,0.4,122,S2,6892412992.0,14173144.0,246082.0
gas_1e5,100000,0.42,135,S2,6892412992.0,15619420.0,246082.0
gas_1e5,100000,0.44,150,S2,6892412992.0,17288200.0,246082.0
gas_1e5,100000,0.46,168,S2,6892412992.0,19290736.0,246082.0
gas_1e5,100000,0.48,190,S2,6892412992.0,21738280.0,246082.0
gas_1e5,100000,0.5,217,S2,6892412992.0,24742084.0,246082.0
gas_1e5,100000,0.52,251,S2,6892412992.0,28524652.0,246082.0
gas_1e5,100000,0.54,296,S2,6892412992.0,33530992.0,246082.0
gas_1e5,100000,0.56,357,S2,6892412992.0,40317364.0,246082.0
gas_1e5,100000,0.58,447,S2,6892412992.0,50330044.0,246082.0
gas_1e5,100000,0.6,590,S2,6892412992.0,66239080.0,246082.0
gas_1e5,100000,0.62,854,S2,6892412992.0,95609608.0,246082.0
gas_1e5,100000,0.64,1511,S2,6892412992.0,168702172.0,246082.0
gas_1e5,100000,0.66,5923,S2,6892412992.0,659545996.0,246082.0
